data,apy_pct,tvl_usd,il7d,apy_base,apy_reward
2022-05-03,3.6,11074372760,,3.6,
2022-05-04,3.6,11744709791,,3.6,
2022-05-05,3.6,11008298772,,3.6,
2022-05-06,3.5,10974211995,,3.5,
2022-05-07,3.5,10736517627,,3.5,
2022-05-08,3.6,10375445969,,3.6,
2022-05-09,3.5,9406769875,,3.5,
2022-05-10,3.6,9506069560,,3.6,
2022-05-11,3.6,8714550420,,3.6,
2022-05-12,3.6,7857787286,,3.6,
2022-05-13,3.6,8459868374,,3.6,
2022-05-14,3.6,8307436489,,3.6,
2022-05-15,3.7,8869252957,,3.7,
2022-05-16,3.7,8406513502,,3.7,
2022-05-17,3.7,8601108016,,3.7,
2022-05-18,3.8,8072321130,,3.8,
2022-05-19,3.8,8305322669,,3.8,
2022-05-20,3.8,8110663532,,3.8,
2022-05-21,3.8,8093785039,,3.8,
2022-05-22,3.9,8299480469,,3.9,
2022-05-23,3.9,8130648910,,3.9,
2022-05-24,4.0,8144177342,,4.0,
2022-05-25,4.0,8076696769,,4.0,
2022-05-26,4.0,7549047867,,4.0,
2022-05-27,4.0,7162858310,,4.0,
2022-05-28,4.0,7329191226,,4.0,
2022-05-29,4.0,7403372675,,4.0,
2022-05-30,4.0,8190730072,,4.0,
2022-05-31,4.0,8040565588,,4.0,
2022-06-01,4.0,7457563960,,4.0,
2022-06-02,4.0,7529727017,,4.0,
2022-06-03,4.0,7361895607,,4.0,
2022-06-04,4.0,7371970157,,4.0,
2022-06-05,4.0,7462010533,,4.0,
2022-06-06,4.0,7693058781,,4.0,
2022-06-07,4.0,7602537682,,4.0,
2022-06-08,4.0,7423014605,,4.0,
2022-06-09,4.0,7365761144,,4.0,
2022-06-10,4.0,6693572071,,4.0,
2022-06-11,4.0,6292245541,,4.0,
2022-06-12,4.0,6013418620,,4.0,
2022-06-13,4.0,5020855492,,4.0,
2022-06-14,4.0,4739191219,,4.0,
2022-06-15,4.0,4881295771,,4.0,
2022-06-16,4.0,4394576092,,4.0,
2022-06-17,4.0,4282944265,,4.0,
2022-06-18,4.0,3874088251,,4.0,
2022-06-19,3.9,4520906774,,3.9,
2022-06-20,4.0,4367053109,,4.0,
2022-06-21,4.0,4507593430,,4.0,
2022-06-22,4.0,4217562775,,4.0,
2022-06-23,4.0,4567417615,,4.0,
2022-06-24,4.0,5021163436,,4.0,
2022-06-25,4.0,5081069509,,4.0,
2022-06-26,4.0,5004523357,,4.0,
2022-06-27,3.9,4955876828,,3.9,
2022-06-28,4.0,4732321593,,4.0,
2022-06-29,4.0,4539445148,,4.0,
2022-06-30,4.0,4210439330,,4.0,
2022-07-01,3.9,4359975792,,3.9,
2022-07-02,4.0,4380939233,,4.0,
2022-07-03,3.9,4409746992,,3.9,
2022-07-04,3.9,4680798883,,3.9,
2022-07-05,3.9,4713828842,,3.9,
2022-07-06,3.9,4837109739,,3.9,
2022-07-07,4.0,5106471304,,4.0,
2022-07-08,4.0,5099925900,,4.0,
2022-07-09,4.0,5033724248,,4.0,
2022-07-10,4.0,4808943414,,4.0,
2022-07-11,4.0,4591925326,,4.0,
2022-07-12,4.0,4263669067,,4.0,
2022-07-13,3.9,4443090874,,3.9,
2022-07-14,3.9,4842711111,,3.9,
2022-07-15,3.9,5139344218,,3.9,
2022-07-16,4.0,5555425744,,4.0,
2022-07-17,3.9,5625899824,,3.9,
2022-07-18,3.9,6263863454,,3.9,
2022-07-19,3.9,6518463985,,3.9,
2022-07-20,3.9,6472259510,,3.9,
2022-07-21,3.9,6607042649,,3.9,
2022-07-22,3.9,6416905210,,3.9,
2022-07-23,3.9,6353671405,,3.9,
2022-07-24,3.9,6761689534,,3.9,
2022-07-25,3.9,6240665157,,3.9,
2022-07-26,4.0,5865846166,,4.0,
2022-07-27,3.9,6777984956,,3.9,
2022-07-28,4.0,7232897604,,4.0,
2022-07-29,3.9,7174806109,,3.9,
2022-07-30,3.9,6977484593,,3.9,
2022-07-31,3.9,7014586564,,3.9,
2022-08-01,3.9,6724669519,,3.9,
2022-08-02,3.9,6890613466,,3.9,
2022-08-03,3.9,6776873887,,3.9,
2022-08-04,3.9,6713444566,,3.9,
2022-08-05,3.9,6908542490,,3.9,
2022-08-06,3.9,7458717544,,3.9,
2022-08-07,3.9,7217877591,,3.9,
2022-08-08,3.9,7304205552,,3.9,
2022-08-09,3.9,6995633859,,3.9,
2022-08-10,3.9,7634852552,,3.9,
2022-08-11,3.9,7843828625,,3.9,
2022-08-12,3.9,8011739284,,3.9,
2022-08-13,3.9,8303910199,,3.9,
2022-08-14,3.9,8098077400,,3.9,
2022-08-15,3.9,7960091878,,3.9,
2022-08-16,3.9,7812960907,,3.9,
2022-08-17,3.9,7684345027,,3.9,
2022-08-18,3.9,7788872430,,3.9,
2022-08-19,3.9,6860332450,,3.9,
2022-08-20,3.9,6583547617,,3.9,
2022-08-21,3.9,6683229695,,3.9,
2022-08-22,3.9,6580044165,,3.9,
2022-08-23,3.9,6909594160,,3.9,
2022-08-24,3.9,6948100964,,3.9,
2022-08-25,3.9,7123541693,,3.9,
2022-08-26,3.8,6488054486,,3.8,
2022-08-27,3.9,6177416420,,3.9,
2022-08-28,3.9,6114311812,,3.9,
2022-08-29,3.9,6443174944,,3.9,
2022-08-30,3.9,6427031104,,3.9,
2022-08-31,3.9,6576566695,,3.9,
2022-09-01,3.9,6612139651,,3.9,
2022-09-02,3.9,6580468626,,3.9,
2022-09-03,3.9,6469124569,,3.9,
2022-09-04,3.9,6542640230,,3.9,
2022-09-05,3.9,6643226253,,3.9,
2022-09-06,3.8,6520763538,,3.8,
2022-09-07,3.5,6763332373,,3.5,
2022-09-08,3.8,6786851272,,3.8,
2022-09-09,3.8,7168583666,,3.8,
2022-09-10,3.8,7351359379,,3.8,
2022-09-11,3.8,7286655809,,3.8,
2022-09-12,3.8,7192081392,,3.8,
2022-09-13,3.8,6632054366,,3.8,
2022-09-14,3.8,6698034102,,3.8,
2022-09-15,4.0,6383348324,,4.0,
2022-09-16,5.5,6152550787,,5.5,
2022-09-17,4.8,6248868873,,4.8,
2022-09-18,4.6,5723155462,,4.6,
2022-09-19,5.3,5932865782,,5.3,
2022-09-20,4.9,5697552372,,4.9,
2022-09-21,5.3,5300665049,,5.3,
2022-09-22,5.2,5677021743,,5.2,
2022-09-23,5.0,5762440019,,5.0,
2022-09-24,5.0,5715230579,,5.0,
2022-09-25,4.7,5616952047,,4.7,
2022-09-26,5.1,5749704257,,5.1,
2022-09-27,5.5,5776603773,,5.5,
2022-09-28,5.6,5843639254,,5.6,
2022-09-29,5.4,5843185343,,5.4,
2022-09-30,5.6,5801648031,,5.6,
2022-10-01,5.4,5751410711,,5.4,
2022-10-02,5.1,5716507295,,5.1,
2022-10-03,5.2,5773325745,,5.2,
2022-10-04,5.0,5952964141,,5.0,
2022-10-05,5.3,5920188192,,5.3,
2022-10-06,5.7,5943018896,,5.7,
2022-10-07,5.0,5854806263,,5.0,
2022-10-08,5.8,5760214894,,5.8,
2022-10-09,4.7,5805945106,,4.7,
2022-10-10,5.0,5682810416,,5.0,
2022-10-11,5.2,5634787546,,5.2,
2022-10-12,4.9,5726380785,,4.9,
2022-10-13,5.1,5702727849,,5.1,
2022-10-14,6.2,5696341566,,6.2,
2022-10-15,5.0,5630081851,,5.0,
2022-10-16,5.0,5785844872,,5.0,
2022-10-17,5.0,5874054170,,5.0,
2022-10-18,5.9,5811321656,,5.9,
2022-10-19,5.5,5743039452,,5.5,
2022-10-20,6.3,5700698685,,6.3,
2022-10-21,5.7,5785676210,,5.7,
2022-10-22,5.6,5863410016,,5.6,
2022-10-23,5.0,6018734656,,5.0,
2022-10-24,5.0,6022969192,,5.0,
2022-10-25,5.0,6625011130,,5.0,
2022-10-26,6.1,7016639524,,6.1,
2022-10-27,5.8,6923039371,,5.8,
2022-10-28,5.4,7102693764,,5.4,
2022-10-29,5.3,7467958839,,5.3,
2022-10-30,5.3,7351125624,,5.3,
2022-10-31,5.0,7210064108,,5.0,
2022-11-01,5.3,7325844573,,5.3,
2022-11-02,5.3,7054992160,,5.3,
2022-11-03,5.8,7159502067,,5.8,
2022-11-04,6.2,7673028495,,6.2,
2022-11-05,5.3,7645207753,,5.3,
2022-11-06,4.6,7535123379,,4.6,
2022-11-07,5.0,7438152760,,5.0,
2022-11-08,5.9,6202171997,,5.9,
2022-11-09,5.9,5180491530,,5.9,
2022-11-10,6.9,6177737971,,6.9,
2022-11-11,6.9,5916676591,,6.9,
2022-11-12,6.9,5847547893,,6.9,
2022-11-13,10.2,5705998188,,10.2,
2022-11-14,10.2,5718763865,,10.2,
2022-11-15,10.1,5830867018,,10.1,
2022-11-16,9.7,5660194496,,9.7,
2022-11-17,5.5,5667059854,,5.5,
2022-11-18,5.2,5662140339,,5.2,
2022-11-19,4.8,5732534871,,4.8,
2022-11-20,5.3,5419250524,,5.3,
2022-11-21,5.3,5274056690,,5.3,
2022-11-22,5.4,5293241478,,5.4,
2022-11-23,6.3,5481722310,,6.3,
2022-11-24,4.9,5578991151,,4.9,
2022-11-25,4.9,5617013869,,4.9,
2022-11-26,7.7,5666576564,,7.7,
2022-11-27,4.4,5702807364,,4.4,
2022-11-28,5.0,5517604288,,5.0,
2022-11-29,4.8,5759108457,,4.8,
2022-11-30,4.7,6084415198,,4.7,
2022-12-01,4.8,6026474714,,4.8,
2022-12-02,5.0,6101101000,,5.0,
2022-12-03,4.6,5882960738,,4.6,
2022-12-04,4.6,6036426806,,4.6,
2022-12-05,4.4,5944511613,,4.4,
2022-12-06,4.5,5923663119,,4.5,
2022-12-07,4.7,5827050199,,4.7,
2022-12-08,5.0,6049820121,,5.0,
2022-12-09,4.8,5974703310,,4.8,
2022-12-10,4.5,6028613481,,4.5,
2022-12-11,4.1,6012390465,,4.1,
2022-12-12,4.7,6053352028,,4.7,
2022-12-13,4.8,6265841246,,4.8,
2022-12-14,4.9,6225856615,,4.9,
2022-12-15,4.7,6023963845,,4.7,
2022-12-16,5.0,5685196904,,5.0,
2022-12-17,5.4,5607159373,,5.4,
2022-12-18,4.6,5631285759,,4.6,
2022-12-19,4.3,5605513021,,4.3,
2022-12-20,4.9,5795643490,,4.9,
2022-12-21,4.5,5793974294,,4.5,
2022-12-22,4.8,5798852544,,4.8,
2022-12-23,5.4,5826358459,,5.4,
2022-12-24,4.3,5824037691,,4.3,
2022-12-25,4.0,5800184754,,4.0,
2022-12-26,4.4,5819302332,,4.4,
2022-12-27,4.4,5789730094,,4.4,
2022-12-28,4.6,5669249698,,4.6,
2022-12-29,4.3,5718227732,,4.3,
2022-12-30,4.3,5737019199,,4.3,
2022-12-31,4.5,5722356688,,4.5,
2023-01-01,4.2,5741314254,,4.2,
2023-01-02,4.4,5832839417,,4.4,
2023-01-03,4.6,5798284845,,4.6,
2023-01-04,4.9,5998752856,,4.9,
2023-01-05,5.5,6002995483,,5.5,
2023-01-06,4.5,6072713110,,4.5,
2023-01-07,4.5,6083815367,,4.5,
2023-01-08,4.2,6101687202,,4.2,
2023-01-09,5.2,6371375334,,5.2,
2023-01-10,4.7,6450965311,,4.7,
2023-01-11,4.4,6481266893,,4.4,
2023-01-12,5.3,6850557186,,5.3,
2023-01-13,5.5,6985216931,,5.5,
2023-01-14,6.0,7415052776,,6.0,
2023-01-15,4.8,7515309583,,4.8,
2023-01-16,5.0,7662579723,,5.0,
2023-01-17,5.0,7671843598,,5.0,
2023-01-18,4.9,7437888933,,4.9,
2023-01-19,5.5,7570885159,,5.5,
2023-01-20,4.5,8081665298,,4.5,
2023-01-21,5.3,8089146659,,5.3,
2023-01-22,4.6,7966751218,,4.6,
2023-01-23,4.6,8125797506,,4.6,
2023-01-24,5.0,7787599145,,5.0,
2023-01-25,5.4,8036826105,,5.4,
2023-01-26,5.0,7990514125,,5.0,
2023-01-27,5.7,7980089286,,5.7,
2023-01-28,4.6,7825398568,,4.6,
2023-01-29,4.4,8222577842,,4.4,
2023-01-30,4.6,7788301946,,4.6,
2023-01-31,4.8,7888142136,,4.8,
2023-02-01,4.7,8215408628,,4.7,
2023-02-02,5.1,8306017890,,5.1,
2023-02-03,5.0,8321479253,,5.0,
2023-02-04,5.0,8455770307,,5.0,
2023-02-05,4.6,8259229000,,4.6,
2023-02-06,4.6,8299876201,,4.6,
2023-02-07,5.0,8426802837,,5.0,
2023-02-08,5.1,8334264841,,5.1,
2023-02-09,5.4,7839454933,,5.4,
2023-02-10,5.1,7681386223,,5.1,
2023-02-11,4.8,7769949290,,4.8,
2023-02-12,4.4,7657049802,,4.4,
2023-02-13,5.0,7574235205,,5.0,
2023-02-14,4.8,7916797626,,4.8,
2023-02-15,6.5,8504350968,,6.5,
2023-02-16,5.3,8610763753,,5.3,
2023-02-17,5.0,8626600457,,5.0,
2023-02-18,5.4,8695335093,,5.4,
2023-02-19,5.0,8689677236,,5.0,
2023-02-20,4.9,8805981338,,4.9,
2023-02-21,5.0,8518937163,,5.0,
2023-02-22,5.3,8433148902,,5.3,
2023-02-23,5.0,8543493058,,5.0,
2023-02-24,4.7,8334585062,,4.7,
2023-02-25,4.5,8501429801,,4.5,
2023-02-26,4.1,8975443870,,4.1,
2023-02-27,4.0,9157302947,,4.0,
2023-02-28,4.6,9119343201,,4.6,
2023-03-01,4.4,9392012530,,4.4,
2023-03-02,4.8,9357036499,,4.8,
2023-03-03,5.2,8892671081,,5.2,
2023-03-04,4.4,8893195751,,4.4,
2023-03-05,4.4,8949243946,,4.4,
2023-03-06,4.2,8951541051,,4.2,
2023-03-07,5.0,8854505893,,5.0,
2023-03-08,4.6,8887470447,,4.6,
2023-03-09,4.5,8296217480,,4.5,
2023-03-10,5.4,8156017042,,5.4,
2023-03-11,6.2,8444113663,,6.2,
2023-03-12,6.2,8901295766,,6.2,
2023-03-13,6.7,9668155721,,6.7,
2023-03-14,6.6,9817252564,,6.6,
2023-03-15,6.6,9584519671,,6.6,
2023-03-16,6.7,9677336666,,6.7,
2023-03-17,7.1,10229989095,,7.1,
2023-03-18,6.4,10353695377,,6.4,
2023-03-19,5.6,10516009677,,5.6,
2023-03-20,5.9,10243387759,,5.9,
2023-03-21,5.5,10485051230,,5.5,
2023-03-22,5.4,10071707518,,5.4,
2023-03-23,5.3,10630295091,,5.3,
2023-03-24,5.2,10226382797,,5.2,
2023-03-25,5.0,10168213566,,5.0,
2023-03-26,5.0,10323628746,,5.0,
2023-03-27,4.4,10061552075,,4.4,
2023-03-28,4.5,10389190920,,4.5,
2023-03-29,4.5,10601059651,,4.5,
2023-03-30,4.5,10547319332,,4.5,
2023-03-31,4.5,10747720943,,4.5,
2023-04-01,4.5,10730333898,,4.5,
2023-04-02,4.5,10521211443,,4.5,
2023-04-03,4.4,10644717155,,4.4,
2023-04-04,4.3,11061158560,,4.3,
2023-04-05,4.3,11281430579,,4.3,
2023-04-06,4.2,11015495421,,4.2,
2023-04-07,4.2,10972797807,,4.2,
2023-04-08,4.1,10956038463,,4.1,
2023-04-09,4.7,10990326485,,4.7,
2023-04-10,4.7,11164927923,,4.7,
2023-04-11,4.7,11215594575,,4.7,
2023-04-12,4.8,11325762663,,4.8,
2023-04-13,4.7,11939247779,,4.7,
2023-04-14,4.9,12548948812,,4.9,
2023-04-15,4.8,12487763395,,4.8,
2023-04-16,4.3,12775329334,,4.3,
2023-04-17,4.3,12503331778,,4.3,
2023-04-18,4.4,12625056127,,4.4,
2023-04-19,4.6,11943749104,,4.6,
2023-04-20,4.8,11805390053,,4.8,
2023-04-21,5.0,11206169357,,5.0,
2023-04-22,5.0,11469532739,,5.0,
2023-04-23,5.0,11301073938,,5.0,
2023-04-24,5.1,11250425168,,5.1,
2023-04-25,5.1,11476878109,,5.1,
2023-04-26,5.0,11522541503,,5.0,
2023-04-27,4.8,11811904152,,4.8,
2023-04-28,4.7,11734602500,,4.7,
2023-04-29,4.7,11809665804,,4.7,
2023-04-30,4.6,11754875552,,4.6,
2023-05-01,4.8,11344653069,,4.8,
2023-05-02,5.0,11687973403,,5.0,
2023-05-03,5.2,11969580364,,5.2,
2023-05-04,5.3,11794145002,,5.3,
2023-05-05,5.4,12532452557,,5.4,
2023-05-06,5.9,11998718795,,5.9,
2023-05-07,6.2,12201079873,,6.2,
2023-05-08,6.6,11769283018,,6.6,
2023-05-09,6.7,11825891141,,6.7,
2023-05-10,6.7,11953720722,,6.7,
2023-05-11,6.8,11656973663,,6.8,
2023-05-12,7.0,11926857913,,7.0,
2023-05-13,6.7,11947345907,,6.7,
2023-05-14,6.4,11960230620,,6.4,
2023-05-15,6.0,12186064417,,6.0,
2023-05-16,5.9,12271773774,,5.9,
2023-05-17,5.7,11509657914,,5.7,
2023-05-18,5.4,11512913999,,5.4,
2023-05-19,5.2,11622635652,,5.2,
2023-05-20,5.1,11683964977,,5.1,
2023-05-21,5.0,11707397228,,5.0,
2023-05-22,5.0,11884917368,,5.0,
2023-05-23,5.0,12299306752,,5.0,
2023-05-24,4.9,12012717117,,4.9,
2023-05-25,4.9,12094563155,,4.9,
2023-05-26,4.9,12354788390,,4.9,
2023-05-27,4.8,12394229250,,4.8,
2023-05-28,4.8,12906011156,,4.8,
2023-05-29,4.9,12910780073,,4.9,
2023-05-30,4.8,13128762485,,4.8,
2023-05-31,4.8,12955174289,,4.8,
2023-06-01,4.7,13071758573,,4.7,
2023-06-02,4.7,13406397464,,4.7,
2023-06-03,4.5,13329420114,,4.5,
2023-06-04,4.4,13436235271,,4.4,
2023-06-05,4.3,12777545228,,4.3,
2023-06-06,4.3,13330807337,,4.3,
2023-06-07,4.2,13116024434,,4.2,
2023-06-08,4.1,13244774774,,4.1,
2023-06-09,4.0,13143672743,,4.0,
2023-06-10,4.1,12479075978,,4.1,
2023-06-11,4.1,12650513614,,4.1,
2023-06-12,4.0,12478581646,,4.0,
2023-06-13,4.0,12498252783,,4.0,
2023-06-14,3.9,11866758375,,3.9,
2023-06-15,3.9,12010401879,,3.9,
2023-06-16,3.9,12418632612,,3.9,
2023-06-17,3.9,12505620867,,3.9,
2023-06-18,3.8,12493032406,,3.8,
2023-06-19,3.8,12621688752,,3.8,
2023-06-20,3.8,12984451451,,3.8,
2023-06-21,3.8,13752738422,,3.8,
2023-06-22,3.8,13834205696,,3.8,
2023-06-23,3.8,14065085143,,3.8,
2023-06-24,3.8,13825125038,,3.8,
2023-06-25,3.8,14016611414,,3.8,
2023-06-26,3.8,13746433412,,3.8,
2023-06-27,3.8,14054944171,,3.8,
2023-06-28,3.8,13631640138,,3.8,
2023-06-29,3.8,13797869759,,3.8,
2023-06-30,3.8,14446229235,,3.8,
2023-07-01,3.9,14437758759,,3.9,
2023-07-02,3.9,14480416884,,3.9,
2023-07-03,4.0,14759097741,,4.0,
2023-07-04,4.0,14634764718,,4.0,
2023-07-05,4.0,14432378897,,4.0,
2023-07-06,4.0,14198927725,,4.0,
2023-07-07,4.0,14216155100,,4.0,
2023-07-08,3.9,14121987232,,3.9,
2023-07-09,3.8,14203080552,,3.8,
2023-07-10,3.9,14243286678,,3.9,
2023-07-11,3.9,14305730228,,3.9,
2023-07-12,3.9,14340151412,,3.9,
2023-07-13,3.9,15192588065,,3.9,
2023-07-14,3.9,14830794114,,3.9,
2023-07-15,3.8,14925024548,,3.8,
2023-07-16,3.8,14965006791,,3.8,
2023-07-17,3.9,14839930668,,3.9,
2023-07-18,3.8,14712713056,,3.8,
2023-07-19,3.9,14660569996,,3.9,
2023-07-20,3.9,14710232209,,3.9,
2023-07-21,3.9,14718966304,,3.9,
2023-07-22,3.9,14675034133,,3.9,
2023-07-23,3.9,14711605371,,3.9,
2023-07-24,4.0,14457906517,,4.0,
2023-07-25,4.0,14602116521,,4.0,
2023-07-26,4.0,14690398972,,4.0,
2023-07-27,4.0,14638936418,,4.0,
2023-07-28,4.0,14814675532,,4.0,
2023-07-29,4.0,14875188675,,4.0,
2023-07-30,4.0,14726044189,,4.0,
2023-07-31,4.2,14750409517,,4.2,
2023-08-01,4.2,14700687625,,4.2,
2023-08-02,4.2,14655377239,,4.2,
2023-08-03,4.1,14600270151,,4.1,
2023-08-04,4.1,14610943720,,4.1,
2023-08-05,4.1,14641436248,,4.1,
2023-08-06,4.0,14591279620,,4.0,
2023-08-07,4.1,14573818750,,4.1,
2023-08-08,3.8,14882313505,,3.8,
2023-08-09,3.8,14841597468,,3.8,
2023-08-10,3.8,14893548365,,3.8,
2023-08-11,3.8,14862647590,,3.8,
2023-08-12,3.8,14939188588,,3.8,
2023-08-13,3.8,14992833491,,3.8,
2023-08-14,3.8,14934294403,,3.8,
2023-08-15,3.8,14851919166,,3.8,
2023-08-16,3.8,14700077357,,3.8,
2023-08-17,3.8,13374099524,,3.8,
2023-08-18,4.0,13578011052,,4.0,
2023-08-19,4.0,13679202464,,4.0,
2023-08-20,4.0,13815533540,,4.0,
2023-08-21,4.1,13803739456,,4.1,
2023-08-22,4.0,13395928704,,4.0,
2023-08-23,4.0,13672815226,,4.0,
2023-08-24,4.0,13824935039,,4.0,
2023-08-25,4.0,13822755099,,4.0,
2023-08-26,3.8,13836636769,,3.8,
2023-08-27,3.7,13881530102,,3.7,
2023-08-28,3.8,13934257171,,3.8,
2023-08-29,3.8,14722074923,,3.8,
2023-08-30,3.8,14513329111,,3.8,
2023-08-31,3.8,14032180979,,3.8,
2023-09-01,3.8,13876886142,,3.8,
2023-09-02,3.7,13958824315,,3.7,
2023-09-03,3.7,13975919695,,3.7,
2023-09-04,3.7,13866748080,,3.7,
2023-09-05,3.7,13967571000,,3.7,
2023-09-06,3.6,13970318633,,3.6,
2023-09-07,3.6,14169315704,,3.6,
2023-09-08,3.6,14045647489,,3.6,
2023-09-09,3.6,14049050925,,3.6,
2023-09-10,3.7,13955271543,,3.7,
2023-09-11,3.7,13343453068,,3.7,
2023-09-12,3.8,13785248596,,3.8,
2023-09-13,3.8,13879950122,,3.8,
2023-09-14,3.7,14057594564,,3.7,
2023-09-15,3.7,14114960131,,3.7,
2023-09-16,3.6,14153368317,,3.6,
2023-09-17,3.6,13981493703,,3.6,
2023-09-18,3.6,14215283214,,3.6,
2023-09-19,3.6,14264640206,,3.6,
2023-09-20,3.6,14128241306,,3.6,
2023-09-21,3.6,13789892101,,3.6,
2023-09-22,3.6,13884326230,,3.6,
2023-09-23,3.6,13895682649,,3.6,
2023-09-24,3.5,13851150619,,3.5,
2023-09-25,3.6,13835568829,,3.6,
2023-09-26,3.6,13885590804,,3.6,
2023-09-27,3.6,13949989210,,3.6,
2023-09-28,3.5,14428202205,,3.5,
2023-09-29,3.5,14605671694,,3.5,
2023-09-30,3.5,14719874125,,3.5,
2023-10-01,3.5,14734203793,,3.5,
2023-10-02,3.5,14542703895,,3.5,
2023-10-03,3.6,14533845697,,3.6,
2023-10-04,3.6,14510015876,,3.6,
2023-10-05,3.6,14270638483,,3.6,
2023-10-06,3.6,14579420437,,3.6,
2023-10-07,3.5,14398705958,,3.5,
2023-10-08,3.5,14447474416,,3.5,
2023-10-09,3.4,13935228582,,3.4,
2023-10-10,3.4,13815001735,,3.4,
2023-10-11,3.3,13785380058,,3.3,
2023-10-12,3.3,13560728740,,3.3,
2023-10-13,3.3,13757708256,,3.3,
2023-10-14,3.3,13744564559,,3.3,
2023-10-15,3.3,13767392070,,3.3,
2023-10-16,3.3,14056132064,,3.3,
2023-10-17,3.4,13782074757,,3.4,
2023-10-18,3.5,13774496019,,3.5,
2023-10-19,3.6,13816376626,,3.6,
2023-10-20,3.6,14204594946,,3.6,
2023-10-21,3.6,14407011457,,3.6,
2023-10-22,3.7,14472835509,,3.7,
2023-10-23,3.7,15112944899,,3.7,
2023-10-24,3.8,15623606476,,3.8,
2023-10-25,3.6,15746769109,,3.6,
2023-10-26,3.7,15859313343,,3.7,
2023-10-27,3.7,15637891985,,3.7,
2023-10-28,3.8,15651387910,,3.8,
2023-10-29,3.8,15843353945,,3.8,
2023-10-30,3.8,15917609456,,3.8,
2023-10-31,3.8,15931207535,,3.8,
2023-11-01,3.8,16279550913,,3.8,
2023-11-02,3.8,15988110784,,3.8,
2023-11-03,3.8,16175225139,,3.8,
2023-11-04,3.7,16326288774,,3.7,
2023-11-05,3.7,16675754548,,3.7,
2023-11-06,3.7,16899011451,,3.7,
2023-11-07,3.7,16809888837,,3.7,
2023-11-08,3.7,16903230076,,3.7,
2023-11-09,3.6,18640962840,,3.6,
2023-11-10,3.8,18713957645,,3.8,
2023-11-11,3.8,18273188666,,3.8,
2023-11-12,3.9,18443652875,,3.9,
2023-11-13,3.9,18457953119,,3.9,
2023-11-14,4.0,17697307875,,4.0,
2023-11-15,4.0,18335659005,,4.0,
2023-11-16,4.0,17513987382,,4.0,
2023-11-17,3.9,17376767659,,3.9,
2023-11-18,3.8,17570301953,,3.8,
2023-11-19,3.8,17820820683,,3.8,
2023-11-20,3.7,18196890837,,3.7,
2023-11-21,3.7,17814285819,,3.7,
2023-11-22,3.6,19035437320,,3.6,
2023-11-23,3.6,19007306629,,3.6,
2023-11-24,3.6,19008647949,,3.6,
2023-11-25,3.6,19173980973,,3.6,
2023-11-26,3.6,19086277361,,3.6,
2023-11-27,3.6,18601498706,,3.6,
2023-11-28,3.6,19044134257,,3.6,
2023-11-29,3.7,18785240361,,3.7,
2023-11-30,3.6,18977490523,,3.6,
2023-12-01,3.6,19400421889,,3.6,
2023-12-02,3.6,19993358398,,3.6,
2023-12-03,3.6,19999059999,,3.6,
2023-12-11,3.8,19898974103,,3.8,
2023-12-13,3.8,19996427138,,3.8,
2023-12-18,3.8,19981707761,,3.8,
2023-12-19,3.8,19957938936,,3.8,
2023-12-20,3.8,19936499423,,3.8,
2023-12-21,3.8,19989978863,,3.8,
2023-12-26,3.6,19972627403,,3.6,
2024-01-07,3.1,20603031243,,3.1,
2024-01-08,3.3,21702077217,,3.3,
2024-01-09,3.5,21511050786,,3.5,
2024-01-10,4.0,23494154968,,4.0,
2024-01-11,3.9,24326480765,,3.9,
2024-01-12,3.3,23120204457,,3.3,
2024-01-13,3.5,23924527266,,3.5,
2024-01-14,3.3,23471325505,,3.3,
2024-01-15,3.3,23531312308,,3.3,
2024-01-16,3.6,24254117547,,3.6,
2024-01-17,3.5,23424673089,,3.5,
2024-01-18,3.4,22893966753,,3.4,
2024-01-19,4.5,23159085894,,4.5,
2024-01-20,3.3,22987318068,,3.3,
2024-01-21,3.1,23036834477,,3.1,
2024-01-22,3.2,21763237201,,3.2,
2024-01-23,3.8,20616051080,,3.8,
2024-01-24,3.2,20752318830,,3.2,
2024-01-25,3.3,20815494202,,3.3,
2024-01-26,3.6,21119276969,,3.6,
2024-01-27,3.5,21259147600,,3.5,
2024-01-28,3.2,21205990693,,3.2,
2024-01-29,3.1,21678645386,,3.1,
2024-01-30,3.3,22331470467,,3.3,
2024-01-31,3.5,21403505916,,3.5,
2024-02-01,3.5,21752922635,,3.5,
2024-02-02,3.3,21805522279,,3.3,
2024-02-03,3.5,21800358025,,3.5,
2024-02-04,3.0,21839623933,,3.0,
2024-02-05,3.0,21732987500,,3.0,
2024-02-06,3.3,22646544525,,3.3,
2024-02-07,3.443,23175974515,,3.443,
2024-02-08,3.792,23182873437,,3.792,
2024-02-09,3.88,24068585114,,3.88,
2024-02-10,3.641,24053720528,,3.641,
2024-02-11,3.336,24053730354,,3.336,
2024-02-12,3.352,25451982026,,3.352,
2024-02-13,4.275,25424531525,,4.275,
2024-02-14,3.562,27049017481,,3.562,
2024-02-15,3.279,27309705308,,3.279,
2024-02-16,3.778,27263988634,,3.778,
2024-02-17,3.126,27294369118,,3.126,
2024-02-18,3.127,27997797029,,3.127,
2024-02-19,3.263,29065348699,,3.263,
2024-02-20,3.363,29251788734,,3.363,
2024-02-21,3.466,28614502893,,3.466,
2024-02-22,3.468,29230175612,,3.468,
2024-02-23,3.415,28829373369,,3.415,
2024-02-24,3.467,29277853064,,3.467,
2024-02-25,3.148,30502625248,,3.148,
2024-02-26,3.262,31196506470,,3.262,
2024-02-27,3.472,31861958743,,3.472,
2024-02-28,3.426,32724017868,,3.426,
2024-02-29,3.7,32738825734,,3.7,
2024-03-01,3.336,33744163658,,3.336,
2024-03-02,3.49,33521374470,,3.49,
2024-03-03,3.294,34165505427,,3.294,
2024-03-04,3.449,34789324383,,3.449,
2024-03-05,3.836,34181903127,,3.836,
2024-03-06,4.13,37810693355,,4.13,
2024-03-07,3.904,38177828703,,3.904,
2024-03-08,3.523,38509199913,,3.523,
2024-03-09,3.521,38499907781,,3.521,
2024-03-10,3.404,38092100891,,3.404,
2024-03-11,3.586,40127551638,,3.586,
2024-03-12,3.677,38802967969,,3.677,
2024-03-13,3.644,39231372318,,3.644,
2024-03-14,3.438,37938616956,,3.438,
2024-03-15,3.691,36154873244,,3.691,
2024-03-16,3.225,34614117838,,3.225,
2024-03-17,3.311,35562183841,,3.311,
2024-03-18,3.125,34388397375,,3.125,
2024-03-19,3.954,31527947352,,3.954,
2024-03-20,3.415,34346162385,,3.415,
2024-03-21,3.422,34243203973,,3.422,
2024-03-22,3.219,32076695829,,3.219,
2024-03-23,3.345,32991205180,,3.345,
2024-03-24,3.015,33454878812,,3.015,
2024-03-25,3.165,34915326033,,3.165,
2024-03-26,3.467,34702003833,,3.467,
2024-03-27,3.255,33885814744,,3.255,
2024-03-28,3.186,34427611674,,3.186,
2024-03-29,3.299,33672616598,,3.299,
2024-03-30,3.119,33907787038,,3.119,
2024-03-31,3.07,35114644706,,3.07,
2024-04-01,3.127,33670763638,,3.127,
2024-04-02,3.501,31175779818,,3.501,
2024-04-03,3.413,31442373725,,3.413,
2024-04-04,3.384,31769947323,,3.384,
2024-04-05,3.489,31829397101,,3.489,
2024-04-06,3.347,31913090574,,3.347,
2024-04-07,3.041,32443916249,,3.041,
2024-04-08,3.148,35126869237,,3.148,
2024-04-09,3.22,33276151304,,3.22,
2024-04-10,3.36,33065845586,,3.36,
2024-04-11,3.45,32973417956,,3.45,
2024-04-12,3.146,30223893379,,3.146,
2024-04-13,4.31,27507790373,,4.31,
2024-04-14,4.436,29603525849,,4.436,
2024-04-15,3.101,29020898814,,3.101,
2024-04-16,3.551,29035947410,,3.551,
2024-04-17,3.191,28211076305,,3.191,
2024-04-18,3.237,28674723530,,3.237,
2024-04-19,3.295,28811666039,,3.295,
2024-04-20,3.173,29433218852,,3.173,
2024-04-21,2.94,29335706943,,2.94,
2024-04-22,3.058,29906775524,,3.058,
2024-04-23,3.098,30004411402,,3.098,
2024-04-24,3.742,29366085501,,3.742,
2024-04-25,3.293,29750078559,,3.293,
2024-04-26,3.058,29399844844,,3.058,
2024-04-27,3.004,30259833329,,3.004,
2024-04-28,2.942,30888607086,,2.942,
2024-04-29,3.031,29863072008,,3.031,
2024-04-30,3.046,27877082840,,3.046,
2024-05-01,3.31,27684411734,,3.31,
2024-05-02,3.103,28080831828,,3.103,
2024-05-03,2.934,29054286667,,2.934,
2024-05-04,2.999,29190217620,,2.999,
2024-05-05,2.829,29277399792,,2.829,
2024-05-06,2.887,28826959941,,2.887,
2024-05-07,2.922,28483572707,,2.922,
2024-05-08,2.955,27771200544,,2.955,
2024-05-09,2.91,28263829653,,2.91,
2024-05-10,2.934,27131548445,,2.934,
2024-05-11,2.894,27325475523,,2.894,
2024-05-12,2.812,27368608800,,2.812,
2024-05-13,2.888,27635739808,,2.888,
2024-05-14,3.087,27107555090,,3.087,
2024-05-15,2.997,28237127744,,2.997,
2024-05-16,3.043,27494295812,,3.043,
2024-05-17,2.906,28917923715,,2.906,
2024-05-18,2.776,29119269053,,2.776,
2024-05-19,2.853,28579330260,,2.853,
2024-05-20,2.88,34170060889,,2.88,
2024-05-21,3.936,35021996587,,3.936,
2024-05-22,3.183,34959045610,,3.183,
2024-05-23,3.191,35401832827,,3.191,
2024-05-24,4.24,34713288127,,4.24,
2024-05-25,3.022,34745485827,,3.022,
2024-05-26,2.959,35702895399,,2.959,
2024-05-27,3.103,36093901178,,3.103,
2024-05-28,3.222,36232785916,,3.222,
2024-05-29,3.151,35742418096,,3.151,
2024-05-30,3.237,35585717621,,3.237,
2024-05-31,3.275,35918322227,,3.275,
2024-06-01,3.131,36097095928,,3.131,
2024-06-02,3.15,35927306227,,3.15,
2024-06-03,3.266,35796738203,,3.266,
2024-06-04,3.179,36265529170,,3.179,
2024-06-05,3.258,36717862224,,3.258,
2024-06-06,3.499,36146875321,,3.499,
2024-06-07,3.372,35111188709,,3.372,
2024-06-08,3.319,34985076582,,3.319,
2024-06-09,3.044,35269566359,,3.044,
2024-06-10,3.242,34867335185,,3.242,
2024-06-11,3.577,33191496875,,3.577,
2024-06-12,3.263,33937043617,,3.263,
2024-06-13,3.674,33064632708,,3.674,
2024-06-14,3.073,33233388091,,3.073,
2024-06-15,3.126,33920186365,,3.126,
2024-06-16,2.956,34676399878,,2.956,
2024-06-17,2.945,33655561943,,2.945,
2024-06-18,3.203,33087509211,,3.203,
2024-06-19,3.005,34056850368,,3.005,
2024-06-20,3.096,33694429852,,3.096,
2024-06-21,2.989,33631149101,,2.989,
2024-06-22,2.88,33641774470,,2.88,
2024-06-23,2.947,32931721024,,2.947,
2024-06-24,3.007,32245121469,,3.007,
2024-06-25,3.044,32929269169,,3.044,
2024-06-26,2.966,32610176370,,2.966,
2024-06-27,2.979,33385636816,,2.979,
2024-06-28,3.133,32815057609,,3.133,
2024-06-29,2.822,32852223529,,2.822,
2024-06-30,2.788,33153014476,,2.788,
2024-07-01,2.997,33592760514,,2.997,
2024-07-02,2.975,33207938753,,2.975,
2024-07-03,3.04,32155306107,,3.04,
2024-07-04,3.401,30575326637,,3.401,
2024-07-05,4.085,28946851048,,4.085,
2024-07-06,3.033,29829267656,,3.033,
2024-07-07,2.836,28707713574,,2.836,
2024-07-08,2.92,29320772502,,2.92,
2024-07-09,2.969,29708773971,,2.969,
2024-07-10,3.051,30098156877,,3.051,
2024-07-11,2.999,30083038990,,2.999,
2024-07-12,3.055,30256851311,,3.055,
2024-07-13,2.901,30746685796,,2.901,
2024-07-14,2.912,31559879989,,2.912,
2024-07-15,2.916,33708952986,,2.916,
2024-07-16,3.067,33545418897,,3.067,
2024-07-17,3.141,33267405570,,3.141,
2024-07-18,3.337,33315420925,,3.337,
2024-07-19,3.144,34329444700,,3.144,
2024-07-20,2.886,34349451980,,2.886,
2024-07-21,2.83,34657037998,,2.83,
2024-07-22,3.118,33863421471,,3.118,
2024-07-23,2.994,34011347816,,2.994,
2024-07-24,2.951,32727809648,,2.951,
2024-07-25,2.995,31148432962,,2.995,
2024-07-26,2.933,32184436314,,2.933,
2024-07-27,2.812,32273494149,,2.812,
2024-07-28,3.023,31966780834,,3.023,
2024-07-29,2.811,32731678257,,2.811,
2024-07-30,2.913,32188713549,,2.913,
2024-07-31,2.993,31753650141,,2.993,
2024-08-01,3.034,31248706790,,3.034,
2024-08-02,3.005,29510514082,,3.005,
2024-08-03,3.049,28571203677,,3.049,
2024-08-04,2.925,26863039524,,2.925,
2024-08-05,9.908,23855331817,,9.908,
2024-08-06,3.574,24430382356,,3.574,
2024-08-07,3.022,22954418642,,3.022,
2024-08-08,3.074,25962923466,,3.074,
2024-08-09,3.078,25538757180,,3.078,
2024-08-10,2.918,25611210981,,2.918,
2024-08-11,2.75,25419838600,,2.75,
2024-08-12,2.987,26396528905,,2.987,
2024-08-13,3.016,26677412367,,3.016,
2024-08-14,2.951,25897682010,,2.951,
2024-08-15,2.998,25184241819,,2.998,
2024-08-16,2.921,25556007698,,2.921,
2024-08-17,2.741,25662766301,,2.741,
2024-08-18,2.759,26064274337,,2.759,
2024-08-19,2.778,25744523870,,2.778,
2024-08-20,2.866,25377600560,,2.866,
2024-08-21,2.779,25879206560,,2.779,
2024-08-22,2.949,25747953553,,2.949,
2024-08-23,2.744,27343519292,,2.744,
2024-08-24,2.825,26912370857,,2.825,
2024-08-25,2.715,27231964611,,2.715,
2024-08-26,2.731,26268489415,,2.731,
2024-08-27,2.785,23919155785,,2.785,
2024-08-28,3.13,24701735332,,3.13,
2024-08-29,2.773,24748840465,,2.773,
2024-08-30,2.88,24711796261,,2.88,
2024-08-31,2.683,24648430075,,2.683,
2024-09-01,2.674,23767039406,,2.674,
2024-09-02,2.751,24914851835,,2.751,
2024-09-03,2.972,24087711312,,2.972,
2024-09-04,2.906,24164509872,,2.906,
2024-09-05,3.019,23290537236,,3.019,
2024-09-06,2.948,21680185840,,2.948,
2024-09-07,3.943,22250182735,,3.943,
2024-09-08,2.755,22631599038,,2.755,
2024-09-09,2.904,23115283807,,2.904,
2024-09-10,3.022,23344514453,,3.022,
2024-09-11,3.017,22861589904,,3.017,
2024-09-12,2.896,22957976116,,2.896,
2024-09-13,2.875,23937247640,,2.875,
2024-09-14,2.859,23615098451,,2.859,
2024-09-15,2.811,22939025457,,2.811,
2024-09-16,3.155,22286481674,,3.155,
2024-09-17,2.939,22830699435,,2.939,
2024-09-18,3.113,22815692912,,3.113,
2024-09-19,3.261,24005713552,,3.261,
2024-09-20,3.278,24874676396,,3.278,
2024-09-21,3.302,25005163960,,3.302,
2024-09-22,3.173,25130250992,,3.173,
2024-09-23,3.19,25844049999,,3.19,
2024-09-24,3.209,25992362970,,3.209,
2024-09-25,3.171,25223942683,,3.171,
2024-09-26,3.124,25882496914,,3.124,
2024-09-27,3.233,26516820363,,3.233,
2024-09-28,2.968,26222189293,,2.968,
2024-09-29,2.877,25985543935,,2.877,
2024-09-30,2.959,25560791739,,2.959,
2024-10-01,3.025,24082372334,,3.025,
2024-10-02,3.063,23357199334,,3.063,
2024-10-03,3.021,23014324628,,3.021,
2024-10-04,2.949,23745044916,,2.949,
2024-10-05,2.882,23630402140,,2.882,
2024-10-06,2.976,23787873333,,2.976,
2024-10-07,3.051,23644264006,,3.051,
2024-10-08,3.358,23840952331,,3.358,
2024-10-09,3.431,23043001012,,3.431,
2024-10-10,3.149,23094808364,,3.149,
2024-10-11,3.188,23816397990,,3.188,
2024-10-12,3.062,24129105261,,3.062,
2024-10-13,3.085,24066158590,,3.085,
2024-10-14,3.183,25707294338,,3.183,
2024-10-15,3.08,25389227061,,3.08,
2024-10-16,3.018,25637911080,,3.018,
2024-10-17,2.977,25414333486,,2.977,
2024-10-18,2.975,25758078603,,2.975,
2024-10-19,2.894,25788468831,,2.894,
2024-10-20,2.833,26623435589,,2.833,
2024-10-21,2.835,26137349445,,2.835,
2024-10-22,2.974,25719663412,,2.974,
2024-10-23,2.934,24426217585,,2.934,
2024-10-24,2.95,24782171015,,2.95,
2024-10-25,2.97,23973588131,,2.97,
2024-10-26,2.925,24204811508,,2.925,
2024-10-27,2.818,24534483012,,2.818,
2024-10-28,2.769,25058243871,,2.769,
2024-10-29,2.946,25646894445,,2.946,
2024-10-30,2.994,25931084451,,2.994,
2024-10-31,2.916,24561133828,,2.916,
2024-11-01,3.176,24459410999,,3.176,
2024-11-02,2.836,24323422289,,2.836,
2024-11-03,2.868,24063736030,,2.868,
2024-11-04,2.868,23347094296,,2.868,
2024-11-05,2.933,23668012636,,2.933,
2024-11-06,3.217,26520046509,,3.217,
2024-11-07,3.002,28021205364,,3.002,
2024-11-08,3.031,29086536614,,3.031,
2024-11-09,3.103,30478858199,,3.103,
2024-11-10,2.923,31191231893,,2.923,
2024-11-11,3.057,32597301109,,3.057,
2024-11-12,3.47,31966821903,,3.47,
2024-11-13,3.142,31152381971,,3.142,
2024-11-14,3.524,30289196741,,3.524,
2024-11-15,3.218,30204008073,,3.218,
2024-11-16,3.027,30864520874,,3.027,
2024-11-17,2.923,30155667996,,2.923,
2024-11-18,2.915,30945709395,,2.915,
2024-11-19,3.033,30310831925,,3.033,
2024-11-20,3.033,30113280218,,3.033,
2024-11-21,2.985,33070140729,,2.985,
2024-11-22,3.044,32432798258,,3.044,
2024-11-23,2.978,33394590359,,2.978,
2024-11-24,3.01,32849261119,,3.01,
2024-11-25,2.905,33637513072,,2.905,
2024-11-26,2.996,32623884592,,2.996,
2024-11-27,2.96,35903173735,,2.96,
2024-11-28,2.909,35133585056,,2.909,
2024-11-29,2.807,35281699273,,2.807,
2024-11-30,2.804,36403092741,,2.804,
2024-12-01,2.793,36647561588,,2.793,
2024-12-02,2.946,35450104491,,2.946,
2024-12-03,3.113,35553300143,,3.113,
2024-12-04,3.145,38042144489,,3.145,
2024-12-05,2.996,37506409249,,2.996,
2024-12-06,3.34,39648039924,,3.34,
2024-12-07,2.894,39392112943,,2.894,
2024-12-08,2.781,39300530029,,2.781,
2024-12-09,2.857,36556593528,,2.857,
2024-12-10,3.413,35862802728,,3.413,
2024-12-11,3.037,37667315223,,3.037,
2024-12-12,2.925,37806016613,,2.925,
2024-12-13,2.898,38211965632,,2.898,
2024-12-14,2.797,37858056582,,2.797,
2024-12-15,2.762,38024218511,,2.762,
2024-12-16,2.856,39661401692,,2.856,
2024-12-17,2.868,37834965753,,2.868,
2024-12-18,2.858,36005647146,,2.858,
2024-12-19,2.97,33702040259,,2.97,
2024-12-20,3.278,33783903759,,3.278,
2024-12-21,2.926,32438677834,,2.926,
2024-12-22,2.899,31784266531,,2.899,
2024-12-23,2.861,33370048723,,2.861,
2024-12-24,2.824,33759610053,,2.824,
2024-12-25,2.743,33508349138,,2.743,
2024-12-26,2.752,32266644788,,2.752,
2024-12-27,2.821,32111611770,,2.821,
2024-12-28,2.762,32950731845,,2.762,
2024-12-29,2.743,32132479266,,2.743,
2024-12-30,2.753,32316292712,,2.753,
2024-12-31,2.963,32219799673,,2.963,
2025-01-01,2.849,32398716256,,2.849,
2025-01-02,2.991,33172489450,,2.991,
2025-01-03,2.904,34840087743,,2.904,
2025-01-04,2.872,35203568526,,2.872,
2025-01-05,2.808,35068959951,,2.808,
2025-01-06,2.85,35437930296,,2.85,
2025-01-07,2.926,32668055293,,2.926,
2025-01-08,3.017,31884772772,,3.017,
2025-01-09,2.954,30890782392,,2.954,
2025-01-10,2.931,31456620529,,2.931,
2025-01-11,2.759,31610835967,,2.759,
2025-01-12,2.7,31118082148,,2.7,
2025-01-13,3.113,29926823038,,3.113,
2025-01-14,2.984,30959407039,,2.984,
2025-01-15,2.857,32902268917,,2.857,
2025-01-16,2.898,31545466064,,2.898,
2025-01-17,2.892,33453282301,,2.892,
2025-01-18,2.981,31441520141,,2.981,
2025-01-19,3.164,30962794807,,3.164,
2025-01-20,3.472,31492388452,,3.472,
2025-01-21,3.428,31803851247,,3.428,
2025-01-22,2.919,31125511344,,2.919,
2025-01-23,2.843,31707919901,,2.843,
2025-01-24,4.191,31783590197,,4.191,
2025-01-25,2.803,31914833616,,2.803,
2025-01-26,2.735,31428284943,,2.735,
2025-01-27,3.075,30149637527,,3.075,
2025-01-28,2.906,29300827813,,2.906,
2025-01-29,2.799,29817112754,,2.799,
2025-01-30,2.881,30987994022,,2.881,
2025-01-31,2.797,31143457798,,2.797,
2025-02-01,2.825,29708656417,,2.825,
2025-02-02,2.768,27113145524,,2.768,
2025-02-03,11.773,27033316297,,11.773,
2025-02-04,3.31,25531413448,,3.31,
2025-02-05,3.032,26206613015,,3.032,
2025-02-06,2.817,25330796824,,2.817,
2025-02-07,2.922,24275250806,,2.922,
2025-02-08,2.848,24749917962,,2.848,
2025-02-09,2.706,24559063187,,2.706,
2025-02-10,2.857,25060988395,,2.857,
2025-02-11,2.807,24260932113,,2.807,
2025-02-12,2.813,25781716831,,2.813,
2025-02-13,2.956,25070054895,,2.956,
2025-02-14,2.851,25546959431,,2.851,
2025-02-15,2.688,25265227220,,2.688,
2025-02-16,2.65,25119239869,,2.65,
2025-02-17,2.765,25831733442,,2.765,
2025-02-18,2.944,25052336028,,2.944,
2025-02-19,2.785,25502091882,,2.785,
2025-02-20,2.722,25696853697,,2.722,
2025-02-21,2.739,24939857710,,2.739,
2025-02-22,3.013,26019595555,,3.013,
2025-02-23,2.737,26257774676,,2.737,
2025-02-24,2.792,23594781685,,2.792,
2025-02-25,4.108,23637489715,,4.108,
2025-02-26,2.982,22242318413,,2.982,
2025-02-27,3.14,21334863382,,3.14,
2025-02-28,4.079,20886541385,,4.079,
2025-03-01,2.849,20869805736,,2.849,
2025-03-02,2.764,23662814664,,2.764,
2025-03-03,3.33,20249116194,,3.33,
2025-03-04,3.615,20468588674,,3.615,
2025-03-05,3.112,20982072782,,3.112,
2025-03-06,2.875,20808405705,,2.875,
2025-03-07,3.053,19934083061,,3.053,
2025-03-08,2.95,20627774763,,2.95,
2025-03-09,2.718,18876325587,,2.718,
2025-03-10,3.064,17539127202,,3.064,
2025-03-11,4.851,18198547493,,4.851,
2025-03-12,3.602,17872120380,,3.602,
2025-03-13,2.825,17422495242,,2.825,
2025-03-14,2.811,17946296370,,2.811,
2025-03-15,2.794,18164216941,,2.794,
2025-03-16,2.714,17497436401,,2.714,
2025-03-17,2.688,18032973845,,2.688,
2025-03-18,2.793,17872525625,,2.793,
2025-03-19,2.873,19006836697,,2.873,
2025-03-20,2.93,18435321289,,2.93,
2025-03-21,2.741,18316718570,,2.741,
2025-03-22,2.668,18527091642,,2.668,
2025-03-23,2.664,18643354885,,2.664,
2025-03-24,2.669,19433883314,,2.669,
2025-03-25,2.704,19270593654,,2.704,
2025-03-26,2.689,18766002009,,2.689,
2025-03-27,2.749,18799065658,,2.749,
2025-03-28,3.019,17711261719,,3.019,
2025-03-29,2.812,17025405314,,2.812,
2025-03-30,2.765,16846136448,,2.765,
2025-03-31,2.743,17094090195,,2.743,
2025-04-01,2.787,17952621396,,2.787,
2025-04-02,2.761,16759164866,,2.761,
2025-04-03,2.993,16971584814,,2.993,
2025-04-04,2.852,17058197117,,2.852,
2025-04-05,2.782,16802467043,,2.782,
2025-04-06,2.663,14727451380,,2.663,
2025-04-07,7.349,14767720006,,7.349,
2025-04-08,3.122,13684256040,,3.122,
2025-04-09,3.293,15634304535,,3.293,
2025-04-10,3.337,14329384980,,3.337,
2025-04-11,3.161,14686609500,,3.161,
2025-04-12,2.886,15371179852,,2.886,
2025-04-13,2.843,14800445038,,2.843,
2025-04-14,2.976,15095512407,,2.976,
2025-04-15,2.832,14824285212,,2.832,
2025-04-16,2.836,14746875760,,2.836,
2025-04-17,2.787,14772271388,,2.787,
2025-04-18,2.722,14811149359,,2.722,
2025-04-19,2.667,15007587965,,2.667,
2025-04-20,2.684,14642724500,,2.684,
2025-04-21,2.749,14605475291,,2.749,
2025-04-22,2.814,16137659160,,2.814,
2025-04-23,3.161,16562611106,,3.161,
2025-04-24,2.913,16292327561,,2.913,
2025-04-25,2.801,16622848035,,2.801,
2025-04-26,2.763,16820457231,,2.763,
2025-04-27,2.692,16497553881,,2.692,
2025-04-28,2.705,16561024422,,2.705,
2025-04-29,2.825,16583597249,,2.825,
2025-04-30,2.825,16689319174,,2.825,
2025-05-02,2.733,16884915209,,2.733,
2025-05-03,2.672,16888061269,,2.672,
2025-05-04,2.649,16733181589,,2.649,
2025-05-05,2.698,16796502633,,2.698,
2025-05-06,2.718,16511829502,,2.718,
2025-05-07,2.689,16576706945,,2.689,
2025-05-08,2.709,19989462963,,2.709,
2025-05-09,3.479,21425260240,,3.479,
2025-05-10,2.993,23407629041,,2.993,
2025-05-11,3.138,22755457736,,3.138,
2025-05-12,2.929,22749588131,,2.929,
2025-05-13,2.932,24582906678,,2.932,
2025-05-14,2.902,23694465110,,2.902,
2025-05-15,2.813,23205854850,,2.813,
2025-05-16,2.865,23299795926,,2.865,
2025-05-17,2.757,22430903537,,2.757,
2025-05-18,2.625,22383100321,,2.625,
2025-05-19,3.06,22656274747,,3.06,
2025-05-20,2.931,22568218222,,2.931,
2025-05-21,2.786,22724516883,,2.786,
2025-05-22,2.94,23894953566,,2.94,
2025-05-23,2.941,22843342637,,2.941,
2025-05-24,2.801,22770887648,,2.801,
2025-05-25,2.68,22898189858,,2.68,
2025-05-26,2.722,23086669677,,2.722,
2025-05-27,2.744,23965373899,,2.744,
2025-05-28,2.83,23782788446,,2.83,
2025-05-29,2.871,23851451859,,2.871,
2025-05-30,2.905,22706151510,,2.905,
2025-05-31,2.887,22771797993,,2.887,
2025-06-01,2.709,22784786834,,2.709,
2025-06-02,2.727,23127121598,,2.727,
2025-06-03,2.789,23373393902,,2.789,
2025-06-04,2.8,23376013285,,2.8,
2025-06-05,2.765,21672098517,,2.765,
2025-06-06,2.878,22253377763,,2.878,
2025-06-07,2.743,22765211512,,2.743,
2025-06-08,2.681,22500962145,,2.681,
2025-06-09,2.68,23924565205,,2.68,
2025-06-10,2.804,25269157459,,2.804,
2025-06-11,2.804,25101613880,,2.804,
2025-06-12,2.834,23947529547,,2.834,
2025-06-13,2.899,23339676914,,2.899,
2025-06-14,2.637,22957549197,,2.637,
2025-06-15,2.566,23056611262,,2.566,
2025-06-16,2.654,23757154063,,2.654,
2025-06-19,2.747,23057071650,,2.747,
2025-06-20,2.678,22032096228,,2.678,
2025-06-21,2.697,21055638426,,2.697,
2025-06-22,2.966,20443323846,,2.966,
2025-06-23,2.986,22117791195,,2.986,
2025-06-24,2.867,22304928242,,2.867,
2025-06-25,2.756,22164963106,,2.756,
2025-06-26,2.735,22018854777,,2.735,
2025-06-27,2.741,22067800220,,2.741,
2025-06-28,2.631,22214008671,,2.631,
2025-06-29,2.644,22709263855,,2.644,
2025-06-30,2.655,22638053628,,2.655,
2025-07-01,2.685,21945024770,,2.685,
2025-07-02,2.686,23619106217,,2.686,
2025-07-03,2.702,23631216293,,2.702,
2025-07-04,2.697,22745954285,,2.697,
2025-07-05,2.608,22890543537,,2.608,
2025-07-06,2.622,23580920219,,2.622,
2025-07-07,2.66,23135058400,,2.66,
2025-07-08,2.675,23812017278,,2.675,
2025-07-09,2.684,25203176450,,2.684,
2025-07-10,2.811,27126596599,,2.811,
2025-07-11,2.896,26784113686,,2.896,
2025-07-12,2.7,26781729652,,2.7,
2025-07-13,2.617,27084985724,,2.617,
2025-07-14,2.749,27506789075,,2.749,
2025-07-15,2.733,28438775260,,2.733,
2025-07-16,2.802,30786232400,,2.802,
2025-07-17,2.88,31695137047,,2.88,
2025-07-18,2.84,32465247547,,2.84,
2025-07-19,2.672,32423164681,,2.672,
2025-07-20,2.677,33848577986,,2.677,
2025-07-21,2.81,34247712215,,2.81,
2025-07-22,2.761,33776810092,,2.761,
2025-07-23,2.651,32836779376,,2.651,
2025-07-24,2.817,33587199286,,2.817,
2025-07-25,2.768,33448784156,,2.768,
2025-07-26,2.659,33710476570,,2.659,
2025-07-27,2.682,34518932343,,2.682,
2025-07-28,2.602,34106539190,,2.602,
2025-07-29,2.664,33830291899,,2.664,
2025-07-30,2.717,33726852924,,2.717,
2025-07-31,2.678,33292928839,,2.678,
2025-08-01,2.688,30950224959,,2.688,
2025-08-02,2.632,30443264595,,2.632,
2025-08-03,2.788,31061520555,,2.788,
2025-08-04,2.642,33077498057,,2.642,
2025-08-05,2.649,31853925612,,2.649,
2025-08-06,2.67,32675115384,,2.67,
2025-08-07,2.624,34596384973,,2.624,
2025-08-08,2.65,35674338081,,2.65,
2025-08-09,2.68,38035358220,,2.68,
2025-08-10,2.628,37465271387,,2.628,
2025-08-11,2.67,37333879288,,2.67,
2025-08-12,2.699,40364975323,,2.699,
2025-08-13,2.902,42035081155,,2.902,
2025-08-14,2.764,39871809707,,2.764,
2025-08-15,3.088,39393948759,,3.088,
2025-08-16,2.704,38927097363,,2.704,
2025-08-17,2.638,39808694940,,2.638,
2025-08-18,2.659,38579205794,,2.659,
2025-08-19,2.648,36437883738,,2.648,
2025-08-20,2.613,38245331447,,2.613,
2025-08-21,2.659,37373119182,,2.659,
2025-08-22,2.76,42441513059,,2.76,
2025-08-23,2.841,41634215940,,2.841,
2025-08-24,2.598,41445697460,,2.598,
2025-08-25,2.727,38363340938,,2.727,
2025-08-26,2.798,40136530454,,2.798,
2025-08-27,2.618,39561012990,,2.618,
2025-08-28,2.658,39184519025,,2.658,
2025-08-29,2.615,37969130880,,2.615,
2025-08-30,2.632,38075142811,,2.632,
2025-08-31,2.736,38683077568,,2.736,
2025-09-01,2.783,37110426917,,2.783,
2025-09-02,2.774,37532415195,,2.774,
2025-09-03,2.719,38655729077,,2.719,
2025-09-04,2.594,37474500276,,2.594,
2025-09-05,2.709,37326699665,,2.709,
2025-09-06,2.616,36990779425,,2.616,
2025-09-07,2.575,37320808672,,2.575,
2025-09-08,2.576,37402557149,,2.576,
2025-09-09,2.602,37362860871,,2.602,
2025-09-10,2.725,37465954267,,2.725,
2025-09-11,2.633,38275003618,,2.633,
2025-09-12,2.631,40678579241,,2.631,
2025-09-13,2.642,40018529436,,2.642,
2025-09-14,2.599,39742646814,,2.599,
2025-09-15,2.593,38814366250,,2.593,
2025-09-16,2.599,38797632691,,2.599,
2025-09-17,2.582,39289200014,,2.582,
2025-09-18,2.645,39454698418,,2.645,
2025-09-19,2.73,38329527825,,2.73,
2025-09-20,2.654,38368813120,,2.654,
2025-09-21,2.538,38144499411,,2.538,
2025-09-22,2.645,35785105082,,2.645,
2025-09-23,2.667,35706192442,,2.667,
2025-09-24,2.649,35454099306,,2.649,
2025-09-25,2.562,33168663350,,2.562,
2025-09-26,2.619,35044684596,,2.619,
2025-09-27,2.787,34408453096,,2.787,
2025-09-28,2.548,35100607582,,2.548,
2025-09-29,2.545,36052891003,,2.545,
2025-09-30,2.598,35373741194,,2.598,
2025-10-01,2.559,36761103514,,2.559,
2025-10-02,2.575,38046198156,,2.575,
2025-10-03,2.57,38592759202,,2.57,
2025-10-04,2.582,38232676279,,2.582,
2025-10-05,2.562,38461007494,,2.562,
2025-10-06,2.551,40003469986,,2.551,
2025-10-07,3.153,38341273318,,3.153,
2025-10-08,2.614,38602886397,,2.614,
2025-10-09,2.601,37170197003,,2.601,
2025-10-10,2.643,32690720846,,2.643,
2025-10-11,7.051,31714688410,,7.051,
2025-10-12,2.624,35153335096,,2.624,
2025-10-13,2.673,36190773979,,2.673,
2025-10-14,2.657,34953239533,,2.657,
2025-10-15,2.632,33601774576,,2.632,
2025-10-16,2.595,32835312989,,2.595,
2025-10-17,2.674,32826883903,,2.674,
2025-10-18,2.594,33008634002,,2.594,
2025-10-19,2.572,34130781600,,2.572,
2025-10-20,2.57,33710719906,,2.57,
2025-10-21,2.591,33164735768,,2.591,
2025-10-22,2.651,31888007929,,2.651,
2025-10-23,2.555,32641983586,,2.555,
2025-10-24,2.539,33787930710,,2.539,
2025-10-25,2.544,33925852750,,2.544,
2025-10-26,2.511,35813182164,,2.511,
2025-10-27,2.581,35441457875,,2.581,
2025-10-28,2.529,34231758934,,2.529,
2025-10-29,2.529,33905176035,,2.529,
2025-10-30,2.569,32444290216,,2.569,
2025-10-31,2.568,33153029598,,2.568,
2025-11-01,2.534,33173687996,,2.534,
2025-11-02,2.496,33154154257,,2.496,
2025-11-03,2.79,30838337796,,2.79,
2025-11-04,2.671,27859529316,,2.671,
2025-11-05,2.969,29646213918,,2.969,
2025-11-06,2.562,28569979158,,2.562,
2025-11-07,2.651,29764680664,,2.651,
2025-11-08,2.598,29312767255,,2.598,
2025-11-09,2.508,30858958148,,2.508,
2025-11-10,2.58,30667169586,,2.58,
2025-11-11,2.624,29629300927,,2.624,
2025-11-12,2.537,29458035874,,2.537,
2025-11-13,2.55,27737219994,,2.55,
2025-11-14,2.766,27340172593,,2.766,
2025-11-15,2.618,27358729047,,2.618,
2025-11-16,2.545,26649050241,,2.545,
2025-11-17,2.657,26028572158,,2.657,
2025-11-18,2.768,26888972133,,2.768,
2025-11-19,2.598,25562021647,,2.598,
2025-11-20,2.988,24968339502,,2.988,
2025-11-21,3.498,23463883416,,3.498,
2025-11-22,2.697,24113964136,,2.697,
2025-11-23,2.544,24430964577,,2.544,
2025-11-24,2.545,25667734292,,2.545,
2025-11-25,2.555,25627609170,,2.555,
2025-11-26,2.556,26082024487,,2.556,
2025-11-27,2.649,26101588736,,2.649,
2025-11-28,2.576,26104922000,,2.576,
2025-11-29,2.567,25783141341,,2.567,
2025-11-30,2.531,26140036491,,2.531,
2025-12-01,2.628,24266045201,,2.628,
2025-12-02,2.613,26076624899,,2.613,
2025-12-03,2.654,27538013593,,2.654,
2025-12-04,2.364,27218749901,,2.364,
2025-12-05,2.546,26241030112,,2.546,
2025-12-06,2.52,26374745386,,2.52,
2025-12-07,2.519,26448109090,,2.519,
2025-12-08,2.573,27230130748,,2.573,
2025-12-09,2.53,29118157411,,2.53,
2025-12-10,2.558,29159140538,,2.558,
2025-12-11,2.538,28406526897,,2.538,
2025-12-12,2.525,27063847112,,2.525,
2025-12-13,2.534,27225348497,,2.534,
2025-12-14,2.499,26983186934,,2.499,
2025-12-15,2.506,25784180548,,2.506,
2025-12-16,2.572,25911760027,,2.572,
2025-12-17,2.54,24806562536,,2.54,
2025-12-18,2.569,24792991816,,2.569,
2025-12-19,2.784,26090945582,,2.784,
2025-12-20,2.563,26069898424,,2.563,
2025-12-21,2.529,26100437633,,2.529,
2025-12-22,2.55,26459353469,,2.55,
2025-12-23,2.56,26015256157,,2.56,
2025-12-24,2.54,25947240863,,2.54,
2025-12-25,2.552,25740184420,,2.552,
2025-12-26,2.556,25684338500,,2.556,
2025-12-27,2.531,25748098148,,2.531,
2025-12-28,2.531,25790012028,,2.531,
2025-12-29,2.545,25817937700,,2.545,
2025-12-30,2.544,26116659097,,2.544,
2025-12-31,2.572,26190298274,,2.572,
2026-01-01,2.545,26403576808,,2.545,
2026-01-02,2.549,27679953237,,2.549,
2026-01-03,2.549,27569469165,,2.549,
2026-01-04,2.503,27747134849,,2.503,
2026-01-05,2.509,28714044884,,2.509,
2026-01-06,2.538,29030844981,,2.538,
2026-01-07,2.54,27919771802,,2.54,
2026-01-08,2.512,27738340529,,2.512,
2026-01-09,2.512,27419195610,,2.512,
2026-01-10,2.501,27490833584,,2.501,
2026-01-11,2.462,27717855529,,2.462,
2026-01-12,2.462,27651395785,,2.462,
2026-01-13,2.473,29516236822,,2.473,
2026-01-14,2.488,30022626379,,2.488,
2026-01-15,2.47,29542296780,,2.47,
2026-01-16,2.455,29433694645,,2.455,
2026-01-17,2.45,29689064107,,2.45,
2026-01-18,2.433,30131145687,,2.433,
2026-01-19,2.471,29113694251,,2.471,
2026-01-20,2.427,27043461562,,2.427,
2026-01-21,2.43,28027036631,,2.43,
2026-01-22,2.4,27483361533,,2.4,
2026-01-23,2.357,27586760688,,2.357,
2026-01-24,2.327,27704695386,,2.327,
2026-01-25,2.344,26448027293,,2.344,
2026-01-26,2.386,27575465792,,2.386,
2026-01-27,2.352,28440779078,,2.352,
2026-01-28,2.313,28589572430,,2.313,
2026-01-29,2.299,26905181820,,2.299,
2026-01-30,2.431,25849834003,,2.431,
2026-01-31,2.386,23152356381,,2.386,
2026-02-01,3.617,22231466677,,3.617,
2026-02-02,2.569,22489535437,,2.569,
2026-02-03,2.331,21575519453,,2.331,
2026-02-04,2.454,20332473382,,2.454,
2026-02-05,2.575,17987969919,,2.575,
2026-02-06,3.878,19839754263,,3.878,
2026-02-07,2.456,20022018681,,2.456,
2026-02-08,2.462,20029998886,,2.462,
2026-02-09,2.326,20164931177,,2.326,
2026-02-10,2.311,19323305448,,2.311,
2026-02-11,2.351,18697051768,,2.351,
2026-02-12,2.379,18550762032,,2.379,
2026-02-13,2.326,19566998359,,2.326,
2026-02-14,2.356,19910900407,,2.356,
2026-02-15,2.283,18616693844,,2.283,
2026-02-16,2.389,18913263436,,2.389,
2026-02-17,2.306,18924478031,,2.306,
2026-02-18,2.316,18391332987,,2.316,
2026-02-19,2.319,18396776323,,2.319,
2026-02-20,2.339,18630671295,,2.339,
2026-02-21,2.306,18750315920,,2.306,
2026-02-22,2.302,18425585415,,2.302,
2026-02-23,2.32,17569402070,,2.32,
2026-02-24,2.367,17508778309,,2.367,
2026-02-25,2.334,19675878702,,2.334,
2026-02-26,2.393,19120221727,,2.393,
2026-02-27,2.326,18100072658,,2.326,
2026-02-28,2.363,18505994790,,2.363,
2026-03-01,2.356,18213439986,,2.356,
2026-03-02,2.379,19254649842,,2.379,
2026-03-03,2.501,18527131258,,2.501,
2026-03-04,2.519,19812278879,,2.519,
2026-03-05,2.438,19226712087,,2.438,
2026-03-06,2.34,18302451735,,2.34,
2026-03-07,2.332,18177090725,,2.332,
2026-03-08,2.338,17961033353,,2.338,
2026-03-09,2.371,18459971862,,2.371,
2026-03-10,2.384,18678517241,,2.384,
2026-03-11,2.43,19027269889,,2.43,
2026-03-12,2.464,18977173557,,2.464,
2026-03-13,4.568,19169047136,,4.568,
2026-03-14,2.412,19152262698,,2.412,
2026-03-15,2.372,19962892307,,2.372,
2026-03-16,2.512,21711206042,,2.512,
2026-03-17,2.408,21352820748,,2.408,
2026-03-18,2.387,20199105328,,2.387,
2026-03-19,2.456,19786603356,,2.456,
2026-03-20,2.447,19852582547,,2.447,
2026-03-21,2.382,19743823926,,2.382,
2026-03-22,2.928,18763094759,,2.928,
2026-03-23,2.499,19761025070,,2.499,
2026-03-24,2.443,19717508855,,2.443,
2026-03-25,2.425,19842698181,,2.425,
2026-03-26,2.455,18955321206,,2.455,
2026-03-27,2.462,18238284039,,2.462,
2026-03-28,2.406,18451341645,,2.406,
2026-03-29,2.384,18131957303,,2.384,
2026-03-30,2.41,18726113839,,2.41,
2026-03-31,2.421,19331329288,,2.421,
2026-04-01,2.434,19831173985,,2.434,
2026-04-02,2.521,19076234220,,2.521,
2026-04-03,2.412,19017515514,,2.412,
2026-04-04,2.367,19232967738,,2.367,
2026-04-05,2.366,19346858310,,2.366,
2026-04-06,2.383,19740314124,,2.383,
2026-04-07,2.401,20715088078,,2.401,
2026-04-08,2.423,20542820790,,2.423,
2026-04-09,2.358,20883508263,,2.358,
2026-04-10,2.378,21085535262,,2.378,
2026-04-11,2.367,21509974947,,2.367,
2026-04-12,2.359,20591041646,,2.359,
2026-04-13,2.392,22147232348,,2.392,
2026-04-14,2.411,21893434948,,2.411,
2026-04-15,2.373,22428279587,,2.373,
2026-04-16,2.374,22067983214,,2.374,
2026-04-17,2.446,22888695246,,2.446,
2026-04-18,2.459,22130557281,,2.459,
2026-04-19,2.665,21230675911,,2.665,
2026-04-20,2.829,21729203244,,2.829,
2026-04-21,2.626,21602140175,,2.626,
2026-04-22,2.586,22397742893,,2.586,
2026-04-23,2.613,21758150863,,2.613,
2026-04-24,2.639,21609650652,,2.639,
2026-04-25,2.482,21619974358,,2.482,
2026-04-26,2.523,21976270313,,2.523,
2026-04-27,2.508,21364493936,,2.508,
2026-04-28,2.543,21308071762,,2.543,
2026-04-29,2.8,20720864868,,2.8,
2026-04-30,2.674,20548748101,,2.674,
2026-05-01,2.557,20836085149,,2.557,
2026-05-02,2.448,21027995759,,2.448,
2026-05-03,2.375,21234150325,,2.375,
2026-05-04,2.44,21315690812,,2.44,
2026-05-05,2.43,21331552268,,2.43,
2026-05-06,2.535,21171703693,,2.535,
2026-05-07,3.232,20139254536,,3.232,
2026-05-08,2.599,20395616761,,2.599,
2026-05-09,2.533,20493346604,,2.533,
2026-05-10,2.421,20673584619,,2.421,
2026-05-11,2.481,20495953911,,2.481,
2026-05-12,2.506,20006228588,,2.506,
2026-05-13,2.452,19787887597,,2.452,
2026-05-14,2.47,20139999171,,2.47,
2026-05-15,2.41,19434994742,,2.41,
2026-05-16,2.427,19298443995,,2.427,
2026-05-17,2.369,19334113103,,2.369,
2026-05-18,2.426,18953649370,,2.426,
2026-05-19,2.393,18666975969,,2.393,
2026-05-20,2.379,18778193777,,2.379,
2026-05-21,2.412,18882931429,,2.412,
2026-05-22,2.345,18356177238,,2.345,
2026-05-23,2.355,18781582906,,2.355,
2026-05-24,2.363,18527161225,,2.363,
2026-05-25,2.358,18723755999,,2.358,
2026-05-26,2.368,18342825877,,2.368,
2026-05-27,2.393,17971037204,,2.393,
2026-05-28,2.464,17838550893,,2.464,
2026-05-29,2.403,17870628834,,2.403,
2026-05-30,2.391,17914493692,,2.391,
2026-05-31,2.365,17832800205,,2.365,
2026-06-01,2.388,17762577659,,2.388,
2026-06-02,2.412,16478199646,,2.412,
2026-06-03,2.513,16202195170,,2.513,
2026-06-04,2.562,15626514880,,2.562,
2026-06-05,2.719,14206498779,,2.719,
2026-06-06,3.115,13823135498,,3.115,
2026-06-07,2.377,14956602045,,2.377,
2026-06-08,2.584,15130075813,,2.584,
2026-06-09,2.569,14677139953,,2.569,
2026-06-10,2.394,14432532129,,2.394,
2026-06-11,2.408,14970106508,,2.408,
2026-06-12,2.378,14807286475,,2.378,
2026-06-13,2.35,15015494570,,2.35,
2026-06-14,2.313,15505224123,,2.313,
2026-06-15,2.337,16113899327,,2.337,
2026-06-16,2.39,16117261752,,2.39,
2026-06-17,2.386,15667047206,,2.386,
2026-06-18,2.386,15305730965,,2.386,
2026-06-19,2.387,15338029118,,2.387,
2026-06-20,2.303,15701531712,,2.303,
2026-06-21,2.284,15487931957,,2.284,
2026-06-22,2.327,15527664061,,2.327,
2026-06-23,2.373,15077100756,,2.373,
2026-06-24,2.283,14730562437,,2.283,
2026-06-25,2.379,14196961284,,2.379,
2026-06-26,2.634,14274469752,,2.634,
2026-06-27,2.321,14205871643,,2.321,
2026-06-28,2.238,14203219609,,2.238,
2026-06-29,2.261,14717062801,,2.261,
2026-06-30,2.317,14345735997,,2.317,
2026-07-01,2.284,14832824339,,2.284,
2026-07-02,2.324,15487726218,,2.324,
2026-07-03,2.282,16098811457,,2.282,
2026-07-04,2.244,16327995915,,2.244,
2026-07-05,2.223,16351713754,,2.223,
2026-07-06,2.205,16592375355,,2.205,
2026-07-07,2.261,16266843628,,2.261,
2026-07-08,2.262,15912257388,,2.262,
2026-07-09,2.23,16021430033,,2.23,
2026-07-10,2.208,16450080912,,2.208,
2026-07-11,2.201,16636906559,,2.201,
2026-07-12,2.185,16563045457,,2.185,
2026-07-13,2.201,16201013602,,2.201,
2026-07-14,2.226,17269005080,,2.226,
2026-07-15,2.202,17666151970,,2.202,
2026-07-16,2.203,17223311620,,2.203,
2026-07-17,2.207,16935927318,,2.207,
2026-07-18,2.218,17106513224,,2.218,
2026-07-19,2.151,17189881931,,2.151,
2026-07-20,2.207,17405920800,,2.207,
2026-07-21,2.197,17758584786,,2.197,
2026-07-22,2.209,17960293688,,2.209,
2026-07-23,2.163,17554500997,,2.163,
2026-07-24,2.182,17351449706,,2.182,
2026-07-25,2.045,17485563062,,2.045,
2026-07-26,2.292,18088424052,,2.292,
2026-07-27,2.292,18192911688,,2.292,
