data,preco_steth_eth,preco_steth_usd,preco_eth_usd,depeg_pct
2020-12-31,0.973363,733.32,753.39,-2.6637
2021-01-01,0.988789,723.53,731.74,-1.1211
2021-01-04,0.981134,948.76,967.0,-1.8866
2021-01-05,0.9262,966.9,1043.94,-7.38
2021-01-06,1.063418,1173.33,1103.36,6.3418
2021-01-07,0.973991,1177.14,1208.58,-2.6009
2021-01-09,1.000861,1224.78,1223.73,0.0861
2021-01-10,0.966198,1247.31,1290.94,-3.3802
2021-01-11,0.865869,1076.21,1242.92,-13.4131
2021-01-12,0.950596,1038.92,1092.91,-4.9404
2021-01-14,1.067347,1208.25,1132.02,6.7347
2021-01-16,0.97195,1160.64,1194.14,-2.805
2021-01-17,0.988861,1212.25,1225.9,-1.1139
2021-01-18,0.971086,1193.83,1229.38,-2.8914
2021-01-19,1.004877,1261.87,1255.75,0.4877
2021-01-20,0.927747,1283.52,1383.48,-7.2253
2021-01-21,0.808578,1110.66,1373.6,-19.1422
2021-01-22,1.078017,1210.52,1122.91,7.8017
2021-01-24,1.015457,1241.67,1222.77,1.5457
2021-01-25,0.956576,1332.07,1392.54,-4.3424
2021-01-26,1.016414,1364.7,1342.66,1.6414
2021-01-28,1.097229,1368.34,1247.09,9.7229
2021-01-29,0.974693,1304.47,1338.34,-2.5307
2021-02-01,0.969664,1270.52,1310.26,-3.0336
2021-02-02,1.00303,1370.32,1366.18,0.303
2021-02-03,1.073221,1622.6,1511.9,7.3221
2021-02-06,1.011279,1747.68,1728.19,1.1279
2021-02-07,0.963307,1616.24,1677.81,-3.6693
2021-02-09,0.992478,1756.89,1770.21,-0.7522
2021-02-10,0.982111,1737.41,1769.05,-1.7889
2021-02-11,0.962405,1673.78,1739.16,-3.7595
2021-02-12,1.007707,1798.09,1784.34,0.7707
2021-02-13,0.982025,1808.1,1841.2,-1.7975
2021-02-14,0.994288,1802.51,1812.86,-0.5712
2021-02-15,1.001685,1803.13,1800.1,0.1685
2021-02-16,1.007684,1791.37,1777.71,0.7684
2021-02-17,0.991481,1767.65,1782.84,-0.8519
2021-02-18,0.989855,1826.85,1845.57,-1.0145
2021-02-19,0.972824,1890.18,1942.98,-2.7176
2021-02-20,0.972226,1914.17,1968.86,-2.7774
2021-02-21,0.981945,1894.53,1929.37,-1.8055
2021-02-22,0.965188,1873.84,1941.43,-3.4812
2021-02-23,0.967796,1732.04,1789.67,-3.2204
2021-02-24,0.990902,1549.7,1563.92,-0.9098
2021-02-25,0.992594,1616.33,1628.39,-0.7406
2021-02-26,1.006106,1477.83,1468.86,0.6106
2021-02-27,0.997279,1447.14,1451.09,-0.2721
2021-02-28,0.97938,1449.61,1480.13,-2.062
2021-03-01,0.990256,1401.03,1414.82,-0.9744
2021-03-02,0.98831,1551.56,1569.91,-1.169
2021-03-03,0.990828,1483.36,1497.09,-0.9172
2021-03-04,0.953683,1497.28,1570.0,-4.6317
2021-03-05,0.977548,1511.78,1546.5,-2.2452
2021-03-06,0.98735,1519.58,1539.05,-1.265
2021-03-07,0.961046,1594.95,1659.59,-3.8954
2021-03-08,0.943054,1629.09,1727.46,-5.6946
2021-03-09,0.94062,1728.06,1837.15,-5.938
2021-03-10,0.957163,1789.25,1869.33,-4.2837
2021-03-11,0.983856,1773.22,1802.31,-1.6144
2021-03-12,0.973039,1782.05,1831.43,-2.6961
2021-03-13,0.98264,1738.18,1768.89,-1.736
2021-03-14,0.940722,1813.45,1927.72,-5.9278
2021-03-16,0.971098,1739.28,1791.05,-2.8902
2021-03-17,0.979524,1771.52,1808.55,-2.0476
2021-03-18,0.956157,1748.58,1828.75,-4.3843
2021-03-19,0.97238,1699.73,1748.01,-2.762
2021-03-20,0.97169,1772.26,1823.89,-2.831
2021-03-21,0.950085,1732.19,1823.2,-4.9915
2021-03-22,0.949419,1699.82,1790.38,-5.0581
2021-03-23,0.945437,1588.62,1680.31,-5.4563
2021-03-24,0.899067,1504.91,1673.86,-10.0933
2021-03-25,0.947723,1502.0,1584.85,-5.2277
2021-03-26,1.004999,1593.87,1585.94,0.4999
2021-03-27,0.944085,1627.53,1723.93,-5.5915
2021-03-28,0.930746,1595.15,1713.84,-6.9254
2021-03-29,1.019681,1720.29,1687.08,1.9681
2021-03-30,0.959947,1745.22,1818.04,-4.0053
2021-03-31,1.062911,1956.07,1840.29,6.2911
2021-04-01,1.037603,1998.48,1926.05,3.7603
2021-04-02,1.06542,2091.73,1963.3,6.542
2021-04-04,1.044007,2095.85,2007.51,4.4007
2021-04-05,1.025564,2131.88,2078.74,2.5564
2021-04-06,1.022612,2150.14,2102.59,2.2612
2021-04-07,0.962747,2034.51,2113.24,-3.7253
2021-04-08,1.05179,2078.7,1976.35,5.179
2021-04-09,0.981582,2043.24,2081.57,-1.8418
2021-04-10,1.016816,2104.47,2069.67,1.6816
2021-04-11,0.988803,2116.79,2140.76,-1.1197
2021-04-12,0.986359,2120.93,2150.27,-1.3641
2021-04-13,1.053431,2255.33,2140.93,5.3431
2021-04-14,1.015322,2344.59,2309.21,1.5322
2021-04-15,1.006157,2444.62,2429.66,0.6157
2021-04-16,0.933883,2349.92,2516.29,-6.6117
2021-04-17,0.936099,2277.22,2432.67,-6.3901
2021-04-18,0.931313,2169.87,2329.91,-6.8687
2021-04-19,0.971987,2158.29,2220.49,-2.8013
2021-04-20,1.022035,2215.81,2168.03,2.2035
2021-04-21,0.976764,2283.23,2337.55,-2.3236
2021-04-22,0.983397,2334.09,2373.5,-1.6603
2021-04-23,0.928663,2244.31,2416.71,-7.1337
2021-04-24,0.925864,2195.74,2371.56,-7.4136
2021-04-25,1.026323,2271.09,2212.84,2.6323
2021-04-26,1.054765,2433.72,2307.36,5.4765
2021-04-27,1.053416,2667.66,2532.39,5.3416
2021-04-28,1.03631,2758.85,2662.19,3.631
2021-04-29,1.012133,2782.14,2748.78,1.2133
2021-04-30,0.972342,2681.23,2757.5,-2.7658
2021-05-01,1.032034,2865.65,2776.7,3.2034
2021-05-02,0.974933,2872.24,2946.09,-2.5067
2021-05-03,1.124716,3322.16,2953.78,12.4716
2021-05-05,1.062813,3449.53,3245.66,6.2813
2021-05-06,0.991324,3497.27,3527.88,-0.8676
2021-05-07,0.986403,3447.55,3495.08,-1.3597
2021-05-08,1.105183,3861.0,3493.53,10.5183
2021-05-09,0.990332,3874.92,3912.74,-0.9668
2021-05-11,1.027175,4087.76,3979.61,2.7175
2021-05-12,0.951042,3978.01,4182.79,-4.8958
2021-05-13,0.950641,3713.31,3906.11,-4.9359
2021-05-15,0.992159,4056.67,4088.73,-0.7841
2021-05-16,0.96972,3549.1,3659.92,-3.028
2021-05-17,0.898968,3238.09,3602.0,-10.1032
2021-05-18,1.011875,3327.28,3288.23,1.1875
2021-05-19,0.782047,2658.22,3399.05,-21.7953
2021-05-21,0.96583,2738.76,2835.65,-3.417
2021-05-22,0.981685,2392.59,2437.22,-1.8315
2021-05-23,1.001032,2291.95,2289.59,0.1032
2021-05-24,0.991266,2107.11,2125.68,-0.8734
2021-05-25,0.983539,2605.98,2649.59,-1.6461
2021-05-26,0.998996,2692.77,2695.48,-0.1004
2021-05-27,0.992589,2873.77,2895.23,-0.7411
2021-05-28,0.99345,2725.02,2742.99,-0.655
2021-05-29,0.997912,2420.94,2426.01,-0.2088
2021-05-30,0.996489,2262.5,2270.47,-0.3511
2021-05-31,0.992152,2377.05,2395.85,-0.7848
2021-06-01,0.994528,2714.7,2729.64,-0.5472
2021-06-02,1.000696,2629.82,2627.99,0.0696
2021-06-03,0.994764,2694.83,2709.02,-0.5236
2021-06-04,0.988131,2834.71,2868.76,-1.1869
2021-06-05,0.999061,2691.97,2694.5,-0.0939
2021-06-06,0.988866,2599.17,2628.44,-1.1134
2021-06-07,0.997397,2704.49,2711.55,-0.2603
2021-06-08,0.98968,2592.68,2619.71,-1.032
2021-06-09,1.011005,2525.33,2497.84,1.1005
2021-06-10,1.00056,2615.82,2614.35,0.056
2021-06-11,1.007547,2487.41,2468.78,0.7547
2021-06-12,0.997697,2350.35,2355.77,-0.2303
2021-06-13,1.00077,2381.83,2379.99,0.077
2021-06-14,0.993728,2501.98,2517.77,-0.6272
2021-06-15,0.999155,2586.28,2588.46,-0.0845
2021-06-16,0.998242,2555.23,2559.73,-0.1758
2021-06-17,0.996029,2356.48,2365.87,-0.3971
2021-06-18,0.999322,2377.53,2379.14,-0.0678
2021-06-19,0.998255,2225.12,2229.01,-0.1745
2021-06-20,0.99624,2169.52,2177.71,-0.376
2021-06-21,1.00361,2259.12,2251.0,0.361
2021-06-22,0.998902,1892.36,1894.44,-0.1098
2021-06-23,0.997371,1870.43,1875.36,-0.2629
2021-06-24,0.994469,1960.2,1971.11,-0.5531
2021-06-25,0.998627,1988.5,1991.24,-0.1373
2021-06-26,0.995321,1820.63,1829.19,-0.4679
2021-06-27,1.001981,1820.65,1817.05,0.1981
2021-06-28,1.000702,1975.31,1973.93,0.0702
2021-06-29,0.999345,2086.15,2087.52,-0.0655
2021-06-30,1.005951,2182.31,2169.4,0.5951
2021-07-01,0.992488,2262.23,2279.35,-0.7512
2021-07-02,1.00127,2124.35,2121.66,0.127
2021-07-03,1.001855,2161.88,2157.88,0.1855
2021-07-04,0.990757,2212.56,2233.2,-0.9243
2021-07-05,1.005717,2342.32,2329.0,0.5717
2021-07-06,1.000819,2213.15,2211.34,0.0819
2021-07-07,1.002991,2330.47,2323.52,0.2991
2021-07-08,1.005763,2331.25,2317.89,0.5763
2021-07-09,0.995014,2115.84,2126.44,-0.4986
2021-07-10,1.000284,2157.19,2156.58,0.0284
2021-07-11,1.000713,2122.47,2120.96,0.0713
2021-07-12,0.997407,2138.28,2143.84,-0.2593
2021-07-13,0.998752,2039.87,2042.42,-0.1248
2021-07-14,0.998917,1942.19,1944.3,-0.1083
2021-07-15,0.998519,1994.71,1997.66,-0.1481
2021-07-16,1.00507,1918.74,1909.06,0.507
2021-07-17,0.993461,1861.95,1874.2,-0.6539
2021-07-18,0.993693,1891.4,1903.4,-0.6307
2021-07-19,0.993919,1894.13,1905.72,-0.6081
2021-07-20,0.997401,1820.19,1824.93,-0.2599
2021-07-21,1.000777,1794.29,1792.9,0.0777
2021-07-22,0.991863,1986.89,2003.19,-0.8137
2021-07-23,0.996424,2018.96,2026.21,-0.3576
2021-07-24,0.991586,2102.08,2119.91,-0.8414
2021-07-25,0.99201,2175.42,2192.94,-0.799
2021-07-26,0.994856,2197.35,2208.71,-0.5144
2021-07-27,0.991198,2215.07,2234.74,-0.8802
2021-07-28,0.995435,2282.12,2292.58,-0.4565
2021-07-29,0.998854,2297.05,2299.69,-0.1146
2021-07-30,0.997329,2370.47,2376.82,-0.2671
2021-07-31,0.992075,2442.89,2462.4,-0.7925
2021-08-01,1.000525,2540.9,2539.57,0.0525
2021-08-02,1.001214,2563.22,2560.11,0.1214
2021-08-03,1.004377,2623.1,2611.67,0.4377
2021-08-04,0.998891,2503.63,2506.41,-0.1109
2021-08-05,1.000404,2725.63,2724.53,0.0404
2021-08-06,1.000249,2822.35,2821.65,0.0249
2021-08-07,0.995788,2877.77,2889.94,-0.4212
2021-08-08,0.990835,3122.34,3151.22,-0.9165
2021-08-09,1.007623,3025.74,3002.84,0.7623
2021-08-10,0.99122,3135.29,3163.06,-0.878
2021-08-11,0.997474,3139.91,3147.86,-0.2526
2021-08-12,0.998287,3163.76,3169.18,-0.1713
2021-08-13,0.994165,3030.63,3048.41,-0.5835
2021-08-14,0.998701,3318.88,3323.2,-0.1299
2021-08-15,0.998826,3263.37,3267.21,-0.1174
2021-08-16,0.996226,3297.26,3309.75,-0.3774
2021-08-17,1.001035,3159.18,3155.91,0.1035
2021-08-18,0.998766,3003.43,3007.14,-0.1234
2021-08-19,0.99775,3037.73,3044.58,-0.225
2021-08-20,1.007593,3168.7,3144.82,0.7593
2021-08-21,0.998995,3273.68,3276.97,-0.1005
2021-08-22,1.003266,3234.53,3224.0,0.3266
2021-08-23,1.001259,3247.57,3243.49,0.1259
2021-08-24,1.002109,3319.29,3312.3,0.2109
2021-08-25,1.002359,3185.16,3177.66,0.2359
2021-08-26,0.998779,3226.57,3230.51,-0.1221
2021-08-27,1.000743,3125.29,3122.97,0.0743
2021-08-28,0.997115,3258.11,3267.54,-0.2885
2021-08-29,0.994755,3228.41,3245.43,-0.5245
2021-08-30,0.992756,3208.78,3232.19,-0.7244
2021-08-31,0.996471,3221.33,3232.73,-0.3529
2021-09-01,0.993749,3419.06,3440.56,-0.6251
2021-09-02,0.986275,3762.76,3815.12,-1.3725
2021-09-03,0.994406,3771.26,3792.48,-0.5594
2021-09-04,0.991849,3904.08,3936.16,-0.8151
2021-09-05,0.994604,3869.17,3890.16,-0.5396
2021-09-06,0.994928,3927.36,3947.38,-0.5072
2021-09-07,0.990898,3907.36,3943.26,-0.9102
2021-09-08,0.99283,3415.68,3440.34,-0.717
2021-09-09,0.99873,3492.42,3496.86,-0.127
2021-09-10,0.986417,3389.31,3435.98,-1.3583
2021-09-11,0.981657,3160.83,3219.89,-1.8343
2021-09-12,0.979028,3205.76,3274.43,-2.0972
2021-09-13,0.982563,3358.24,3417.84,-1.7437
2021-09-14,0.987246,3249.24,3291.22,-1.2754
2021-09-15,0.984311,3371.51,3425.25,-1.5689
2021-09-16,0.990942,3563.39,3595.96,-0.9058
2021-09-17,0.989736,3536.57,3573.25,-1.0264
2021-09-18,0.986409,3367.04,3413.43,-1.3591
2021-09-19,0.991203,3406.75,3436.98,-0.8797
2021-09-20,0.990946,3306.74,3336.96,-0.9054
2021-09-21,0.98835,2945.11,2979.83,-1.165
2021-09-22,0.98078,2718.11,2771.38,-1.922
2021-09-23,0.985921,3037.4,3080.77,-1.4079
2021-09-24,0.992123,3134.59,3159.48,-0.7877
2021-09-25,0.992156,2907.75,2930.74,-0.7844
2021-09-26,0.991511,2917.22,2942.2,-0.8489
2021-09-27,0.989207,3030.25,3063.32,-1.0793
2021-09-28,0.995543,2905.88,2918.89,-0.4457
2021-09-29,0.998173,2795.94,2801.06,-0.1827
2021-09-30,0.991236,2832.03,2857.07,-0.8764
2021-10-01,0.989394,2977.78,3009.71,-1.0606
2021-10-02,0.990379,3278.4,3310.25,-0.9621
2021-10-03,0.99193,3373.67,3401.11,-0.807
2021-10-04,0.993779,3405.07,3426.39,-0.6221
2021-10-05,0.997897,3383.18,3390.31,-0.2103
2021-10-06,0.992532,3497.28,3523.59,-0.7468
2021-10-07,0.989893,3553.1,3589.38,-1.0107
2021-10-08,0.99384,3572.78,3594.92,-0.616
2021-10-09,0.992634,3543.89,3570.19,-0.7366
2021-10-10,0.996309,3564.27,3577.48,-0.3691
2021-10-11,0.992572,3405.53,3431.02,-0.7428
2021-10-12,0.988632,3497.62,3537.84,-1.1368
2021-10-13,0.995497,3481.19,3496.94,-0.4503
2021-10-14,0.99211,3577.2,3605.65,-0.789
2021-10-15,1.01174,3839.07,3794.52,1.174
2021-10-16,0.983436,3821.28,3885.64,-1.6564
2021-10-17,0.985054,3792.71,3850.26,-1.4946
2021-10-19,0.994086,3729.91,3752.1,-0.5914
2021-10-20,1.06269,4138.67,3894.52,6.269
2021-10-21,0.97244,4055.18,4170.11,-2.756
2021-10-22,0.977601,3964.43,4055.26,-2.2399
2021-10-23,1.040052,4131.54,3972.43,4.0052
2021-10-24,0.970573,4063.57,4186.77,-2.9427
2021-10-25,1.025097,4200.84,4097.99,2.5097
2021-10-26,0.973679,4118.86,4230.21,-2.6321
2021-10-27,0.948707,3939.57,4152.57,-5.1293
2021-10-28,1.078623,4254.19,3944.09,7.8623
2021-10-29,1.024175,4391.76,4288.1,2.4175
2021-10-30,0.965545,4268.51,4420.83,-3.4455
2021-10-31,0.988812,4277.54,4325.93,-1.1188
2021-11-01,0.998873,4287.2,4292.04,-0.1127
2021-11-03,0.988733,4544.8,4596.59,-1.1267
2021-11-04,0.991112,4563.63,4604.56,-0.8888
2021-11-05,0.988213,4495.7,4549.33,-1.1787
2021-11-06,0.989844,4450.01,4495.67,-1.0156
2021-11-07,0.991797,4492.69,4529.85,-0.8203
2021-11-08,1.027516,4753.93,4626.63,2.7516
2021-11-09,0.980767,4722.86,4815.48,-1.9233
2021-11-10,0.968587,4593.12,4742.08,-3.1413
2021-11-11,1.016179,4716.63,4641.53,1.6179
2021-11-12,0.979648,4636.6,4732.92,-2.0352
2021-11-13,0.986855,4623.52,4685.11,-1.3145
2021-11-14,0.979139,4569.15,4666.5,-2.0861
2021-11-15,0.980097,4560.34,4652.95,-1.9903
2021-11-16,0.921796,4224.79,4583.21,-7.8204
2021-11-17,0.995292,4223.38,4243.35,-0.4708
2021-11-18,0.916567,3943.81,4302.8,-8.3433
2021-11-19,1.072396,4288.34,3998.84,7.2396
2021-11-20,1.017048,4391.21,4317.6,1.7048
2021-11-21,0.973418,4318.27,4436.19,-2.6582
2021-11-22,0.943583,4075.68,4319.36,-5.6417
2021-11-23,1.05284,4317.76,4101.06,5.284
2021-11-24,0.971829,4227.61,4350.16,-2.8171
2021-11-25,1.053143,4496.33,4269.44,5.3143
2021-11-27,0.999139,4044.83,4048.31,-0.0861
2021-11-28,0.990589,4045.65,4084.09,-0.9411
2021-11-29,1.023242,4389.8,4290.09,2.3242
2021-11-30,1.034702,4598.76,4444.53,3.4702
2021-12-01,0.979512,4542.12,4637.12,-2.0488
2021-12-02,0.984948,4517.34,4586.38,-1.5052
2021-12-03,0.928437,4196.02,4519.44,-7.1563
2021-12-04,0.96068,4073.43,4240.16,-3.932
2021-12-05,1.013221,4155.88,4101.66,1.3221
2021-12-06,1.024182,4300.1,4198.57,2.4182
2021-12-07,0.979966,4260.51,4347.62,-2.0034
2021-12-08,1.014957,4378.24,4313.71,1.4957
2021-12-09,0.933444,4137.41,4432.41,-6.6556
2021-12-10,0.948856,3940.92,4153.33,-5.1144
2021-12-11,1.025981,4020.0,3918.2,2.5981
2021-12-12,1.010482,4122.58,4079.81,1.0482
2021-12-13,0.912034,3772.03,4135.84,-8.7966
2021-12-14,1.009122,3817.4,3782.9,0.9122
2021-12-15,1.031076,3985.38,3865.27,3.1076
2021-12-16,0.986211,3969.27,4024.76,-1.3789
2021-12-17,0.971321,3857.66,3971.56,-2.8679
2021-12-18,1.013212,3938.1,3886.75,1.3212
2021-12-19,0.992983,3938.59,3966.43,-0.7017
2021-12-20,0.996969,3911.74,3923.64,-0.3031
2021-12-21,1.017531,4019.74,3950.48,1.7531
2021-12-22,0.983139,3968.49,4036.55,-1.6861
2021-12-24,0.992596,4090.16,4120.67,-0.7404
2021-12-25,1.008141,4083.12,4050.15,0.8141
2021-12-27,0.98648,4019.32,4074.4,-1.352
2021-12-28,0.93462,3778.22,4042.52,-6.538
2021-12-30,1.013017,3697.61,3650.1,1.3017
2021-12-31,0.984421,3666.15,3724.16,-1.5579
2022-01-01,1.01927,3751.83,3680.9,1.927
2022-01-03,0.99914,3823.98,3827.27,-0.086
2022-01-04,0.997295,3760.15,3770.34,-0.2705
2022-01-05,0.996967,3783.33,3794.84,-0.3033
2022-01-06,0.959947,3402.91,3544.89,-4.0053
2022-01-08,0.961268,3080.49,3204.61,-3.8732
2022-01-10,0.997528,3148.55,3156.36,-0.2472
2022-01-11,1.048478,3238.07,3088.35,4.8478
2022-01-13,0.99761,3371.12,3379.2,-0.239
2022-01-14,1.021724,3311.52,3241.11,2.1724
2022-01-16,0.998949,3327.75,3331.25,-0.1051
2022-01-17,0.999574,3353.81,3355.24,-0.0426
2022-01-18,0.996896,3210.69,3220.68,-0.3104
2022-01-19,0.997615,3158.51,3166.06,-0.2385
2022-01-20,0.99828,3089.78,3095.11,-0.172
2022-01-21,0.852163,2559.54,3003.59,-14.7837
2022-01-23,0.999961,2417.44,2417.53,-0.0039
2022-01-24,1.002046,2542.48,2537.29,0.2046
2022-01-25,0.999685,2440.34,2441.11,-0.0315
2022-01-26,1.003715,2468.18,2459.04,0.3715
2022-01-28,0.995272,2424.93,2436.45,-0.4728
2022-01-29,0.999622,2545.98,2546.94,-0.0378
2022-01-30,0.995173,2593.97,2606.55,-0.4827
2022-01-31,0.99588,2598.92,2609.67,-0.412
2022-02-01,1.000119,2685.07,2684.75,0.0119
2022-02-02,0.999064,2794.01,2796.63,-0.0936
2022-02-03,0.99675,2684.1,2692.85,-0.325
2022-02-04,1.000639,2680.38,2678.67,0.0639
2022-02-05,0.998762,2989.65,2993.35,-0.1238
2022-02-06,0.997983,3016.45,3022.55,-0.2017
2022-02-07,1.027867,3143.07,3057.86,2.7867
2022-02-09,0.99867,3121.68,3125.84,-0.133
2022-02-10,0.947769,3077.56,3247.17,-5.2231
2022-02-11,0.951789,2922.28,3070.3,-4.8211
2022-02-13,0.99827,2914.14,2919.19,-0.173
2022-02-14,0.999797,2881.53,2882.11,-0.0203
2022-02-15,0.998888,2932.82,2936.08,-0.1112
2022-02-16,0.984093,3130.78,3181.39,-1.5907
2022-02-18,0.964512,2786.62,2889.15,-3.5488
2022-02-20,0.999071,2767.09,2769.66,-0.0929
2022-02-21,1.000019,2626.83,2626.78,0.0019
2022-02-22,0.99753,2573.4,2579.77,-0.247
2022-02-23,0.999125,2640.16,2642.47,-0.0875
2022-02-24,0.999727,2584.69,2585.4,-0.0273
2022-02-25,0.998113,2594.06,2598.96,-0.1887
2022-02-26,0.999527,2769.06,2770.37,-0.0473
2022-02-27,0.998932,2780.09,2783.06,-0.1068
2022-02-28,0.998339,2619.16,2623.52,-0.1661
2022-03-01,0.996873,2920.37,2929.53,-0.3127
2022-03-02,0.997709,2967.67,2974.49,-0.2291
2022-03-03,0.998355,2949.12,2953.98,-0.1645
2022-03-04,0.999047,2833.99,2836.69,-0.0953
2022-03-05,0.999165,2619.03,2621.22,-0.0835
2022-03-06,0.998721,2665.45,2668.86,-0.1279
2022-03-07,0.996997,2551.36,2559.04,-0.3003
2022-03-08,0.9993,2493.46,2495.21,-0.07
2022-03-09,0.999162,2574.56,2576.72,-0.0838
2022-03-10,1.000948,2728.13,2725.55,0.0948
2022-03-11,0.999644,2607.36,2608.28,-0.0356
2022-03-12,0.998739,2557.96,2561.19,-0.1261
2022-03-13,0.9791,2515.78,2569.48,-2.09
2022-03-15,0.997653,2586.43,2592.52,-0.2347
2022-03-16,0.999635,2619.49,2620.45,-0.0365
2022-03-17,1.000466,2772.6,2771.31,0.0466
2022-03-18,1.046205,2944.08,2814.06,4.6205
2022-03-20,0.969972,2861.2,2949.77,-3.0028
2022-03-22,0.999787,2890.85,2891.46,-0.0213
2022-03-23,0.999923,2969.47,2969.7,-0.0077
2022-03-24,0.996038,3025.77,3037.81,-0.3962
2022-03-25,0.999251,3104.42,3106.75,-0.0749
2022-03-26,1.001079,3106.68,3103.33,0.1079
2022-03-27,0.998165,3138.11,3143.88,-0.1835
2022-03-28,0.999864,3284.2,3284.65,-0.0136
2022-03-29,0.999452,3327.23,3329.05,-0.0548
2022-03-30,1.001058,3401.32,3397.72,0.1058
2022-03-31,1.000707,3382.59,3380.2,0.0707
2022-04-01,1.000222,3282.41,3281.69,0.0222
2022-04-02,1.000703,3452.43,3450.0,0.0703
2022-04-03,0.999648,3441.06,3442.28,-0.0352
2022-04-04,1.00146,3520.38,3515.25,0.146
2022-04-05,0.999282,3518.79,3521.32,-0.0718
2022-04-06,1.00068,3411.61,3409.29,0.068
2022-04-07,0.998456,3169.49,3174.39,-0.1544
2022-04-08,1.000105,3230.04,3229.7,0.0105
2022-04-09,0.998565,3191.34,3195.93,-0.1435
2022-04-10,0.983361,3210.62,3264.95,-1.6639
2022-04-12,0.995921,2980.48,2992.69,-0.4079
2022-04-13,0.999239,3029.64,3031.95,-0.0761
2022-04-14,1.001257,3122.73,3118.81,0.1257
2022-04-15,0.998661,3020.45,3024.5,-0.1339
2022-04-16,0.999738,3044.64,3045.44,-0.0262
2022-04-17,0.999741,3062.88,3063.68,-0.0259
2022-04-18,0.99958,2991.78,2993.04,-0.042
2022-04-19,0.998855,3056.61,3060.11,-0.1145
2022-04-20,0.999797,3100.33,3100.96,-0.0203
2022-04-21,0.998886,3076.2,3079.63,-0.1114
2022-04-22,1.000973,2983.28,2980.38,0.0973
2022-04-23,1.000657,2967.15,2965.2,0.0657
2022-04-24,0.999822,2938.42,2938.94,-0.0178
2022-04-25,0.998841,2920.68,2924.07,-0.1159
2022-04-26,0.99863,3006.43,3010.56,-0.137
2022-04-27,1.000777,2812.31,2810.13,0.0777
2022-04-28,1.000139,2888.6,2888.2,0.0139
2022-04-29,0.957444,2816.33,2941.51,-4.2556
2022-05-01,0.997633,2729.51,2735.98,-0.2367
2022-05-02,0.998822,2826.65,2829.99,-0.1178
2022-05-03,0.998849,2857.14,2860.44,-0.1151
2022-05-04,0.998896,2782.94,2786.01,-0.1104
2022-05-05,0.998727,2940.84,2944.59,-0.1273
2022-05-06,0.999839,2750.07,2750.51,-0.0161
2022-05-07,0.998823,2695.5,2698.68,-0.1177
2022-05-08,0.99841,2634.95,2639.15,-0.159
2022-05-09,0.993682,2509.6,2525.55,-0.6318
2022-05-10,0.991136,2226.63,2246.54,-0.8864
2022-05-11,0.876723,2055.58,2344.62,-12.3277
2022-05-13,0.982763,1930.98,1964.85,-1.7237
2022-05-14,0.976404,1964.57,2012.04,-2.3596
2022-05-15,0.978079,2015.33,2060.5,-2.1921
2022-05-16,0.982666,2108.68,2145.87,-1.7334
2022-05-17,0.982901,1990.18,2024.81,-1.7099
2022-05-18,0.98397,2062.08,2095.68,-1.603
2022-05-19,0.979925,1883.35,1921.94,-2.0075
2022-05-21,0.984905,1933.71,1963.35,-1.5095
2022-05-22,0.974349,1927.18,1977.91,-2.5651
2022-05-23,0.977712,1997.05,2042.57,-2.2288
2022-05-24,0.980344,1937.06,1975.9,-1.9656
2022-05-25,0.978545,1937.56,1980.04,-2.1455
2022-05-26,0.977879,1902.92,1945.96,-2.2121
2022-05-27,0.975588,1759.79,1803.82,-2.4412
2022-05-28,0.975574,1683.25,1725.39,-2.4426
2022-05-29,0.978025,1756.57,1796.03,-2.1975
2022-05-30,0.977468,1773.88,1814.77,-2.2532
2022-05-31,0.979044,1955.93,1997.79,-2.0956
2022-06-01,0.978054,1904.59,1947.32,-2.1946
2022-06-02,0.981592,1787.8,1821.33,-1.8408
2022-06-03,0.980294,1797.25,1833.38,-1.9706
2022-06-04,0.994329,1765.54,1775.61,-0.5671
2022-06-06,0.9782,1767.03,1806.41,-2.18
2022-06-07,0.980101,1820.93,1857.9,-1.9899
2022-06-08,0.981335,1785.16,1819.11,-1.8665
2022-06-09,0.976275,1752.52,1795.11,-2.3725
2022-06-10,0.97144,1736.28,1787.32,-2.856
2022-06-11,0.944518,1571.3,1663.6,-5.5482
2022-06-12,0.962137,1476.4,1534.5,-3.7863
2022-06-13,0.960531,1381.16,1437.91,-3.9469
2022-06-14,0.956849,1155.91,1208.04,-4.3151
2022-06-15,0.963794,1160.51,1204.11,-3.6206
2022-06-17,0.944973,1007.84,1066.53,-5.5027
2022-06-18,0.933749,1015.12,1087.14,-6.6251
2022-06-19,0.935145,932.13,996.77,-6.4855
2022-06-20,0.936647,1055.57,1126.97,-6.3353
2022-06-21,0.941413,1063.22,1129.39,-5.8587
2022-06-22,0.888356,998.16,1123.61,-11.1644
2022-06-24,1.032036,1181.5,1144.83,3.2036
2022-06-26,0.963426,1197.23,1242.68,-3.6574
2022-06-27,0.965306,1158.32,1199.95,-3.4694
2022-06-28,0.964838,1151.46,1193.42,-3.5162
2022-06-29,0.959677,1098.0,1144.14,-4.0323
2022-06-30,0.961766,1058.02,1100.08,-3.8234
2022-07-01,0.956037,1009.24,1055.65,-4.3963
2022-07-02,0.964497,1023.86,1061.55,-3.5503
2022-07-03,0.961624,1026.56,1067.53,-3.8376
2022-07-04,0.969505,1040.3,1073.02,-3.0495
2022-07-05,0.969544,1115.66,1150.71,-3.0456
2022-07-06,1.017327,1154.65,1134.98,1.7327
2022-07-08,0.973509,1203.97,1236.74,-2.6491
2022-07-09,0.980769,1192.36,1215.74,-1.9231
2022-07-10,0.971627,1182.93,1217.48,-2.8373
2022-07-11,0.973452,1137.08,1168.09,-2.6548
2022-07-12,0.97093,1064.35,1096.21,-2.907
2022-07-13,0.961143,1000.22,1040.66,-3.8857
2022-07-14,0.958348,1074.06,1120.74,-4.1652
2022-07-15,1.001685,1194.61,1192.6,0.1685
2022-07-17,0.969239,1316.93,1358.73,-3.0761
2022-07-18,1.14274,1534.7,1343.0,14.274
2022-07-19,0.959838,1507.07,1570.13,-4.0162
2022-07-21,0.975617,1488.36,1525.56,-2.4383
2022-07-22,0.981246,1543.3,1572.79,-1.8754
2022-07-23,0.973231,1505.5,1546.91,-2.6769
2022-07-24,0.974901,1529.31,1568.68,-2.5099
2022-07-25,0.980475,1568.65,1599.89,-1.9525
2022-07-26,0.980113,1416.04,1444.77,-1.9887
2022-07-27,0.985668,1425.06,1445.79,-1.4332
2022-07-28,0.978632,1597.83,1632.72,-2.1368
2022-07-29,0.974471,1681.93,1725.99,-2.5529
2022-07-30,0.972779,1683.96,1731.08,-2.7221
2022-07-31,0.973475,1651.19,1696.18,-2.6525
2022-08-01,0.974666,1638.58,1681.17,-2.5334
2022-08-02,0.976507,1594.0,1632.35,-2.3493
2022-08-03,0.974864,1594.25,1635.36,-2.5136
2022-08-04,0.97398,1578.3,1620.47,-2.602
2022-08-05,0.971153,1564.92,1611.41,-2.8847
2022-08-06,0.942963,1634.61,1733.48,-5.7037
2022-08-08,0.962917,1638.32,1701.41,-3.7083
2022-08-10,0.968115,1641.35,1695.41,-3.1885
2022-08-11,0.964235,1785.61,1851.84,-3.5765
2022-08-12,0.968932,1823.73,1882.2,-3.1068
2022-08-13,0.972832,1905.0,1958.2,-2.7168
2022-08-14,0.951784,1887.14,1982.75,-4.8216
2022-08-15,0.956947,1855.69,1939.18,-4.3053
2022-08-17,0.972369,1827.88,1879.82,-2.7631
2022-08-18,0.978668,1799.07,1838.29,-2.1332
2022-08-20,0.970819,1568.29,1615.43,-2.9181
2022-08-21,0.971897,1534.42,1578.79,-2.8103
2022-08-22,0.974921,1576.09,1616.63,-2.5079
2022-08-23,0.974996,1581.61,1622.17,-2.5004
2022-08-24,0.968739,1611.59,1663.6,-3.1261
2022-08-26,0.97567,1654.23,1695.48,-2.433
2022-08-28,0.97071,1447.91,1491.6,-2.929
2022-08-29,0.969945,1391.99,1435.12,-3.0055
2022-08-30,0.979247,1514.96,1547.07,-2.0753
2022-08-31,0.949364,1480.52,1559.49,-5.0636
2022-09-01,0.968587,1507.98,1556.88,-3.1413
2022-09-02,0.97224,1540.36,1584.34,-2.776
2022-09-03,0.971356,1526.22,1571.23,-2.8644
2022-09-04,0.967693,1507.67,1558.01,-3.2307
2022-09-07,0.959078,1499.91,1563.91,-4.0922
2022-09-08,0.956851,1566.49,1637.14,-4.3149
2022-09-09,0.963209,1574.07,1634.2,-3.6791
2022-09-10,0.968945,1665.33,1718.71,-3.1055
2022-09-11,0.971192,1728.96,1780.25,-2.8808
2022-09-12,0.943749,1665.39,1764.65,-5.6251
2022-09-14,0.972713,1526.89,1569.73,-2.7287
2022-09-15,0.886653,1452.29,1637.95,-11.3347
2022-09-17,0.987006,1413.58,1432.19,-1.2994
2022-09-18,0.993513,1455.41,1464.91,-0.6487
2022-09-19,0.987903,1321.46,1337.64,-1.2097
2022-09-20,0.98781,1363.95,1380.78,-1.219
2022-09-21,0.931047,1234.14,1325.54,-6.8953
2022-09-23,0.991507,1319.62,1330.92,-0.8493
2022-09-24,0.993969,1322.24,1330.26,-0.6031
2022-09-25,0.995933,1312.63,1317.99,-0.4067
2022-09-26,1.026539,1328.44,1294.09,2.6539
2022-09-27,0.995722,1327.69,1333.39,-0.4278
2022-09-29,0.994905,1335.99,1342.83,-0.5095
2022-09-30,0.997148,1329.91,1333.71,-0.2852
2022-10-01,0.998345,1328.09,1330.29,-0.1655
2022-10-02,0.998401,1309.05,1311.14,-0.1599
2022-10-03,0.998174,1275.02,1277.35,-0.1826
2022-10-04,0.993554,1314.2,1322.72,-0.6446
2022-10-05,0.987925,1346.06,1362.52,-1.2075
2022-10-06,0.994485,1345.29,1352.75,-0.5515
2022-10-09,0.999303,1314.47,1315.39,-0.0697
2022-10-11,0.995374,1283.46,1289.42,-0.4626
2022-10-13,0.99453,1287.18,1294.26,-0.547
2022-10-14,1.00232,1290.36,1287.37,0.232
2022-10-16,0.993587,1268.25,1276.44,-0.6413
2022-10-17,0.995597,1300.83,1306.58,-0.4403
2022-10-18,0.995572,1326.63,1332.53,-0.4428
2022-10-19,0.99602,1306.39,1311.61,-0.398
2022-10-20,0.99835,1282.56,1284.68,-0.165
2022-10-21,0.99785,1280.97,1283.73,-0.215
2022-10-22,0.997561,1296.78,1299.95,-0.2439
2022-10-23,1.036301,1361.82,1314.12,3.6301
2022-10-24,0.98236,1340.99,1365.07,-1.764
2022-10-26,0.996932,1457.92,1462.41,-0.3068
2022-10-27,0.998789,1565.58,1567.48,-0.1211
2022-10-28,0.998131,1511.31,1514.14,-0.1869
2022-10-29,0.999375,1551.93,1552.9,-0.0625
2022-10-30,0.998712,1617.06,1619.15,-0.1288
2022-10-31,0.999176,1588.81,1590.12,-0.0824
2022-11-01,0.999231,1571.88,1573.09,-0.0769
2022-11-02,0.962513,1519.25,1578.42,-3.7487
2022-11-04,0.999369,1529.29,1530.26,-0.0631
2022-11-05,1.000045,1642.9,1642.82,0.0045
2022-11-06,1.000276,1626.1,1625.65,0.0276
2022-11-07,1.000128,1570.04,1569.84,0.0128
2022-11-08,0.996218,1564.47,1570.41,-0.3782
2022-11-09,0.995619,1322.4,1328.22,-0.4381
2022-11-10,0.99566,1096.49,1101.27,-0.434
2022-11-11,0.990105,1289.73,1302.62,-0.9895
2022-11-12,0.989784,1278.29,1291.48,-1.0216
2022-11-13,0.986736,1240.07,1256.74,-1.3264
2022-11-14,0.984129,1207.31,1226.78,-1.5871
2022-11-15,0.988877,1228.74,1242.56,-1.1123
2022-11-16,0.989531,1240.8,1253.93,-1.0469
2022-11-17,0.975646,1189.19,1218.87,-2.4354
2022-11-18,0.996224,1197.99,1202.53,-0.3776
2022-11-19,0.993721,1205.21,1212.83,-0.6279
2022-11-21,0.954459,1091.24,1143.31,-4.5541
2022-11-23,0.985435,1121.53,1138.11,-1.4565
2022-11-24,0.995009,1178.87,1184.78,-0.4991
2022-11-26,0.981398,1177.33,1199.65,-1.8602
2022-11-27,0.981252,1183.99,1206.61,-1.8748
2022-11-28,0.985365,1179.15,1196.66,-1.4635
2022-11-29,0.986006,1152.55,1168.91,-1.3994
2022-11-30,1.051924,1281.29,1218.04,5.1924
2022-12-02,0.989139,1262.32,1276.18,-1.0861
2022-12-03,0.988106,1283.87,1299.32,-1.1894
2022-12-04,0.988644,1229.3,1243.42,-1.1356
2022-12-05,0.990011,1267.73,1280.52,-0.9989
2022-12-06,0.99812,1258.09,1260.46,-0.188
2022-12-08,0.989388,1219.25,1232.33,-1.0612
2022-12-09,0.987362,1264.81,1281.0,-1.2638
2022-12-10,0.987889,1249.04,1264.35,-1.2111
2022-12-11,0.988689,1251.71,1266.03,-1.1311
2022-12-12,0.992197,1250.73,1260.57,-0.7803
2022-12-13,0.98886,1262.38,1276.61,-1.114
2022-12-14,0.988215,1306.72,1322.31,-1.1785
2022-12-15,0.989525,1295.24,1308.95,-1.0475
2022-12-16,0.986985,1250.95,1267.45,-1.3015
2022-12-17,0.987799,1152.76,1167.0,-1.2201
2022-12-18,0.988391,1173.85,1187.64,-1.1609
2022-12-19,0.988486,1170.3,1183.93,-1.1514
2022-12-20,0.988875,1154.72,1167.71,-1.1125
2022-12-21,0.989166,1205.3,1218.5,-1.0834
2022-12-22,0.988751,1200.71,1214.37,-1.1249
2022-12-23,0.988695,1203.8,1217.56,-1.1305
2022-12-24,0.989981,1208.7,1220.93,-1.0019
2022-12-25,0.989832,1209.1,1221.52,-1.0168
2022-12-26,0.990266,1206.76,1218.62,-0.9734
2022-12-27,0.989329,1215.25,1228.36,-1.0671
2022-12-28,0.988831,1198.2,1211.73,-1.1169
2022-12-29,0.989212,1176.97,1189.81,-1.0788
2022-12-30,0.988655,1187.25,1200.88,-1.1345
2022-12-31,0.987523,1184.72,1199.69,-1.2477
2023-01-01,0.986718,1180.62,1196.51,-1.3282
2023-01-02,0.986778,1184.88,1200.76,-1.3222
2023-01-03,0.988321,1200.2,1214.38,-1.1679
2023-01-04,0.987447,1199.47,1214.71,-1.2553
2023-01-05,0.988205,1242.13,1256.96,-1.1795
2023-01-06,0.987207,1235.25,1251.26,-1.2793
2023-01-07,0.988682,1254.74,1269.1,-1.1318
2023-01-08,0.990778,1253.29,1264.95,-0.9222
2023-01-09,0.985358,1271.3,1290.19,-1.4642
2023-01-10,0.991874,1310.59,1321.33,-0.8126
2023-01-11,0.99175,1325.22,1336.25,-0.825
2023-01-12,0.992787,1379.29,1389.31,-0.7213
2023-01-13,0.992119,1405.71,1416.88,-0.7881
2023-01-14,0.993739,1440.92,1450.0,-0.6261
2023-01-15,0.991726,1540.32,1553.17,-0.8274
2023-01-17,0.995923,1565.94,1572.35,-0.4077
2023-01-18,0.994089,1559.93,1569.21,-0.5911
2023-01-19,0.992274,1505.36,1517.08,-0.7726
2023-01-20,0.996848,1545.76,1550.65,-0.3152
2023-01-21,0.996989,1655.67,1660.67,-0.3011
2023-01-22,0.996196,1619.0,1625.18,-0.3804
2023-01-23,0.998337,1624.16,1626.87,-0.1663
2023-01-24,1.006053,1637.59,1627.74,0.6053
2023-01-25,1.011142,1576.42,1559.05,1.1142
2023-01-26,0.996941,1610.52,1615.46,-0.3059
2023-01-27,0.997868,1599.73,1603.15,-0.2132
2023-01-28,0.997709,1595.46,1599.12,-0.2291
2023-01-29,0.997742,1569.19,1572.74,-0.2258
2023-01-30,0.998633,1644.05,1646.3,-0.1367
2023-01-31,0.998297,1564.75,1567.42,-0.1703
2023-02-01,0.994942,1579.36,1587.39,-0.5058
2023-02-02,0.995193,1638.14,1646.05,-0.4807
2023-02-03,0.993046,1639.42,1650.9,-0.6954
2023-02-04,0.99788,1659.93,1663.46,-0.212
2023-02-05,0.996558,1661.66,1667.4,-0.3442
2023-02-06,0.997852,1625.99,1629.49,-0.2148
2023-02-07,0.996079,1613.05,1619.4,-0.3921
2023-02-08,0.998589,1669.68,1672.04,-0.1411
2023-02-09,0.998217,1648.65,1651.6,-0.1783
2023-02-10,0.995265,1540.75,1548.08,-0.4735
2023-02-11,0.998653,1512.07,1514.11,-0.1347
2023-02-12,0.999132,1538.68,1540.02,-0.0868
2023-02-14,0.998011,1505.32,1508.32,-0.1989
2023-02-15,1.077452,1676.02,1555.54,7.7452
2023-02-17,1.000973,1635.83,1634.24,0.0973
2023-02-18,0.998699,1695.93,1698.14,-0.1301
2023-02-19,0.99961,1690.96,1691.62,-0.039
2023-02-20,1.009142,1697.61,1682.23,0.9142
2023-02-22,0.997057,1653.44,1658.32,-0.2943
2023-02-23,0.997667,1637.74,1641.57,-0.2333
2023-02-24,0.99977,1649.28,1649.66,-0.023
2023-02-25,0.998133,1605.08,1608.08,-0.1867
2023-02-26,0.999335,1592.82,1593.88,-0.0665
2023-02-27,0.998952,1638.85,1640.57,-0.1048
2023-02-28,0.998061,1631.91,1635.08,-0.1939
2023-03-01,0.997843,1605.45,1608.92,-0.2157
2023-03-02,0.999447,1663.17,1664.09,-0.0553
2023-03-03,0.999387,1647.31,1648.32,-0.0613
2023-03-04,0.999097,1568.99,1570.41,-0.0903
2023-03-05,0.998483,1567.15,1569.53,-0.1517
2023-03-06,0.997868,1563.05,1566.39,-0.2132
2023-03-07,0.999119,1565.04,1566.42,-0.0881
2023-03-08,0.997068,1560.92,1565.51,-0.2932
2023-03-09,0.999765,1534.18,1534.54,-0.0235
2023-03-10,1.000216,1437.83,1437.52,0.0216
2023-03-11,0.996467,1427.29,1432.35,-0.3533
2023-03-12,0.993932,1464.73,1473.67,-0.6068
2023-03-13,0.997848,1586.14,1589.56,-0.2152
2023-03-14,0.996612,1673.72,1679.41,-0.3388
2023-03-15,0.996107,1699.7,1706.34,-0.3893
2023-03-16,0.997321,1656.74,1661.19,-0.2679
2023-03-17,0.996345,1672.58,1678.72,-0.3655
2023-03-18,1.011189,1789.72,1769.92,1.1189
2023-03-20,0.998635,1791.92,1794.37,-0.1365
2023-03-21,0.996451,1743.45,1749.66,-0.3549
2023-03-22,1.000658,1811.06,1809.87,0.0658
2023-03-23,0.998313,1743.16,1746.11,-0.1687
2023-03-24,0.995016,1815.12,1824.21,-0.4984
2023-03-25,0.997514,1757.51,1761.89,-0.2486
2023-03-26,0.998162,1753.78,1757.01,-0.1838
2023-03-27,0.9965,1770.7,1776.92,-0.35
2023-03-28,0.99301,1704.81,1716.81,-0.699
2023-03-29,0.997396,1771.65,1776.27,-0.2604
2023-03-30,0.997941,1790.27,1793.96,-0.2059
2023-03-31,0.996115,1789.54,1796.52,-0.3885
2023-04-01,0.99767,1819.69,1823.94,-0.233
2023-04-02,0.996173,1816.83,1823.81,-0.3827
2023-04-03,0.99873,1792.83,1795.11,-0.127
2023-04-04,0.997732,1807.98,1812.09,-0.2268
2023-04-05,0.998209,1867.47,1870.82,-0.1791
2023-04-06,0.997265,1903.21,1908.43,-0.2735
2023-04-07,0.996349,1866.38,1873.22,-0.3651
2023-04-08,0.994484,1855.29,1865.58,-0.5516
2023-04-09,0.996914,1844.84,1850.55,-0.3086
2023-04-10,0.995089,1852.05,1861.19,-0.4911
2023-04-11,0.993377,1898.9,1911.56,-0.6623
2023-04-12,0.994813,1885.18,1895.01,-0.5187
2023-04-13,0.99481,1910.97,1920.94,-0.519
2023-04-14,0.999161,2011.62,2013.31,-0.0839
2023-04-15,0.999357,2097.91,2099.26,-0.0643
2023-04-16,0.997262,2087.12,2092.85,-0.2738
2023-04-17,1.00819,2135.86,2118.51,0.819
2023-04-18,0.999268,2073.83,2075.35,-0.0732
2023-04-19,1.001185,2103.54,2101.05,0.1185
2023-04-20,0.996455,1936.55,1943.44,-0.3545
2023-04-22,0.9988,1848.54,1850.76,-0.12
2023-04-23,0.998561,1873.19,1875.89,-0.1439
2023-04-24,0.996483,1855.97,1862.52,-0.3517
2023-04-25,0.998692,1839.63,1842.04,-0.1308
2023-04-26,0.999206,1862.81,1864.29,-0.0794
2023-04-27,0.998726,1865.61,1867.99,-0.1274
2023-04-28,0.998754,1906.99,1909.37,-0.1246
2023-04-29,0.998648,1891.4,1893.96,-0.1352
2023-04-30,0.998092,1903.68,1907.32,-0.1908
2023-05-01,0.997443,1876.22,1881.03,-0.2557
2023-05-02,0.999103,1827.17,1828.81,-0.0897
2023-05-03,0.996264,1864.02,1871.01,-0.3736
2023-05-04,0.998975,1901.15,1903.1,-0.1025
2023-05-05,1.000389,1878.29,1877.56,0.0389
2023-05-06,0.999224,1994.59,1996.14,-0.0776
2023-05-07,0.99799,1896.27,1900.09,-0.201
2023-05-08,1.006624,1887.31,1874.89,0.6624
2023-05-09,0.999253,1847.04,1848.42,-0.0747
2023-05-10,0.999167,1846.31,1847.85,-0.0833
2023-05-11,0.99987,1841.36,1841.6,-0.013
2023-05-12,0.999265,1794.64,1795.96,-0.0735
2023-05-13,0.999801,1806.25,1806.61,-0.0199
2023-05-14,0.997817,1792.0,1795.92,-0.2183
2023-05-15,0.999194,1798.46,1799.91,-0.0806
2023-05-16,0.998766,1813.6,1815.84,-0.1234
2023-05-17,0.999967,1823.09,1823.15,-0.0033
2023-05-18,0.998825,1819.15,1821.29,-0.1175
2023-05-19,1.00005,1800.95,1800.86,0.005
2023-05-20,0.998715,1810.21,1812.54,-0.1285
2023-05-21,1.000858,1819.36,1817.8,0.0858
2023-05-22,0.998749,1804.16,1806.42,-0.1251
2023-05-23,0.998697,1816.62,1818.99,-0.1303
2023-05-24,0.998829,1850.9,1853.07,-0.1171
2023-05-25,0.998191,1799.07,1802.33,-0.1809
2023-05-26,0.999108,1803.92,1805.53,-0.0892
2023-05-27,0.999519,1827.67,1828.55,-0.0481
2023-05-28,0.999672,1828.41,1829.01,-0.0328
2023-05-29,0.99954,1910.93,1911.81,-0.046
2023-05-30,0.998738,1890.93,1893.32,-0.1262
2023-05-31,0.998896,1899.6,1901.7,-0.1104
2023-06-01,0.999009,1875.11,1876.97,-0.0991
2023-06-02,0.999109,1860.52,1862.18,-0.0891
2023-06-03,0.999366,1906.32,1907.53,-0.0634
2023-06-04,0.999863,1892.57,1892.83,-0.0137
2023-06-05,1.000424,1888.99,1888.19,0.0424
2023-06-06,1.0,1811.03,1811.03,0.0
2023-06-07,0.999681,1882.98,1883.58,-0.0319
2023-06-08,0.999503,1831.51,1832.42,-0.0497
2023-06-09,0.999193,1845.26,1846.75,-0.0807
2023-06-10,0.998815,1837.65,1839.83,-0.1185
2023-06-11,0.999464,1752.35,1753.29,-0.0536
2023-06-12,0.999623,1750.87,1751.53,-0.0377
2023-06-13,1.000189,1742.73,1742.4,0.0189
2023-06-14,0.999063,1738.1,1739.73,-0.0937
2023-06-15,0.999618,1648.5,1649.13,-0.0382
2023-06-16,1.000264,1665.03,1664.59,0.0264
2023-06-17,0.999557,1716.04,1716.8,-0.0443
2023-06-18,0.999438,1725.88,1726.85,-0.0562
2023-06-19,0.998647,1720.05,1722.38,-0.1353
2023-06-20,0.999366,1733.32,1734.42,-0.0634
2023-06-21,0.998171,1790.26,1793.54,-0.1829
2023-06-22,1.00207,1892.73,1888.82,0.207
2023-06-23,0.998406,1873.37,1876.36,-0.1594
2023-06-24,1.000233,1892.46,1892.02,0.0233
2023-06-25,0.998929,1874.3,1876.31,-0.1071
2023-06-26,0.999842,1897.67,1897.97,-0.0158
2023-06-27,0.999892,1858.04,1858.24,-0.0108
2023-06-28,0.999936,1887.58,1887.7,-0.0064
2023-06-29,0.999601,1828.31,1829.04,-0.0399
2023-06-30,0.999806,1852.8,1853.16,-0.0194
2023-07-01,0.998103,1931.16,1934.83,-0.1897
2023-07-02,0.999522,1922.7,1923.62,-0.0478
2023-07-03,0.999634,1936.67,1937.38,-0.0366
2023-07-04,0.99933,1952.9,1954.21,-0.067
2023-07-05,0.998493,1934.89,1937.81,-0.1507
2023-07-06,0.999722,1908.94,1909.47,-0.0278
2023-07-07,1.004984,1853.14,1843.95,0.4984
2023-07-08,1.000401,1870.32,1869.57,0.0401
2023-07-09,1.00029,1865.08,1864.54,0.029
2023-07-10,0.999399,1862.07,1863.19,-0.0601
2023-07-11,1.000085,1879.66,1879.5,0.0085
2023-07-12,0.999792,1877.76,1878.15,-0.0208
2023-07-13,0.999472,1872.74,1873.73,-0.0528
2023-07-14,1.00014,2005.19,2004.91,0.014
2023-07-15,1.000284,1937.27,1936.72,0.0284
2023-07-16,0.998877,1929.91,1932.08,-0.1123
2023-07-17,1.001172,1922.76,1920.51,0.1172
2023-07-18,0.999043,1910.4,1912.23,-0.0957
2023-07-19,0.999615,1896.35,1897.08,-0.0385
2023-07-20,0.999481,1888.03,1889.01,-0.0519
2023-07-21,0.999577,1890.68,1891.48,-0.0423
2023-07-22,1.000375,1891.84,1891.13,0.0375
2023-07-23,0.998822,1864.76,1866.96,-0.1178
2023-07-24,0.999603,1888.07,1888.82,-0.0397
2023-07-25,0.999795,1849.7,1850.08,-0.0205
2023-07-26,0.999957,1856.92,1857.0,-0.0043
2023-07-27,1.000144,1871.49,1871.22,0.0144
2023-07-28,0.999602,1859.83,1860.57,-0.0398
2023-07-29,1.000603,1874.68,1873.55,0.0603
2023-07-30,0.999171,1879.35,1880.91,-0.0829
2023-07-31,0.998684,1859.06,1861.51,-0.1316
2023-08-01,0.999801,1854.9,1855.27,-0.0199
2023-08-02,1.00329,1881.43,1875.26,0.329
2023-08-03,0.999663,1837.94,1838.56,-0.0337
2023-08-04,0.998932,1833.63,1835.59,-0.1068
2023-08-05,0.999852,1827.87,1828.14,-0.0148
2023-08-06,1.000409,1835.12,1834.37,0.0409
2023-08-07,0.999436,1826.71,1827.74,-0.0564
2023-08-08,0.996627,1822.82,1828.99,-0.3373
2023-08-09,0.999063,1855.78,1857.52,-0.0937
2023-08-10,0.99993,1854.44,1854.57,-0.007
2023-08-11,0.999616,1849.99,1850.7,-0.0384
2023-08-12,0.999507,1846.23,1847.14,-0.0493
2023-08-13,0.999237,1847.26,1848.67,-0.0763
2023-08-14,0.999065,1838.17,1839.89,-0.0935
2023-08-15,0.999691,1842.72,1843.29,-0.0309
2023-08-16,0.999433,1825.99,1827.03,-0.0567
2023-08-17,0.999925,1804.0,1804.14,-0.0075
2023-08-18,1.000934,1682.09,1680.52,0.0934
2023-08-19,0.999719,1661.09,1661.56,-0.0281
2023-08-20,0.99982,1669.3,1669.6,-0.018
2023-08-21,0.999788,1684.41,1684.77,-0.0212
2023-08-22,0.999655,1667.85,1668.43,-0.0345
2023-08-23,0.999101,1633.26,1634.73,-0.0899
2023-08-24,0.999792,1678.77,1679.12,-0.0208
2023-08-25,0.999783,1658.44,1658.8,-0.0217
2023-08-26,0.999879,1653.06,1653.26,-0.0121
2023-08-27,0.999296,1644.61,1645.77,-0.0704
2023-08-28,0.998978,1655.35,1657.04,-0.1022
2023-08-29,0.999444,1651.14,1652.06,-0.0556
2023-08-30,0.999065,1727.96,1729.58,-0.0935
2023-08-31,0.999455,1703.96,1704.89,-0.0545
2023-09-01,0.99948,1646.11,1646.97,-0.052
2023-09-02,0.999352,1627.72,1628.78,-0.0648
2023-09-03,0.999711,1635.72,1636.19,-0.0289
2023-09-04,0.999745,1635.12,1635.54,-0.0255
2023-09-05,0.998847,1627.69,1629.57,-0.1153
2023-09-06,0.998949,1631.82,1633.54,-0.1051
2023-09-07,0.99864,1629.69,1631.91,-0.136
2023-09-08,0.999963,1645.88,1645.94,-0.0037
2023-09-09,0.998973,1634.73,1636.41,-0.1027
2023-09-10,0.999321,1634.2,1635.31,-0.0679
2023-09-11,1.000261,1616.98,1616.56,0.0261
2023-09-12,0.999348,1550.73,1551.74,-0.0652
2023-09-13,0.99998,1592.15,1592.18,-0.002
2023-09-14,0.999789,1607.23,1607.57,-0.0211
2023-09-15,1.000806,1627.23,1625.92,0.0806
2023-09-16,0.999282,1641.36,1642.54,-0.0718
2023-09-17,1.000251,1634.6,1634.19,0.0251
2023-09-18,0.999242,1621.87,1623.1,-0.0758
2023-09-19,0.99976,1637.31,1637.7,-0.024
2023-09-20,0.986796,1621.31,1643.0,-1.3204
2023-09-22,0.999271,1584.32,1585.48,-0.0729
2023-09-23,0.999467,1592.95,1593.8,-0.0533
2023-09-24,0.99936,1592.2,1593.22,-0.064
2023-09-25,1.004813,1586.67,1579.07,0.4813
2023-09-27,0.999386,1592.87,1593.85,-0.0614
2023-09-28,1.000225,1597.97,1597.61,0.0225
2023-09-29,0.999504,1651.65,1652.47,-0.0496
2023-09-30,1.000007,1666.88,1666.87,0.0007
2023-10-01,1.000186,1670.82,1670.51,0.0186
2023-10-02,1.003239,1738.16,1732.55,0.3239
2023-10-03,0.998815,1660.95,1662.92,-0.1185
2023-10-04,0.999029,1655.88,1657.49,-0.0971
2023-10-05,1.000252,1646.48,1646.06,0.0252
2023-10-06,0.998592,1611.39,1613.66,-0.1408
2023-10-07,0.999421,1645.53,1646.48,-0.0579
2023-10-08,0.999517,1633.54,1634.33,-0.0483
2023-10-09,0.999057,1631.78,1633.32,-0.0943
2023-10-10,0.998852,1579.1,1580.91,-0.1148
2023-10-11,0.99949,1568.4,1569.2,-0.051
2023-10-12,0.999546,1564.17,1564.88,-0.0454
2023-10-13,0.999448,1538.08,1538.93,-0.0552
2023-10-14,0.999201,1551.18,1552.42,-0.0799
2023-10-15,0.999615,1554.59,1555.19,-0.0385
2023-10-16,0.998749,1557.35,1559.3,-0.1251
2023-10-17,1.000263,1600.07,1599.65,0.0263
2023-10-18,0.998339,1562.42,1565.02,-0.1661
2023-10-19,1.000832,1562.98,1561.68,0.0832
2023-10-20,0.998655,1567.06,1569.17,-0.1345
2023-10-21,0.999501,1603.79,1604.59,-0.0499
2023-10-22,0.999097,1626.86,1628.33,-0.0903
2023-10-23,0.999621,1661.76,1662.39,-0.0379
2023-10-24,0.999638,1768.59,1769.23,-0.0362
2023-10-25,1.000997,1787.71,1785.93,0.0997
2023-10-26,0.998886,1785.1,1787.09,-0.1114
2023-10-27,0.999551,1802.72,1803.53,-0.0449
2023-10-28,0.999062,1778.5,1780.17,-0.0938
2023-10-29,0.999296,1773.11,1774.36,-0.0704
2023-10-30,0.999305,1796.47,1797.72,-0.0695
2023-10-31,0.998591,1806.97,1809.52,-0.1409
2023-11-01,0.999807,1813.32,1813.67,-0.0193
2023-11-02,0.99755,1844.74,1849.27,-0.245
2023-11-03,0.998607,1797.07,1799.58,-0.1393
2023-11-04,1.00089,1832.13,1830.5,0.089
2023-11-05,0.999133,1856.05,1857.66,-0.0867
2023-11-06,0.999063,1887.4,1889.17,-0.0937
2023-11-07,0.999331,1897.43,1898.7,-0.0669
2023-11-08,1.000451,1885.33,1884.48,0.0451
2023-11-09,1.000032,1889.23,1889.17,0.0032
2023-11-10,0.999774,2119.28,2119.76,-0.0226
2023-11-11,0.998226,2075.91,2079.6,-0.1774
2023-11-12,0.999031,2052.27,2054.26,-0.0969
2023-11-13,1.001214,2045.45,2042.97,0.1214
2023-11-14,1.000793,2056.14,2054.51,0.0793
2023-11-15,0.999389,1979.59,1980.8,-0.0611
2023-11-16,0.999407,2054.69,2055.91,-0.0593
2023-11-17,0.998261,1956.94,1960.35,-0.1739
2023-11-18,0.999097,1957.43,1959.2,-0.0903
2023-11-19,0.999067,1959.82,1961.65,-0.0933
2023-11-20,1.000324,2006.51,2005.86,0.0324
2023-11-21,1.000025,2021.45,2021.4,0.0025
2023-11-22,0.996866,1934.0,1940.08,-0.3134
2023-11-23,1.000528,2064.62,2063.53,0.0528
2023-11-24,0.999394,2061.81,2063.06,-0.0606
2023-11-25,1.000188,2080.12,2079.73,0.0188
2023-11-26,0.999227,2081.96,2083.57,-0.0773
2023-11-27,1.000359,2062.27,2061.53,0.0359
2023-11-28,0.999245,2026.25,2027.78,-0.0755
2023-11-29,1.000943,2048.92,2046.99,0.0943
2023-11-30,1.000326,2028.12,2027.46,0.0326
2023-12-01,0.999537,2049.49,2050.44,-0.0463
2023-12-02,0.998234,2085.62,2089.31,-0.1766
2023-12-03,1.000018,2163.6,2163.56,0.0018
2023-12-04,0.999535,2194.48,2195.5,-0.0465
2023-12-05,0.99916,2236.49,2238.37,-0.084
2023-12-06,0.999193,2291.78,2293.63,-0.0807
2023-12-07,1.000094,2234.23,2234.02,0.0094
2023-12-08,0.998034,2355.06,2359.7,-0.1966
2023-12-09,0.998311,2358.05,2362.04,-0.1689
2023-12-10,0.999109,2342.56,2344.65,-0.0891
2023-12-11,0.998832,2350.96,2353.71,-0.1168
2023-12-12,0.999946,2224.51,2224.63,-0.0054
2023-12-13,0.998369,2196.95,2200.54,-0.1631
2023-12-14,1.001005,2260.91,2258.64,0.1005
2023-12-15,1.000251,2314.94,2314.36,0.0251
2023-12-16,0.997156,2219.69,2226.02,-0.2844
2023-12-17,0.997968,2224.6,2229.13,-0.2032
2023-12-18,0.99849,2195.36,2198.68,-0.151
2023-12-19,0.998687,2213.04,2215.95,-0.1313
2023-12-20,0.998739,2177.62,2180.37,-0.1261
2023-12-21,0.996027,2191.06,2199.8,-0.3973
2023-12-22,0.998097,2234.09,2238.35,-0.1903
2023-12-23,0.998646,2322.58,2325.73,-0.1354
2023-12-24,0.999055,2305.19,2307.37,-0.0945
2023-12-25,0.998262,2261.43,2265.37,-0.1738
2023-12-26,0.998799,2268.59,2271.32,-0.1201
2023-12-27,0.998677,2227.66,2230.61,-0.1323
2023-12-28,0.998769,2378.09,2381.02,-0.1231
2023-12-29,0.997855,2344.5,2349.54,-0.2145
2023-12-30,0.999486,2295.8,2296.98,-0.0514
2023-12-31,0.998936,2291.13,2293.57,-0.1064
2024-01-01,0.999028,2282.33,2284.55,-0.0972
2024-01-02,0.998707,2348.48,2351.52,-0.1293
2024-01-03,0.997609,2357.3,2362.95,-0.2391
2024-01-04,0.998966,2209.22,2211.51,-0.1034
2024-01-05,1.001577,2274.43,2270.85,0.1577
2024-01-06,0.998977,2266.18,2268.5,-0.1023
2024-01-07,0.999964,2241.08,2241.16,-0.0036
2024-01-08,1.00108,2223.76,2221.36,0.108
2024-01-09,0.99881,2332.47,2335.25,-0.119
2024-01-10,0.998247,2340.34,2344.45,-0.1753
2024-01-11,1.001871,2586.53,2581.7,0.1871
2024-01-12,0.999859,2617.75,2618.12,-0.0141
2024-01-13,0.997637,2520.39,2526.36,-0.2363
2024-01-14,0.999842,2572.44,2572.85,-0.0158
2024-01-15,0.997875,2470.37,2475.63,-0.2125
2024-01-16,1.000999,2514.37,2511.86,0.0999
2024-01-17,0.999702,2586.13,2586.9,-0.0298
2024-01-18,0.999193,2526.08,2528.12,-0.0807
2024-01-19,0.999513,2464.26,2465.46,-0.0487
2024-01-20,0.999827,2485.63,2486.06,-0.0173
2024-01-21,0.999332,2467.52,2469.17,-0.0668
2024-01-22,0.999413,2455.7,2457.14,-0.0587
2024-01-23,0.998611,2308.56,2311.77,-0.1389
2024-01-24,0.999772,2240.62,2241.13,-0.0228
2024-01-25,0.999606,2231.67,2232.55,-0.0394
2024-01-26,0.999811,2216.16,2216.58,-0.0189
2024-01-27,0.99985,2264.81,2265.15,-0.015
2024-01-28,0.99854,2263.78,2267.09,-0.146
2024-01-29,0.999094,2249.28,2251.32,-0.0906
2024-01-30,0.998582,2309.54,2312.82,-0.1418
2024-01-31,0.999519,2348.03,2349.16,-0.0481
2024-02-01,0.998324,2281.75,2285.58,-0.1676
2024-02-02,1.000452,2304.11,2303.07,0.0452
2024-02-03,1.000874,2308.14,2306.13,0.0874
2024-02-04,1.000412,2296.64,2295.7,0.0412
2024-02-05,1.001416,2290.95,2287.71,0.1416
2024-02-06,1.000675,2299.5,2297.95,0.0675
2024-02-07,1.000249,2373.77,2373.18,0.0249
2024-02-08,1.000507,2426.58,2425.35,0.0507
2024-02-09,1.001652,2425.6,2421.6,0.1652
2024-02-10,0.999486,2490.0,2491.28,-0.0514
2024-02-11,0.999747,2499.24,2499.87,-0.0253
2024-02-12,0.999709,2505.55,2506.28,-0.0291
2024-02-13,1.000601,2663.79,2662.19,0.0601
2024-02-14,0.999788,2638.1,2638.66,-0.0212
2024-02-15,0.999701,2778.75,2779.58,-0.0299
2024-02-16,1.000015,2826.74,2826.7,0.0015
2024-02-17,0.999187,2802.33,2804.61,-0.0813
2024-02-18,0.998902,2782.84,2785.9,-0.1098
2024-02-19,0.999441,2876.82,2878.43,-0.0559
2024-02-20,0.999294,2942.92,2945.0,-0.0706
2024-02-21,0.99862,3007.54,3011.7,-0.138
2024-02-22,1.000879,2971.58,2968.97,0.0879
2024-02-23,0.998388,2967.27,2972.06,-0.1612
2024-02-24,0.998793,2921.12,2924.65,-0.1207
2024-02-25,0.999312,2990.32,2992.38,-0.0688
2024-02-26,0.999068,3109.08,3111.98,-0.0932
2024-02-27,0.999761,3179.53,3180.29,-0.0239
2024-02-28,0.999347,3242.9,3245.02,-0.0653
2024-02-29,0.998318,3370.77,3376.45,-0.1682
2024-03-01,0.998453,3337.81,3342.98,-0.1547
2024-03-02,0.998485,3426.91,3432.11,-0.1515
2024-03-03,0.998771,3414.51,3418.71,-0.1229
2024-03-04,0.998224,3484.17,3490.37,-0.1776
2024-03-05,0.998362,3619.52,3625.46,-0.1638
2024-03-06,0.999669,3558.83,3560.01,-0.0331
2024-03-07,0.999335,3818.88,3821.42,-0.0665
2024-03-08,0.999101,3868.31,3871.79,-0.0899
2024-03-09,0.999252,3885.57,3888.48,-0.0748
2024-03-10,0.999118,3910.31,3913.76,-0.0882
2024-03-11,0.998727,3876.26,3881.2,-0.1273
2024-03-12,0.998706,4067.93,4073.2,-0.1294
2024-03-13,0.99956,3973.48,3975.23,-0.044
2024-03-14,0.998916,4000.39,4004.73,-0.1084
2024-03-15,0.999392,3882.35,3884.71,-0.0608
2024-03-16,0.998948,3740.04,3743.98,-0.1052
2024-03-17,0.998844,3534.77,3538.86,-0.1156
2024-03-18,0.998874,3629.6,3633.69,-0.1126
2024-03-19,0.999759,3520.12,3520.97,-0.0241
2024-03-20,0.998963,3170.29,3173.58,-0.1037
2024-03-21,0.998634,3502.81,3507.6,-0.1366
2024-03-22,0.998603,3488.17,3493.05,-0.1397
2024-03-23,0.999072,3325.62,3328.71,-0.0928
2024-03-24,0.998092,3332.91,3339.28,-0.1908
2024-03-25,0.997552,3439.68,3448.12,-0.2448
2024-03-26,0.998912,3580.07,3583.97,-0.1088
2024-03-27,0.999231,3584.09,3586.85,-0.0769
2024-03-28,0.997874,3492.51,3499.95,-0.2126
2024-03-29,0.99801,3555.41,3562.5,-0.199
2024-03-30,0.997382,3500.52,3509.71,-0.2618
2024-03-31,0.997019,3496.8,3507.25,-0.2981
2024-04-01,0.995869,3629.8,3644.86,-0.4131
2024-04-02,0.99727,3492.87,3502.43,-0.273
2024-04-03,0.998348,3273.9,3279.32,-0.1652
2024-04-04,0.999532,3303.83,3305.38,-0.0468
2024-04-05,0.997557,3317.89,3326.01,-0.2443
2024-04-06,0.99742,3310.81,3319.38,-0.258
2024-04-07,0.999017,3356.08,3359.39,-0.0983
2024-04-08,0.997793,3440.84,3448.45,-0.2207
2024-04-09,0.99835,3692.88,3698.98,-0.165
2024-04-10,0.998993,3495.34,3498.86,-0.1007
2024-04-11,0.999057,3531.58,3534.91,-0.0943
2024-04-12,0.999405,3505.23,3507.31,-0.0595
2024-04-13,0.997592,3223.28,3231.07,-0.2408
2024-04-14,0.996362,3010.72,3021.72,-0.3638
2024-04-15,0.997443,3137.45,3145.49,-0.2557
2024-04-16,0.998656,3095.68,3099.85,-0.1344
2024-04-17,0.997571,3077.61,3085.1,-0.2429
2024-04-18,0.999024,2990.57,2993.49,-0.0976
2024-04-19,0.998423,3057.02,3061.85,-0.1577
2024-04-20,0.999203,3053.07,3055.51,-0.0797
2024-04-21,0.999647,3143.06,3144.17,-0.0353
2024-04-22,0.999746,3148.53,3149.34,-0.0254
2024-04-23,0.999924,3198.18,3198.42,-0.0076
2024-04-24,0.999898,3222.42,3222.75,-0.0102
2024-04-25,0.999147,3138.83,3141.51,-0.0853
2024-04-26,0.999849,3156.06,3156.54,-0.0151
2024-04-27,0.999116,3130.11,3132.88,-0.0884
2024-04-28,0.999351,3251.26,3253.37,-0.0649
2024-04-29,0.999959,3267.46,3267.59,-0.0041
2024-04-30,0.998907,3207.06,3210.57,-0.1093
2024-05-01,0.999611,3010.53,3011.7,-0.0389
2024-05-02,0.997557,2968.11,2975.38,-0.2443
2024-05-03,0.998479,2983.13,2987.68,-0.1521
2024-05-04,0.998533,3096.35,3100.9,-0.1467
2024-05-05,0.99971,3117.54,3118.45,-0.029
2024-05-06,0.999754,3139.64,3140.41,-0.0246
2024-05-07,0.999943,3068.21,3068.38,-0.0057
2024-05-08,1.000451,3016.14,3014.78,0.0451
2024-05-09,0.999393,2973.0,2974.81,-0.0607
2024-05-10,0.999187,3027.33,3029.79,-0.0813
2024-05-11,0.999399,2909.73,2911.48,-0.0601
2024-05-12,0.999815,2911.26,2911.8,-0.0185
2024-05-13,0.999339,2931.85,2933.79,-0.0661
2024-05-14,0.99931,2945.01,2947.04,-0.069
2024-05-15,0.999806,2884.41,2884.97,-0.0194
2024-05-16,0.999402,3033.16,3034.97,-0.0598
2024-05-17,0.999358,2941.73,2943.62,-0.0642
2024-05-18,0.998384,3087.33,3092.33,-0.1616
2024-05-19,0.998904,3120.88,3124.3,-0.1096
2024-05-20,0.999597,3067.47,3068.71,-0.0403
2024-05-21,0.99887,3662.17,3666.31,-0.113
2024-05-22,0.998939,3786.23,3790.25,-0.1061
2024-05-23,0.998826,3739.84,3744.23,-0.1174
2024-05-24,0.999618,3770.09,3771.53,-0.0382
2024-05-25,0.99978,3720.67,3721.49,-0.022
2024-05-26,1.000133,3747.34,3746.84,0.0133
2024-05-27,1.00023,3823.94,3823.06,0.023
2024-05-28,0.997948,3881.62,3889.6,-0.2052
2024-05-29,1.000018,3840.59,3840.52,0.0018
2024-05-30,1.000347,3771.21,3769.9,0.0347
2024-05-31,0.99984,3744.52,3745.11,-0.016
2024-06-01,0.999167,3759.78,3762.92,-0.0833
2024-06-02,0.99955,3811.76,3813.47,-0.045
2024-06-03,0.999341,3774.9,3777.39,-0.0659
2024-06-04,1.000699,3769.35,3766.72,0.0699
2024-06-05,0.999823,3810.43,3811.11,-0.0177
2024-06-06,0.999805,3864.37,3865.12,-0.0195
2024-06-07,0.999658,3808.05,3809.35,-0.0342
2024-06-08,0.999804,3676.18,3676.9,-0.0196
2024-06-09,0.999771,3679.13,3679.97,-0.0229
2024-06-10,1.000261,3703.44,3702.47,0.0261
2024-06-11,0.999248,3665.91,3668.67,-0.0752
2024-06-12,0.999646,3499.83,3501.07,-0.0354
2024-06-13,0.999852,3554.2,3554.73,-0.0148
2024-06-14,0.998757,3471.53,3475.85,-0.1243
2024-06-15,0.999175,3477.76,3480.63,-0.0825
2024-06-16,0.999437,3561.02,3563.02,-0.0563
2024-06-17,1.000425,3619.86,3618.32,0.0425
2024-06-18,0.998923,3509.46,3513.25,-0.1077
2024-06-19,1.000429,3482.04,3480.55,0.0429
2024-06-20,0.999703,3552.05,3553.11,-0.0297
2024-06-21,0.999323,3512.97,3515.35,-0.0677
2024-06-22,0.999113,3515.79,3518.91,-0.0887
2024-06-23,1.000133,3495.24,3494.78,0.0133
2024-06-24,0.99964,3415.5,3416.73,-0.036
2024-06-25,1.000285,3352.59,3351.63,0.0285
2024-06-26,1.000309,3390.75,3389.7,0.0309
2024-06-27,0.999595,3367.96,3369.33,-0.0405
2024-06-28,0.999923,3444.32,3444.59,-0.0077
2024-06-29,0.999827,3373.75,3374.33,-0.0173
2024-06-30,0.999975,3373.13,3373.21,-0.0025
2024-07-01,0.999361,3429.7,3431.89,-0.0639
2024-07-02,0.999433,3435.89,3437.84,-0.0567
2024-07-03,0.99971,3416.46,3417.45,-0.029
2024-07-04,0.999913,3296.23,3296.52,-0.0087
2024-07-05,1.008689,3066.08,3039.67,0.8689
2024-07-06,0.998919,2974.25,2977.47,-0.1081
2024-07-07,0.999853,3059.8,3060.25,-0.0147
2024-07-08,1.000409,2929.68,2928.48,0.0409
2024-07-09,0.999618,3015.21,3016.36,-0.0382
2024-07-10,0.999397,3059.57,3061.42,-0.0603
2024-07-11,1.000156,3096.11,3095.63,0.0156
2024-07-12,0.999293,3097.04,3099.23,-0.0707
2024-07-13,0.99963,3131.02,3132.18,-0.037
2024-07-14,0.999872,3181.81,3182.22,-0.0128
2024-07-15,1.001711,3254.27,3248.71,0.1711
2024-07-16,1.000975,3500.21,3496.8,0.0975
2024-07-17,0.999771,3449.06,3449.85,-0.0229
2024-07-18,1.000271,3394.2,3393.28,0.0271
2024-07-19,1.000977,3421.41,3418.07,0.0977
2024-07-20,0.999732,3502.94,3503.88,-0.0268
2024-07-21,0.999443,3513.93,3515.89,-0.0557
2024-07-22,1.00039,3536.18,3534.8,0.039
2024-07-23,0.998958,3443.35,3446.94,-0.1042
2024-07-24,0.999922,3483.34,3483.61,-0.0078
2024-07-25,0.999318,3334.72,3337.0,-0.0682
2024-07-26,0.999612,3173.54,3174.77,-0.0388
2024-07-27,1.000531,3271.41,3269.67,0.0531
2024-07-28,1.001834,3238.87,3232.94,0.1834
2024-07-29,1.000251,3268.36,3267.54,0.0251
2024-07-30,1.000014,3315.41,3315.36,0.0014
2024-07-31,1.000205,3274.38,3273.71,0.0205
2024-08-01,0.999712,3237.05,3237.98,-0.0288
2024-08-02,0.998799,3202.22,3206.07,-0.1201
2024-08-03,0.999418,2986.36,2988.1,-0.0582
2024-08-04,0.998922,2901.16,2904.29,-0.1078
2024-08-05,0.998605,2691.52,2695.28,-0.1395
2024-08-06,0.998131,2422.13,2426.66,-0.1869
2024-08-07,0.99959,2461.55,2462.56,-0.041
2024-08-08,0.99848,2344.84,2348.41,-0.152
2024-08-09,0.97009,2599.6,2679.75,-2.991
2024-08-10,1.005945,2609.3,2593.88,0.5945
2024-08-11,0.978044,2551.59,2608.87,-2.1956
2024-08-12,1.063841,2724.23,2560.75,6.3841
2024-08-13,0.994198,2704.15,2719.93,-0.5802
2024-08-14,0.986635,2663.43,2699.51,-1.3365
2024-08-15,0.964941,2569.05,2662.39,-3.5059
2024-08-16,1.007792,2590.6,2570.57,0.7792
2024-08-18,0.999438,2614.43,2615.9,-0.0562
2024-08-19,1.00865,2635.19,2612.59,0.865
2024-08-20,0.975643,2572.41,2636.63,-2.4357
2024-08-21,1.020234,2630.45,2578.28,2.0234
2024-08-22,0.995948,2622.5,2633.17,-0.4052
2024-08-23,1.053364,2763.91,2623.89,5.3364
2024-08-24,1.000643,2770.03,2768.25,0.0643
2024-08-26,0.974019,2681.22,2752.74,-2.5981
2024-08-27,0.916225,2458.03,2682.78,-8.3775
2024-08-28,1.0304,2526.5,2451.96,3.04
2024-08-29,0.998771,2527.53,2530.64,-0.1229
2024-08-30,0.999137,2524.48,2526.66,-0.0863
2024-08-31,0.995132,2512.3,2524.59,-0.4868
2024-09-01,0.966315,2427.8,2512.43,-3.3685
2024-09-02,1.044088,2537.73,2430.57,4.4088
2024-09-04,0.998218,2427.71,2432.04,-0.1782
2024-09-05,0.965909,2366.93,2450.47,-3.4091
2024-09-07,0.998268,2225.01,2228.87,-0.1732
2024-09-08,1.000299,2271.97,2271.29,0.0299
2024-09-09,0.998928,2294.45,2296.91,-0.1072
2024-09-10,1.014273,2389.79,2356.16,1.4273
2024-09-11,0.980023,2339.55,2387.24,-1.9977
2024-09-12,1.008853,2363.47,2342.73,0.8853
2024-09-13,1.03572,2446.61,2362.23,3.572
2024-09-15,0.958976,2319.36,2418.58,-4.1024
2024-09-17,1.018801,2338.83,2295.67,1.8801
2024-09-18,1.012591,2369.94,2340.47,1.2591
2024-09-19,1.033322,2463.11,2383.68,3.3322
2024-09-21,1.020527,2613.04,2560.48,2.0527
2024-09-23,1.027428,2649.14,2578.42,2.7428
2024-09-24,1.001034,2652.03,2649.29,0.1034
2024-09-25,0.972375,2577.95,2651.19,-2.7625
2024-09-26,1.019892,2632.26,2580.92,1.9892
2024-09-27,1.025228,2695.11,2628.79,2.5228
2024-09-29,0.999458,2675.96,2677.41,-0.0542
2024-09-30,0.979327,2600.23,2655.12,-2.0673
2024-10-02,0.965905,2364.66,2448.13,-3.4095
2024-10-03,0.992593,2347.96,2365.48,-0.7407
2024-10-04,1.026988,2413.71,2350.28,2.6988
2024-10-06,1.01088,2438.9,2412.65,1.088
2024-10-07,0.993424,2421.71,2437.74,-0.6576
2024-10-08,1.004324,2438.96,2428.46,0.4324
2024-10-10,1.006028,2383.07,2368.79,0.6028
2024-10-11,1.0222,2435.31,2382.42,2.22
2024-10-13,0.995228,2467.18,2479.01,-0.4772
2024-10-14,1.065388,2628.43,2467.11,6.5388
2024-10-15,0.990989,2605.2,2628.89,-0.9011
2024-10-17,0.997988,2609.65,2614.91,-0.2012
2024-10-18,1.013409,2640.6,2605.66,1.3409
2024-10-19,1.001714,2647.55,2643.02,0.1714
2024-10-21,0.971356,2664.71,2743.29,-2.8644
2024-10-23,0.961244,2520.7,2622.33,-3.8756
2024-10-25,0.998455,2533.16,2537.08,-0.1545
2024-10-26,1.001799,2433.96,2429.59,0.1799
2024-10-27,1.000282,2479.41,2478.71,0.0282
2024-10-28,0.999258,2503.8,2505.66,-0.0742
2024-10-29,1.027254,2634.67,2564.77,2.7254
2024-10-30,1.00779,2657.11,2636.57,0.779
2024-11-01,0.997441,2510.52,2516.96,-0.2559
2024-11-02,0.990192,2490.6,2515.27,-0.9808
2024-11-03,0.984571,2453.55,2492.0,-1.5429
2024-11-04,0.976451,2394.57,2452.32,-2.3549
2024-11-05,1.009918,2423.51,2399.71,0.9918
2024-11-07,1.000639,2722.83,2721.09,0.0639
2024-11-08,1.000645,2903.69,2901.82,0.0645
2024-11-09,1.000074,2960.43,2960.21,0.0074
2024-11-10,1.00255,3129.35,3121.39,0.255
2024-11-11,0.999803,3189.41,3190.04,-0.0197
2024-11-12,0.964159,3238.33,3358.71,-3.5841
2024-11-13,0.980655,3192.57,3255.55,-1.9345
2024-11-15,0.998622,3064.85,3069.08,-0.1378
2024-11-16,0.99943,3088.43,3090.19,-0.057
2024-11-17,0.999043,3135.15,3138.15,-0.0957
2024-11-18,1.000156,3074.78,3074.3,0.0156
2024-11-19,0.969003,3110.45,3209.95,-3.0997
2024-11-21,1.000055,3071.04,3070.87,0.0055
2024-11-22,0.999967,3360.37,3360.48,-0.0033
2024-11-23,0.998204,3321.3,3327.28,-0.1796
2024-11-24,0.998656,3395.75,3400.32,-0.1344
2024-11-25,1.002451,3365.51,3357.28,0.2451
2024-11-26,0.99912,3404.16,3407.16,-0.088
2024-11-27,0.999232,3316.75,3319.3,-0.0768
2024-11-28,0.999335,3651.56,3653.99,-0.0665
2024-11-29,1.000319,3580.17,3579.03,0.0319
2024-11-30,1.001002,3594.89,3591.29,0.1002
2024-12-01,1.000914,3712.75,3709.36,0.0914
2024-12-02,1.000487,3713.07,3711.26,0.0487
2024-12-03,0.999148,3634.29,3637.39,-0.0852
2024-12-04,0.999867,3620.54,3621.02,-0.0133
2024-12-05,0.999812,3833.05,3833.77,-0.0188
2024-12-06,0.999601,3780.1,3781.61,-0.0399
2024-12-07,0.998787,4000.74,4005.6,-0.1213
2024-12-08,0.998763,3997.73,4002.68,-0.1237
2024-12-09,1.000325,3998.73,3997.43,0.0325
2024-12-10,0.999123,3702.0,3705.25,-0.0877
2024-12-11,1.000069,3628.88,3628.63,0.0069
2024-12-12,0.99988,3826.26,3826.72,-0.012
2024-12-13,0.997843,3876.95,3885.33,-0.2157
2024-12-14,0.998414,3902.9,3909.1,-0.1586
2024-12-15,0.998814,3865.19,3869.78,-0.1186
2024-12-16,0.999878,3947.43,3947.91,-0.0122
2024-12-17,1.000596,3986.33,3983.96,0.0596
2024-12-18,0.99876,3880.73,3885.55,-0.124
2024-12-19,1.000096,3636.17,3635.82,0.0096
2024-12-20,0.999152,3415.74,3418.64,-0.0848
2024-12-21,0.99862,3466.79,3471.58,-0.138
2024-12-22,0.9989,3322.39,3326.05,-0.11
2024-12-23,0.997377,3269.86,3278.46,-0.2623
2024-12-24,0.998278,3408.33,3414.21,-0.1722
2024-12-25,1.000221,3488.73,3487.96,0.0221
2024-12-26,0.998698,3497.69,3502.25,-0.1302
2024-12-27,0.99883,3328.2,3332.1,-0.117
2024-12-28,1.020164,3396.81,3329.67,2.0164
2024-12-30,1.000442,3346.16,3344.68,0.0442
2024-12-31,0.993672,3333.56,3354.79,-0.6328
2025-01-01,1.004855,3351.0,3334.81,0.4855
2025-01-02,1.028848,3448.01,3351.33,2.8848
2025-01-03,1.043758,3602.0,3450.99,4.3758
2025-01-04,1.013406,3655.03,3606.68,1.3406
2025-01-05,0.993126,3630.84,3655.97,-0.6874
2025-01-06,1.012589,3686.19,3640.36,1.2589
2025-01-08,0.983776,3324.71,3379.54,-1.6224
2025-01-09,0.968696,3219.52,3323.56,-3.1304
2025-01-11,1.003903,3279.81,3267.06,0.3903
2025-01-13,0.997094,3263.0,3272.51,-0.2906
2025-01-14,0.999221,3132.64,3135.08,-0.0779
2025-01-15,1.070031,3447.97,3222.31,7.0031
2025-01-17,1.049637,3473.05,3308.81,4.9637
2025-01-19,0.998034,3294.54,3301.03,-0.1966
2025-01-20,0.998946,3193.25,3196.62,-0.1054
2025-01-21,0.997772,3256.4,3263.67,-0.2228
2025-01-22,0.997473,3319.07,3327.48,-0.2527
2025-01-23,1.027039,3326.17,3238.6,2.7039
2025-01-25,0.998988,3307.08,3310.43,-0.1012
2025-01-26,0.998039,3312.4,3318.91,-0.1961
2025-01-27,0.983457,3172.73,3226.1,-1.6543
2025-01-29,0.997937,3071.88,3078.23,-0.2063
2025-01-30,1.042822,3243.51,3110.32,4.2822
2025-01-31,1.013676,3295.31,3250.85,1.3676
2025-02-02,1.00118,3121.76,3118.08,0.118
2025-02-03,0.998912,2854.24,2857.35,-0.1088
2025-02-04,0.998415,2875.2,2879.76,-0.1585
2025-02-05,0.99813,2727.34,2732.45,-0.187
2025-02-06,0.962723,2685.63,2789.62,-3.7277
2025-02-08,0.999004,2617.06,2619.67,-0.0996
2025-02-09,0.998178,2629.68,2634.48,-0.1822
2025-02-10,1.000095,2636.87,2636.62,0.0095
2025-02-11,0.998156,2658.38,2663.29,-0.1844
2025-02-12,0.997491,2599.36,2605.9,-0.2509
2025-02-13,0.999693,2732.64,2733.48,-0.0307
2025-02-14,1.000127,2675.72,2675.38,0.0127
2025-02-15,0.99989,2724.45,2724.75,-0.011
2025-02-16,1.000026,2693.09,2693.02,0.0026
2025-02-17,1.000578,2665.64,2664.1,0.0578
2025-02-18,1.001035,2747.59,2744.75,0.1035
2025-02-19,0.999595,2668.41,2669.49,-0.0405
2025-02-20,0.999194,2713.56,2715.75,-0.0806
2025-02-21,0.999038,2742.27,2744.91,-0.0962
2025-02-22,0.99904,2652.44,2654.99,-0.096
2025-02-23,0.998208,2757.59,2762.54,-0.1792
2025-02-24,0.998806,2820.18,2823.55,-0.1194
2025-02-25,0.997799,2520.61,2526.17,-0.2201
2025-02-26,0.999988,2490.38,2490.41,-0.0012
2025-02-27,0.998952,2335.91,2338.36,-0.1048
2025-02-28,0.998313,2302.14,2306.03,-0.1687
2025-03-01,0.998383,2228.96,2232.57,-0.1617
2025-03-02,1.000235,2215.11,2214.59,0.0235
2025-03-03,1.001745,2514.43,2510.05,0.1745
2025-03-04,0.999622,2141.4,2142.21,-0.0378
2025-03-05,0.999154,2165.73,2167.56,-0.0846
2025-03-06,0.980949,2202.22,2244.99,-1.9051
2025-03-08,1.029365,2199.27,2136.53,2.9365
2025-03-10,0.994476,2018.42,2029.63,-0.5524
2025-03-11,0.998507,1873.23,1876.03,-0.1493
2025-03-12,0.998901,1917.57,1919.68,-0.1099
2025-03-13,0.974124,1860.06,1909.47,-2.5876
2025-03-14,1.024394,1906.94,1861.53,2.4394
2025-03-16,0.997379,1933.38,1938.46,-0.2621
2025-03-17,1.020366,1926.38,1887.93,2.0366
2025-03-18,1.0032,1930.87,1924.71,0.32
2025-03-20,0.958183,1978.61,2064.96,-4.1817
2025-03-22,1.006584,1978.35,1965.41,0.6584
2025-03-24,1.035928,2075.73,2003.74,3.5928
2025-03-26,0.972111,2006.72,2064.29,-2.7889
2025-03-27,0.995184,2000.13,2009.81,-0.4816
2025-03-28,0.947958,1896.95,2001.09,-5.2042
2025-03-29,0.963255,1826.64,1896.32,-3.6745
2025-03-30,0.987556,1804.6,1827.34,-1.2444
2025-03-31,1.009812,1824.76,1807.03,0.9812
2025-04-01,1.043843,1903.75,1823.79,4.3843
2025-04-03,1.004732,1798.25,1789.78,0.4732
2025-04-04,0.998278,1814.82,1817.95,-0.1722
2025-04-05,0.994991,1805.57,1814.66,-0.5009
2025-04-06,0.869531,1570.26,1805.87,-13.0469
2025-04-08,0.946743,1470.91,1553.65,-5.3257
2025-04-10,0.997684,1662.49,1666.35,-0.2316
2025-04-11,0.999211,1519.09,1520.29,-0.0789
2025-04-12,1.050232,1644.81,1566.14,5.0232
2025-04-14,0.999161,1595.86,1597.2,-0.0839
2025-04-15,0.997063,1619.47,1624.24,-0.2937
2025-04-16,0.998571,1586.6,1588.87,-0.1429
2025-04-17,0.998701,1576.47,1578.52,-0.1299
2025-04-18,0.998352,1581.11,1583.72,-0.1648
2025-04-19,1.015159,1613.2,1589.11,1.5159
2025-04-20,0.982974,1585.4,1612.86,-1.7026
2025-04-21,0.994895,1578.51,1586.61,-0.5105
2025-04-23,0.999635,1758.77,1759.41,-0.0365
2025-04-24,0.983662,1767.13,1796.48,-1.6338
2025-04-25,1.008909,1784.8,1769.04,0.8909
2025-04-27,0.999566,1821.19,1821.98,-0.0434
2025-04-28,0.999481,1791.35,1792.28,-0.0519
2025-04-29,0.998489,1797.17,1799.89,-0.1511
2025-04-30,0.99653,1791.95,1798.19,-0.347
2025-05-02,0.998663,1837.04,1839.5,-0.1337
2025-05-03,0.998947,1840.5,1842.44,-0.1053
2025-05-04,0.985072,1806.75,1834.13,-1.4928
2025-05-05,1.005603,1818.16,1808.03,0.5603
2025-05-06,0.99635,1812.72,1819.36,-0.365
2025-05-08,0.999073,1810.13,1811.81,-0.0927
2025-05-09,0.997045,2194.59,2201.09,-0.2955
2025-05-10,1.101497,2584.31,2346.18,10.1497
2025-05-12,0.99069,2491.08,2514.49,-0.931
2025-05-13,1.072727,2673.74,2492.47,7.2727
2025-05-15,0.973249,2538.68,2608.46,-2.6751
2025-05-16,1.002976,2554.55,2546.97,0.2976
2025-05-18,0.999031,2473.15,2475.55,-0.0969
2025-05-19,1.001392,2481.8,2478.35,0.1392
2025-05-20,0.999067,2526.61,2528.97,-0.0933
2025-05-21,0.999398,2522.28,2523.8,-0.0602
2025-05-22,1.038429,2654.37,2556.14,3.8429
2025-05-23,0.947409,2518.61,2658.42,-5.2591
2025-05-24,1.001897,2525.19,2520.41,0.1897
2025-05-26,1.003385,2558.15,2549.52,0.3385
2025-05-28,0.999876,2662.12,2662.45,-0.0124
2025-05-29,0.980405,2627.8,2680.32,-1.9595
2025-05-30,0.958574,2523.15,2632.19,-4.1426
2025-06-01,0.999739,2529.91,2530.57,-0.0261
2025-06-02,0.99894,2535.74,2538.43,-0.106
2025-06-03,0.997946,2603.96,2609.32,-0.2054
2025-06-04,0.997627,2589.39,2595.55,-0.2373
2025-06-05,0.99933,2608.58,2610.33,-0.067
2025-06-06,1.000356,2418.75,2417.89,0.0356
2025-06-07,1.018686,2525.21,2478.89,1.8686
2025-06-08,0.993026,2507.55,2525.16,-0.6974
2025-06-10,1.047685,2809.2,2681.34,4.7685
2025-06-11,0.98544,2774.3,2815.29,-1.456
2025-06-13,0.977299,2577.07,2636.93,-2.2701
2025-06-14,0.982813,2532.15,2576.43,-1.7187
2025-06-15,1.005508,2546.58,2532.63,0.5508
2025-06-17,1.001955,2547.73,2542.76,0.1955
2025-06-18,0.999336,2512.31,2513.98,-0.0664
2025-06-19,0.999536,2521.94,2523.11,-0.0464
2025-06-20,0.954067,2405.69,2521.51,-4.5933
2025-06-22,0.968276,2225.96,2298.89,-3.1724
2025-06-23,1.087271,2419.69,2225.47,8.7271
2025-06-25,0.987432,2416.75,2447.51,-1.2568
2025-06-27,1.002247,2422.23,2416.8,0.2247
2025-06-28,1.005138,2435.44,2422.99,0.5138
2025-06-29,1.026438,2501.09,2436.67,2.6438
2025-07-01,0.967022,2405.06,2487.08,-3.2978
2025-07-03,1.005357,2588.89,2575.09,0.5357
2025-07-04,0.967437,2506.89,2591.27,-3.2563
2025-07-05,1.003157,2516.45,2508.53,0.3157
2025-07-06,1.021684,2571.13,2516.56,2.1684
2025-07-07,0.988764,2542.34,2571.23,-1.1236
2025-07-09,0.999059,2612.26,2614.72,-0.0941
2025-07-10,0.999682,2768.53,2769.41,-0.0318
2025-07-11,0.999713,2948.33,2949.18,-0.0287
2025-07-12,0.993551,2940.99,2960.08,-0.6449
2025-07-14,0.999018,2969.84,2972.76,-0.0982
2025-07-15,0.99925,3009.73,3011.99,-0.075
2025-07-16,0.99874,3130.19,3134.14,-0.126
2025-07-17,0.99917,3370.68,3373.48,-0.083
2025-07-18,0.997933,3470.92,3478.11,-0.2067
2025-07-19,0.997461,3539.61,3548.62,-0.2539
2025-07-20,0.997599,3585.07,3593.7,-0.2401
2025-07-21,0.996119,3744.59,3759.18,-0.3881
2025-07-22,0.996542,3749.82,3762.83,-0.3458
2025-07-23,0.996761,3732.61,3744.74,-0.3239
2025-07-24,0.996742,3615.79,3627.61,-0.3258
2025-07-25,0.997899,3699.66,3707.45,-0.2101
2025-07-26,1.007773,3750.77,3721.84,0.7773
2025-07-28,1.000695,3871.92,3869.23,0.0695
2025-07-29,0.998885,3788.04,3792.27,-0.1115
2025-07-30,1.002979,3800.68,3789.39,0.2979
2025-07-31,0.970565,3694.67,3806.72,-2.9435
2025-08-01,0.941903,3481.66,3696.41,-5.8097
2025-08-03,0.998444,3394.63,3399.92,-0.1556
2025-08-04,0.99799,3490.86,3497.89,-0.201
2025-08-05,0.9988,3712.66,3717.12,-0.12
2025-08-06,0.998588,3606.48,3611.58,-0.1412
2025-08-07,0.997953,3675.04,3682.58,-0.2047
2025-08-08,0.995988,3890.22,3905.89,-0.4012
2025-08-09,0.997981,4002.83,4010.93,-0.2019
2025-08-10,0.998445,4257.67,4264.3,-0.1555
2025-08-11,0.996804,4237.87,4251.46,-0.3196
2025-08-12,0.99705,4217.33,4229.81,-0.295
2025-08-13,0.998003,4583.19,4592.36,-0.1997
2025-08-14,0.997446,4733.24,4745.36,-0.2554
2025-08-15,0.997953,4549.16,4558.49,-0.2047
2025-08-16,0.999899,4443.27,4443.72,-0.0101
2025-08-17,0.997532,4413.43,4424.35,-0.2468
2025-08-18,0.999117,4478.53,4482.49,-0.0883
2025-08-19,0.998441,4309.21,4315.94,-0.1559
2025-08-20,0.997333,4079.66,4090.57,-0.2667
2025-08-21,0.997417,4320.68,4331.87,-0.2583
2025-08-22,0.997927,4222.79,4231.56,-0.2073
2025-08-23,0.995801,4799.73,4819.97,-0.4199
2025-08-24,0.997497,4771.49,4783.46,-0.2503
2025-08-25,0.997426,4774.18,4786.5,-0.2574
2025-08-26,0.996705,4362.39,4376.81,-0.3295
2025-08-27,0.997147,4575.78,4588.87,-0.2853
2025-08-28,0.998233,4501.65,4509.62,-0.1767
2025-08-29,0.997604,4496.53,4507.33,-0.2396
2025-08-30,0.997562,4341.36,4351.97,-0.2438
2025-08-31,0.997003,4364.0,4377.12,-0.2997
2025-09-01,0.998575,4379.78,4386.03,-0.1425
2025-09-02,0.997431,4302.02,4313.1,-0.2569
2025-09-03,0.997076,4309.55,4322.19,-0.2924
2025-09-04,0.963596,4291.2,4453.32,-3.6404
2025-09-06,0.997769,4297.44,4307.05,-0.2231
2025-09-07,0.998922,4270.23,4274.84,-0.1078
2025-09-08,0.998782,4296.39,4301.63,-0.1218
2025-09-09,0.998543,4302.76,4309.04,-0.1457
2025-09-10,0.997969,4303.75,4312.51,-0.2031
2025-09-11,0.99807,4339.6,4347.99,-0.193
2025-09-12,0.999268,4452.29,4455.55,-0.0732
2025-09-13,0.999624,4704.4,4706.17,-0.0376
2025-09-14,0.997442,4658.95,4670.9,-0.2558
2025-09-15,0.997752,4596.42,4606.78,-0.2248
2025-09-16,0.99874,4516.35,4522.05,-0.126
2025-09-17,0.999094,4497.96,4502.04,-0.0906
2025-09-18,1.000353,4596.13,4594.51,0.0353
2025-09-19,0.971985,4465.34,4594.04,-2.8015
2025-09-21,0.998913,4477.07,4481.94,-0.1087
2025-09-22,0.998232,4443.71,4451.58,-0.1768
2025-09-23,0.989009,4161.92,4208.17,-1.0991
2025-09-25,0.998114,4148.91,4156.75,-0.1886
2025-09-26,0.993279,3861.65,3887.78,-0.6721
2025-09-27,0.999635,4026.32,4027.79,-0.0365
2025-09-28,1.029027,4137.85,4021.13,2.9027
2025-09-30,0.983697,4144.04,4212.72,-1.6303
2025-10-02,1.000145,4359.7,4359.07,0.0145
2025-10-03,1.00779,4512.73,4477.85,0.779
2025-10-04,0.994129,4485.16,4511.64,-0.5871
2025-10-06,1.000205,4512.64,4511.71,0.0205
2025-10-07,0.999396,4686.17,4689.0,-0.0604
2025-10-08,0.997739,4448.33,4458.41,-0.2261
2025-10-09,0.965561,4366.46,4522.2,-3.4439
2025-10-11,0.998103,3852.29,3859.61,-0.1897
2025-10-12,0.999223,3739.57,3742.48,-0.0777
2025-10-13,0.999004,4140.75,4144.88,-0.0996
2025-10-14,0.999042,4242.53,4246.6,-0.0958
2025-10-15,0.999203,4125.0,4128.29,-0.0797
2025-10-16,0.997959,3983.98,3992.12,-0.2041
2025-10-17,0.999071,3887.75,3891.36,-0.0929
2025-10-18,0.99919,3829.43,3832.53,-0.081
2025-10-19,0.999077,3886.0,3889.59,-0.0923
2025-10-20,0.999399,3971.12,3973.51,-0.0601
2025-10-21,0.973798,3870.6,3974.75,-2.6202
2025-10-23,1.000461,3803.16,3801.41,0.0461
2025-10-24,1.000033,3854.67,3854.54,0.0033
2025-10-25,0.999079,3931.23,3934.86,-0.0921
2025-10-26,1.000176,3952.12,3951.42,0.0176
2025-10-27,0.989541,4119.52,4163.06,-1.0459
2025-10-29,1.001124,3982.35,3977.88,0.1124
2025-10-30,0.973522,3802.27,3905.69,-2.6478
2025-11-01,1.000644,3846.27,3843.79,0.0644
2025-11-02,1.000454,3873.34,3871.58,0.0454
2025-11-03,0.999546,3900.89,3902.66,-0.0454
2025-11-04,0.998923,3593.77,3597.65,-0.1077
2025-11-05,1.000587,3289.42,3287.49,0.0587
2025-11-06,1.001335,3414.91,3410.36,0.1335
2025-11-07,0.998448,3316.37,3321.52,-0.1552
2025-11-08,1.000638,3432.07,3429.88,0.0638
2025-11-09,1.052287,3577.42,3399.66,5.2287
2025-11-11,0.957042,3414.05,3567.3,-4.2958
2025-11-13,0.999131,3416.89,3419.86,-0.0869
2025-11-14,0.960984,3100.35,3226.23,-3.9016
2025-11-16,0.975971,3093.58,3169.74,-2.4029
2025-11-18,0.99942,3024.41,3026.17,-0.058
2025-11-19,0.971525,3020.18,3108.7,-2.8475
2025-11-20,0.938863,2829.42,3013.67,-6.1137
2025-11-22,0.999066,2766.3,2768.88,-0.0934
2025-11-23,1.009497,2798.05,2771.73,0.9497
2025-11-24,1.05764,2950.78,2789.96,5.764
2025-11-25,1.003065,2953.35,2944.32,0.3065
2025-11-27,0.997762,3015.5,3022.26,-0.2238
2025-11-28,0.999934,3012.53,3012.73,-0.0066
2025-11-29,0.985516,2990.33,3034.28,-1.4484
2025-12-01,1.000515,2991.95,2990.4,0.0515
2025-12-02,1.000916,2799.3,2796.74,0.0916
2025-12-03,0.999798,2997.44,2998.04,-0.0202
2025-12-04,0.981982,3133.9,3191.4,-1.8018
2025-12-06,1.00583,3038.25,3020.64,0.583
2025-12-07,1.006786,3057.87,3037.26,0.6786
2025-12-09,0.99948,3123.95,3125.58,-0.052
2025-12-10,0.999551,3320.11,3321.61,-0.0449
2025-12-11,0.973485,3236.51,3324.66,-2.6515
2025-12-13,1.00912,3115.44,3087.28,0.912
2025-12-15,0.999801,3070.94,3071.55,-0.0199
2025-12-16,0.999504,2964.27,2965.74,-0.0496
2025-12-17,1.001615,2961.68,2956.91,0.1615
2025-12-18,0.999549,2828.67,2829.94,-0.0451
2025-12-19,1.050456,2977.01,2834.02,5.0456
2025-12-20,1.000131,2975.02,2974.63,0.0131
2025-12-21,1.008593,3002.15,2976.58,0.8593
2025-12-23,0.99956,3004.01,3005.34,-0.044
2025-12-24,1.000096,2964.92,2964.63,0.0096
2025-12-25,1.000249,2942.36,2941.62,0.0249
2025-12-26,0.999972,2903.3,2903.38,-0.0028
2025-12-27,1.007013,2947.88,2927.35,0.7013
2025-12-28,1.000586,2947.98,2946.25,0.0586
2025-12-29,0.99588,2933.31,2945.45,-0.412
2025-12-31,0.999519,2964.58,2966.01,-0.0481
2026-01-01,1.009845,2999.09,2969.85,0.9845
2026-01-02,1.041319,3121.87,2997.99,4.1319
2026-01-04,0.997735,3124.47,3131.56,-0.2265
2026-01-05,0.994563,3139.14,3156.31,-0.5437
2026-01-06,0.999162,3226.24,3228.94,-0.0838
2026-01-07,0.961472,3165.78,3292.63,-3.8528
2026-01-09,1.000538,3105.29,3103.62,0.0538
2026-01-10,0.999175,3081.91,3084.45,-0.0825
2026-01-12,1.000138,3117.74,3117.31,0.0138
2026-01-13,0.999509,3093.38,3094.9,-0.0491
2026-01-14,1.008092,3354.91,3327.98,0.8092
2026-01-16,0.998401,3315.7,3321.01,-0.1599
2026-01-17,0.999954,3292.76,3292.91,-0.0046
2026-01-18,1.000943,3308.92,3305.81,0.0943
2026-01-19,1.002449,3254.48,3246.53,0.2449
2026-01-20,0.998465,3185.95,3190.85,-0.1535
2026-01-21,0.999184,2941.27,2943.67,-0.0816
2026-01-22,0.99749,2976.07,2983.56,-0.251
2026-01-23,1.000258,2948.24,2947.48,0.0258
2026-01-24,0.998715,2949.52,2953.31,-0.1285
2026-01-26,1.002086,2822.93,2817.05,0.2086
2026-01-27,1.000779,2927.17,2924.89,0.0779
2026-01-28,0.999541,3016.39,3017.78,-0.0459
2026-01-29,0.999446,3002.63,3004.29,-0.0554
2026-01-30,0.957221,2702.17,2822.93,-4.2779
2026-02-01,0.997755,2446.51,2452.01,-0.2245
2026-02-02,1.003086,2255.12,2248.18,0.3086
2026-02-03,0.999942,2337.05,2337.19,-0.0058
2026-02-04,1.000874,2225.85,2223.91,0.0874
2026-02-05,0.99949,2138.88,2139.97,-0.051
2026-02-06,0.997366,1809.93,1814.71,-0.2634
2026-02-07,0.998848,2054.38,2056.75,-0.1152
2026-02-08,0.998674,2085.87,2088.64,-0.1326
2026-02-09,0.999001,2087.1,2089.19,-0.0999
2026-02-10,0.997014,2100.43,2106.72,-0.2986
2026-02-11,0.998536,2017.92,2020.88,-0.1464
2026-02-12,1.001806,1948.09,1944.58,0.1806
2026-02-13,0.999717,1947.84,1948.39,-0.0283
2026-02-14,0.999548,2046.62,2047.54,-0.0452
2026-02-15,0.999489,2082.93,2083.99,-0.0511
2026-02-16,0.999293,1964.66,1966.05,-0.0707
2026-02-17,0.998871,1993.88,1996.13,-0.1129
2026-02-18,0.999462,1991.74,1992.81,-0.0538
2026-02-19,0.999482,1952.37,1953.38,-0.0518
2026-02-20,0.998498,1946.44,1949.37,-0.1502
2026-02-21,0.999952,1966.2,1966.29,-0.0048
2026-02-22,0.999495,1972.32,1973.31,-0.0505
2026-02-23,0.94766,1852.25,1954.55,-5.234
2026-02-24,0.996733,1850.1,1856.16,-0.3267
2026-02-26,0.986138,2024.63,2053.09,-1.3862
2026-02-27,0.952278,1929.03,2025.7,-4.7722
2026-03-01,0.997477,1962.88,1967.85,-0.2523
2026-03-02,0.998457,1937.31,1940.31,-0.1543
2026-03-03,0.976101,1982.2,2030.73,-2.3899
2026-03-05,0.998072,2124.65,2128.75,-0.1928
2026-03-06,1.0008,2074.52,2072.87,0.08
2026-03-07,1.000283,1978.8,1978.24,0.0283
2026-03-08,0.998377,1969.1,1972.3,-0.1623
2026-03-09,0.999824,1937.94,1938.29,-0.0176
2026-03-10,1.00003,1994.44,1994.39,0.003
2026-03-11,1.001261,2035.77,2033.2,0.1261
2026-03-12,1.011025,2073.54,2050.93,1.1025
2026-03-14,0.999584,2089.39,2090.26,-0.0416
2026-03-15,1.000066,2094.31,2094.17,0.0066
2026-03-16,0.997271,2176.03,2181.99,-0.2729
2026-03-17,0.988876,2318.17,2344.25,-1.1124
2026-03-19,0.999283,2202.16,2203.74,-0.0717
2026-03-20,1.004572,2145.87,2136.1,0.4572
2026-03-21,0.977509,2098.96,2147.26,-2.2491
2026-03-23,1.046648,2148.97,2053.19,4.6648
2026-03-25,1.005884,2167.62,2154.94,0.5884
2026-03-27,0.966639,1991.26,2059.99,-3.3361
2026-03-28,1.001189,1993.7,1991.34,0.1189
2026-03-29,0.993993,1983.37,1995.36,-0.6007
2026-03-31,1.000235,2023.47,2022.99,0.0235
2026-04-01,1.017262,2139.52,2103.22,1.7262
2026-04-02,0.961863,2056.8,2138.35,-3.8137
2026-04-04,1.006093,2064.54,2052.04,0.6093
2026-04-05,1.02174,2109.85,2064.96,2.174
2026-04-06,0.994713,2107.95,2119.15,-0.5287
2026-04-08,1.001047,2243.53,2241.19,0.1047
2026-04-09,1.000198,2189.59,2189.15,0.0198
2026-04-10,1.00062,2190.19,2188.83,0.062
2026-04-11,1.018784,2285.15,2243.02,1.8784
2026-04-12,0.959331,2191.65,2284.56,-4.0669
2026-04-14,0.999628,2371.87,2372.75,-0.0372
2026-04-15,0.996494,2322.22,2330.39,-0.3506
2026-04-16,1.001269,2359.77,2356.78,0.1269
2026-04-17,1.0303,2420.93,2349.73,3.03
2026-04-19,0.995459,2341.85,2352.53,-0.4541
2026-04-20,0.993168,2252.11,2267.6,-0.6832
2026-04-21,0.993657,2301.56,2316.25,-0.6343
2026-04-22,0.995827,2318.81,2328.52,-0.4173
2026-04-23,0.996729,2370.25,2378.03,-0.3271
2026-04-24,0.99799,2325.37,2330.05,-0.201
2026-04-25,0.996875,2308.13,2315.36,-0.3125
2026-04-26,0.997098,2312.71,2319.44,-0.2902
2026-04-27,0.995801,2364.36,2374.33,-0.4199
2026-04-28,0.991333,2282.04,2302.0,-0.8667
2026-04-30,1.000009,2253.94,2253.92,0.0009
2026-05-02,1.007671,2313.16,2295.55,0.7671
2026-05-03,1.00128,2319.18,2316.21,0.128
2026-05-05,0.997279,2342.56,2348.95,-0.2721
2026-05-06,0.998191,2356.74,2361.01,-0.1809
2026-05-07,0.974321,2290.74,2351.11,-2.5679
2026-05-08,1.006092,2305.93,2291.97,0.6092
2026-05-10,1.000478,2326.42,2325.31,0.0478
2026-05-11,0.986482,2339.83,2371.89,-1.3518
2026-05-13,1.000398,2274.58,2273.68,0.0398
2026-05-14,1.01015,2283.45,2260.51,1.015
2026-05-15,0.972913,2223.2,2285.1,-2.7087
2026-05-16,0.980593,2179.89,2223.03,-1.9407
2026-05-17,0.974397,2126.77,2182.65,-2.5603
2026-05-19,0.999811,2127.84,2128.24,-0.0189
2026-05-20,0.99965,2110.48,2111.22,-0.035
2026-05-21,0.999574,2126.82,2127.73,-0.0426
2026-05-22,1.001029,2132.44,2130.25,0.1029
2026-05-23,1.000145,2064.14,2063.84,0.0145
2026-05-24,0.992447,2099.69,2115.67,-0.7553
2026-05-25,1.004694,2110.32,2100.46,0.4694
2026-05-26,0.98148,2071.39,2110.48,-1.852
2026-05-28,0.999561,2021.54,2022.43,-0.0439
2026-05-29,0.999486,2007.12,2008.16,-0.0514
2026-05-30,1.004207,2019.13,2010.67,0.4207
2026-05-31,0.992721,2004.12,2018.82,-0.7279
2026-06-02,0.999312,2001.83,2003.21,-0.0688
2026-06-03,1.000073,1858.73,1858.59,0.0073
2026-06-04,0.998366,1812.0,1814.96,-0.1634
2026-06-05,0.89406,1578.14,1765.14,-10.594
2026-06-07,0.998763,1567.98,1569.92,-0.1237
2026-06-08,0.999587,1685.02,1685.72,-0.0413
2026-06-09,0.999679,1689.15,1689.69,-0.0321
2026-06-10,0.998514,1638.38,1640.82,-0.1486
2026-06-11,1.030566,1671.69,1622.11,3.0566
2026-06-13,1.008232,1678.95,1665.24,0.8232
2026-06-15,0.999999,1724.59,1724.59,-0.0001
2026-06-16,1.000082,1794.34,1794.19,0.0082
2026-06-17,0.998107,1789.45,1792.85,-0.1893
2026-06-18,0.997948,1746.56,1750.16,-0.2052
2026-06-19,1.000233,1708.51,1708.11,0.0233
2026-06-20,1.01716,1738.79,1709.46,1.716
2026-06-21,0.981497,1704.23,1736.36,-1.8503
2026-06-22,1.010928,1726.5,1707.84,1.0928
2026-06-23,0.964787,1665.04,1725.81,-3.5213
2026-06-24,0.971646,1619.52,1666.77,-2.8354
2026-06-25,0.965844,1564.77,1620.11,-3.4156
2026-06-27,0.996697,1571.67,1576.87,-0.3303
2026-06-29,1.002735,1570.08,1565.8,0.2735
2026-06-30,0.974463,1569.07,1610.18,-2.5537
2026-07-02,1.058708,1698.09,1603.93,5.8708
2026-07-03,1.033963,1755.95,1698.27,3.3963
2026-07-04,1.012443,1778.52,1756.66,1.2443
2026-07-05,1.00324,1782.24,1776.49,0.324
2026-07-07,1.00008,1797.68,1797.54,0.008
2026-07-08,0.983366,1742.15,1771.62,-1.6634
2026-07-09,1.002279,1744.84,1740.87,0.2279
2026-07-10,1.029865,1794.92,1742.87,2.9865
2026-07-12,1.009387,1804.85,1788.07,0.9387
2026-07-13,0.979732,1772.94,1809.61,-2.0268
2026-07-14,1.065891,1890.13,1773.29,6.5891
2026-07-15,1.014121,1917.39,1890.69,1.4121
2026-07-16,0.970369,1863.05,1919.94,-2.9631
2026-07-17,0.987855,1840.26,1862.89,-1.2145
2026-07-18,1.011091,1860.21,1839.81,1.1091
2026-07-19,1.004767,1870.26,1861.39,0.4767
2026-07-20,1.018526,1902.16,1867.57,1.8526
2026-07-21,1.014128,1927.97,1901.12,1.4128
2026-07-22,0.999728,1929.38,1929.91,-0.0272
2026-07-23,0.969936,1875.12,1933.24,-3.0064
2026-07-24,0.991441,1859.9,1875.95,-0.8559
2026-07-25,1.006011,1872.77,1861.58,0.6011
2026-07-26,1.041611,1951.35,1873.4,4.1611
