protocolo,slug,categoria,tvl_usd,market_share_pct
Lido,lido,Liquid Staking,18197860758.97643,53.82
Binance staked ETH,binance-staked-eth,Liquid Staking,7232007723.239251,21.39
ether.fi Stake,ether.fi-stake,Liquid Restaking,3345370515.4012785,9.89
Rocket Pool,rocket-pool,Liquid Staking,1029590031.6508597,3.05
Kelp,kelp,Liquid Restaking,937164229.3546845,2.77
StakeWise V2,stakewise-v2,Liquid Staking,736072805.0400982,2.18
Liquid Collective,liquid-collective,Liquid Staking,622131810.886671,1.84
mETH Protocol,meth-protocol,Liquid Staking,495512380.56391543,1.47
Coinbase Wrapped Staked ETH,coinbase-wrapped-staked-eth,Liquid Staking,357780453.838206,1.06
Stader,stader,Liquid Staking,207113400.86358732,0.61
Frax Ether,frax-ether,Liquid Staking,102516987.08313297,0.3
Renzo,renzo,Liquid Restaking,93970023.65852001,0.28
stake.link liquid,stake.link-liquid,Liquid Staking,63438719.6852322,0.19
Puffer Stake,puffer-stake,Liquid Restaking,47715421.605162315,0.14
Veno Finance,veno-finance,Liquid Staking,34823338.812092945,0.1
Origin Ether,origin-ether,Liquid Staking,33977737.223086014,0.1
Mantle Restaking,mantle-restaking,Liquid Restaking,33801254.88816458,0.1
NodeDAO,nodedao,Liquid Staking,27860984.049025875,0.08
Swell Liquid Staking,swell-liquid-staking,Liquid Staking,26232042.97853219,0.08
Swell Liquid Restaking,swell-liquid-restaking,Liquid Restaking,24342886.517436925,0.07
