data,tvl_total_usd,tvl_ethereum_usd
2020-12-19,1484680,1484680
2020-12-20,2697598,2697598
2020-12-21,3410253,3410253
2020-12-22,4563625,4563625
2020-12-23,4661610,4661610
2020-12-24,5347131,5347131
2020-12-25,7325073,7325073
2020-12-26,7408641,7408641
2020-12-27,8347237,8347237
2020-12-28,11344171,11344171
2020-12-29,11765090,11765090
2020-12-30,12119912,12119912
2020-12-31,12582167,12582167
2021-01-01,12543454,12543454
2021-01-02,12514881,12514881
2021-01-03,14195762,14195762
2021-01-04,16274684,16274684
2021-01-05,18325628,18325628
2021-01-06,20965573,20965573
2021-01-07,22570112,22570112
2021-01-08,25529569,25529569
2021-01-09,26299896,26299896
2021-01-10,33624539,33624539
2021-01-11,28869701,28869701
2021-01-12,30663261,30663261
2021-01-13,50094240,50094240
2021-01-14,73598480,73598480
2021-01-15,81861176,81861176
2021-01-16,85283818,85283818
2021-01-17,86160071,86160071
2021-01-18,87391374,87391374
2021-01-19,99335242,99335242
2021-01-20,100287613,100287613
2021-01-21,96701078,96701078
2021-01-22,92488787,92488787
2021-01-23,110569488,110569488
2021-01-24,121085410,121085410
2021-01-25,127510734,127510734
2021-01-26,127250330,127250330
2021-01-27,126687251,126687251
2021-01-28,130256710,130256710
2021-01-29,137228376,137228376
2021-01-30,135996393,135996393
2021-01-31,142145275,142145275
2021-02-01,142743932,142743932
2021-02-02,167649885,167649885
2021-02-03,192995719,192995719
2021-02-04,207027159,207027159
2021-02-05,211317161,211317161
2021-02-06,222659990,222659990
2021-02-07,223083142,223083142
2021-02-08,226682734,226682734
2021-02-09,244636373,244636373
2021-02-10,258690801,258690801
2021-02-11,257373193,257373193
2021-02-12,255301490,255301490
2021-02-13,261404596,261404596
2021-02-14,300220386,300220386
2021-02-15,289892552,289892552
2021-02-16,294701079,294701079
2021-02-17,298817631,298817631
2021-02-18,340560743,340560743
2021-02-19,347618380,347618380
2021-02-20,363633943,363633943
2021-02-21,357021502,357021502
2021-02-22,333163674,333163674
2021-02-23,267003426,267003426
2021-02-24,303534847,303534847
2021-02-25,294421081,294421081
2021-02-26,270362309,270362309
2021-02-27,269803675,269803675
2021-02-28,250111049,250111049
2021-03-01,279680304,279680304
2021-03-02,284790615,284790615
2021-03-03,294543162,294543162
2021-03-04,287090601,287090601
2021-03-05,272111645,272111645
2021-03-06,288340247,288340247
2021-03-07,308683748,308683748
2021-03-08,316855760,316855760
2021-03-09,337615557,337615557
2021-03-10,338318383,338318383
2021-03-11,329516422,329516422
2021-03-12,332363356,332363356
2021-03-13,343424416,343424416
2021-03-14,350346676,350346676
2021-03-15,332987874,332987874
2021-03-16,336938520,336938520
2021-03-17,460583631,331035665
2021-03-18,509773361,341187051
2021-03-19,574607276,341131860
2021-03-20,587935872,344888450
2021-03-21,602769063,332820032
2021-03-22,618289929,338748427
2021-03-23,569500275,318033242
2021-03-24,606935658,322599568
2021-03-25,583873492,305245268
2021-03-26,625796928,306173445
2021-03-27,630767135,316008858
2021-03-28,649286652,323472485
2021-03-29,704078283,332998581
2021-03-30,741152297,351751353
2021-03-31,743763681,342734866
2021-04-01,779177993,369160084
2021-04-02,799026221,380004694
2021-04-03,821105326,402368519
2021-04-04,807264483,392649367
2021-04-05,804754966,395915848
2021-04-06,810757400,408984803
2021-04-07,805140938,398661578
2021-04-08,819712012,390391303
2021-04-09,934439179,403329152
2021-04-10,965035169,445455209
2021-04-11,951022763,439859559
2021-04-12,981448867,478455294
2021-04-13,1073726481,502950687
2021-04-14,1080081949,533325146
2021-04-15,1131586581,557203218
2021-04-16,1154120907,544095450
2021-04-17,1161711743,553807491
2021-04-18,991105854,483413578
2021-04-19,1189430787,561252496
2021-04-20,1089818460,537507459
2021-04-21,1160402395,577051890
2021-04-22,1228013431,626080774
2021-04-23,1101462978,550929281
2021-04-24,1187254629,570580413
2021-04-25,1271627756,568476766
2021-04-26,1385400252,626970349
2021-04-27,1455239310,642914771
2021-04-28,1430439245,667348311
2021-04-29,1475154399,710322500
2021-04-30,1511692566,716599873
2021-05-01,1511145432,730556772
2021-05-02,1567952725,748420093
2021-05-03,1716457044,823908713
2021-05-04,1700927523,873318082
2021-05-05,1764741635,926944691
2021-05-06,1782883841,953302065
2021-05-07,1867000732,1068599369
2021-05-08,1981645031,1166382682
2021-05-09,2145406106,1313104389
2021-05-10,2216323676,1387293174
2021-05-11,2125008558,1349399574
2021-05-12,2261368556,1447043988
2021-05-14,2194510145,1392324939
2021-05-15,2009113421,1264822899
2021-05-16,2044538182,1244405438
2021-05-17,1889629618,1153151919
2021-05-18,1973541990,1193237928
2021-05-19,1366850255,880044507
2021-05-20,1503975800,975411319
2021-05-21,1197332029,813013716
2021-05-22,1268520009,969448266
2021-05-23,1089389749,866137323
2021-05-24,1436918532,1086214962
2021-05-25,1457761756,1138596649
2021-05-26,1572288635,1193296825
2021-05-27,1541603698,1217940547
2021-05-28,1369256784,1066213473
2021-05-29,1284551120,1005369859
2021-05-30,1371812777,1064601440
2021-05-31,1568761944,1196393936
2021-06-01,1536235064,1176532461
2021-06-02,1614326124,1232608870
2021-06-03,1740486738,1298955687
2021-06-04,1621178893,1247754730
2021-06-05,1545877559,1195771624
2021-06-06,1607248302,1245377640
2021-06-07,1528425925,1214695510
2021-06-08,1509199946,1173278233
2021-06-09,1597842348,1224147690
2021-06-10,1552872592,1176446399
2021-06-11,1491923061,1143952970
2021-06-12,1532641243,1187686476
2021-06-13,1645056229,1246225479
2021-06-14,1699800875,1282552623
2021-06-15,1727769757,1282430559
2021-06-16,1643680666,1228502335
2021-06-17,1655355907,1231827889
2021-06-18,1575760556,1160594924
2021-06-19,1553281987,1159327478
2021-06-20,1607527078,1199839211
2021-06-21,1354610799,1013983713
2021-06-22,1350497871,1013470164
2021-06-23,1441034258,1045401091
2021-06-24,1470998790,1069168285
2021-06-25,1372761056,980698030
2021-06-26,1362958264,970209020
2021-06-27,1470769605,1055199370
2021-06-28,1549607364,1133841832
2021-06-29,1662588943,1207370530
2021-06-30,1761252203,1257425648
2021-07-01,1685989222,1238470676
2021-07-02,1701313201,1261823713
2021-07-03,1749590141,1290185794
2021-07-04,1854074210,1393872200
2021-07-05,1793950756,1355364529
2021-07-06,1888267834,1394222801
2021-07-07,1958433589,1409626415
2021-07-08,1826406341,1303679853
2021-07-09,2002138706,1371431638
2021-07-10,1966707980,1350803185
2021-07-11,2022730895,1371405808
2021-07-12,1918614791,1298845821
2021-07-13,1792056068,1237640952
2021-07-14,1825763965,1283304341
2021-07-15,1747645008,1237214176
2021-07-16,1728128921,1209524317
2021-07-17,1740624541,1224546961
2021-07-18,1753093990,1220587637
2021-07-19,1663784849,1184400603
2021-07-20,1645473780,1160674087
2021-07-21,1850988652,1298777158
2021-07-22,1939523761,1336054226
2021-07-23,2035767625,1393439851
2021-07-24,2139815992,1441081348
2021-07-25,2126988567,1447208696
2021-07-26,2173665699,1494913448
2021-07-27,2300562301,1537810669
2021-07-28,2441145596,1545724484
2021-07-29,2508336162,1605372244
2021-07-30,2568334467,1673039936
2021-07-31,2626538659,1747967397
2021-08-01,2735696255,1814783829
2021-08-02,2832032722,1806183668
2021-08-03,3002418510,1835202148
2021-08-04,3176112819,1984865302
2021-08-05,3263181987,2074057006
2021-08-06,3271814230,2132562823
2021-08-07,3492560356,2313812358
2021-08-08,3317557378,2274983940
2021-08-09,3469187210,2379158491
2021-08-10,3660679480,2379138123
2021-08-11,3653403831,2371903755
2021-08-12,3575639972,2294031883
2021-08-13,3904332966,2535963618
2021-08-14,3882854658,2552694467
2021-08-15,4051159508,2663830901
2021-08-16,4190399677,2601535775
2021-08-17,4340858071,2542425581
2021-08-18,4853648538,2594848220
2021-08-19,4753885993,2750439158
2021-08-20,5013284058,2923831236
2021-08-21,4879643526,3011982833
2021-08-22,4904055359,3054875337
2021-08-23,5231930366,3262774030
2021-08-24,5162294313,3176262591
2021-08-25,5124227487,3185407709
2021-08-26,4924940983,3159218937
2021-08-27,5523443743,3421584987
2021-08-28,5201638979,3263038820
2021-08-29,5656464375,3634266073
2021-08-30,5899530757,3633847131
2021-08-31,5770642097,3639211759
2021-09-01,5967246630,3848026829
2021-09-02,6141396398,4103139416
2021-09-03,6454292476,4380658769
2021-09-04,6742750814,4655581169
2021-09-05,6630580933,4626139746
2021-09-06,6718506677,4647497270
2021-09-07,6752957163,4682095223
2021-09-08,6568618388,4660095127
2021-09-09,5919403665,4189808288
2021-09-10,6208354931,4360408189
2021-09-11,6645207111,4281033249
2021-09-12,6718671011,4201556664
2021-09-13,6941483271,4367974469
2021-09-14,6374544618,4122323598
2021-09-15,6923769844,4803777646
2021-09-16,6946000905,4585971839
2021-09-17,6611530448,4406897440
2021-09-18,6734812965,4442244704
2021-09-19,6479019178,4302099387
2021-09-20,5777649005,3953910389
2021-09-21,5278958197,3673105712
2021-09-22,6240080016,3990170938
2021-09-23,6570413025,4112010435
2021-09-24,6337195299,3805175561
2021-09-25,6429449332,3845940069
2021-09-26,6327258528,3997889470
2021-09-27,6337936368,3946623176
2021-09-28,5908492625,3746358115
2021-09-29,6063285055,3746104232
2021-09-30,6571715805,3954195652
2021-10-01,6979156441,4291790888
2021-10-02,7407825479,4581717697
2021-10-03,7416941679,4517948165
2021-10-04,7622825583,4588615961
2021-10-05,7713144064,4682675702
2021-10-06,7804666312,4800802352
2021-10-07,7705582541,4876425802
2021-10-08,8217360159,4962660140
2021-10-09,7957443411,4912388632
2021-10-10,7960060420,4936416728
2021-10-11,7577219951,4732295000
2021-10-12,7478291867,4793733868
2021-10-13,7495010603,4913878238
2021-10-14,7675547003,5017227127
2021-10-15,7910686086,5256943451
2021-10-16,8100694775,5340623200
2021-10-17,8007667987,5353103364
2021-10-18,8129356712,5428553628
2021-10-19,7842359208,5272872333
2021-10-20,8162518114,5462139405
2021-10-21,9055902381,5848613658
2021-10-22,8888982254,5785929695
2021-10-23,8844943590,5580060750
2021-10-24,9089202133,5861360372
2021-10-25,8972859742,5823416914
2021-10-26,9342398994,6030800273
2021-10-27,9188670051,5909976591
2021-10-28,8657078760,5635352173
2021-10-29,9444475951,6099017654
2021-10-30,9585148451,6248616622
2021-10-31,9469184595,6248641880
2021-11-01,9375709687,6145003656
2021-11-02,9486550621,6210841817
2021-11-03,9915548997,6596373610
2021-11-04,10179222730,6601420929
2021-11-05,10382174345,6554419057
2021-11-06,10203010928,6497081095
2021-11-07,10369774632,6580983468
2021-11-08,10530148494,6807856549
2021-11-09,10951468099,6999252644
2021-11-10,10616397605,6938199731
2021-11-11,10304650578,6766167753
2021-11-12,10641286377,6945315530
2021-11-13,10525843802,6876318423
2021-11-14,10627295728,6844811473
2021-11-15,10651656762,6914331892
2021-11-16,10125304469,6635864706
2021-11-17,9383475430,6214372936
2021-11-18,9666775604,6429595467
2021-11-19,9076356852,6026807642
2021-11-20,9592116206,6441216121
2021-11-21,9862294010,6571647809
2021-11-22,9283906525,6236515199
2021-11-23,9220307508,6187923369
2021-11-24,9642353394,6496046730
2021-11-25,9339757721,6434384172
2021-11-26,9991469990,6798352492
2021-11-27,9222087074,6151389444
2021-11-28,9307649599,6153544235
2021-11-29,10204315971,6581171059
2021-11-30,10413358618,6720776943
2021-12-01,11273831763,7030809883
2021-12-02,11448965409,6918102132
2021-12-03,11626412047,6913216218
2021-12-04,11099651716,6494742693
2021-12-05,11619913723,6250585033
2021-12-06,10914463410,6355922759
2021-12-07,11428110929,6681999534
2021-12-08,11619886092,6715340709
2021-12-09,11972919269,6917150471
2021-12-10,11089075361,6475200586
2021-12-11,10345441623,6112225410
2021-12-12,10392077192,6335131682
2021-12-13,10728809966,6485894266
2021-12-14,9752769276,6018003542
2021-12-15,10150240944,6074360202
2021-12-16,10634887344,6374649290
2021-12-17,10651566200,6271658924
2021-12-18,10606900417,6134459230
2021-12-19,11185297212,6240125641
2021-12-20,11507191790,6256602686
2021-12-21,11838478074,6348854204
2021-12-22,12496661072,6443160396
2021-12-23,12240062543,6322585550
2021-12-24,12997599933,6597777294
2021-12-25,13103609651,6568831119
2021-12-26,13257830671,6634045334
2021-12-27,13234517381,6578849444
2021-12-28,12663980502,6527787871
2021-12-29,11987365372,6181299194
2021-12-30,11623215488,5955058838
2021-12-31,11742907288,6052535477
2022-01-01,11929641642,6061955477
2022-01-02,12467491871,6156967128
2022-01-03,12491296642,6273106050
2022-01-04,12316385857,6216354681
2022-01-05,12235291133,6352057206
2022-01-06,11363306915,5899802746
2022-01-07,10986528319,5648677448
2022-01-08,10240149691,5373094722
2022-01-09,9873245948,5179831118
2022-01-10,10356055899,5293881577
2022-01-11,9938852312,5171545554
2022-01-12,10570306750,5464703349
2022-01-13,11347188541,5693282451
2022-01-14,10964995451,5509612212
2022-01-15,11200072240,5590096956
2022-01-16,11625822458,5634254535
2022-01-17,11641630131,5667510344
2022-01-18,10946148992,5485998221
2022-01-19,10951566496,5382797836
2022-01-20,10890076482,5284317784
2022-01-21,10612924408,5121313125
2022-01-22,8918160780,4379416553
2022-01-23,8792983908,4139636920
2022-01-24,9193162773,4414210069
2022-01-25,8768612208,4298988189
2022-01-26,8721859539,4324040924
2022-01-27,8955346515,4643431018
2022-01-28,8057361161,4277173622
2022-01-29,8114759697,4579049761
2022-01-30,8154307092,4647283399
2022-01-31,7741523020,4609959116
2022-02-01,8352196700,4832265729
2022-02-02,8626655568,5030217637
2022-02-03,8137376340,4843291471
2022-02-04,8343472391,4843844785
2022-02-05,9062155475,5398931944
2022-02-06,9355503469,5512608455
2022-02-07,9425857704,5589328644
2022-02-08,9849093652,5756371278
2022-02-09,9684040171,5747489509
2022-02-10,9867501784,5973983110
2022-02-11,9323790420,5771786982
2022-02-12,8869054240,5436411447
2022-02-13,8908597057,5426514933
2022-02-14,8868500071,5392404902
2022-02-15,9109277367,5491568754
2022-02-16,9764632045,5972866800
2022-02-17,10776992706,5911446787
2022-02-18,9849181387,5450046373
2022-02-19,9635770088,5288810943
2022-02-20,9568527335,5242934534
2022-02-21,9284020360,5032710704
2022-02-22,9176455049,4917021181
2022-02-23,9579482020,5056001870
2022-02-24,10183384770,5111905781
2022-02-25,10570784656,5124617769
2022-02-26,11549488244,5477363111
2022-02-27,12085656238,5515865729
2022-02-28,11178505823,5224654908
2022-03-01,13825763846,5920136684
2022-03-02,13946529494,5966623954
2022-03-03,14035992618,6042773007
2022-03-04,13556692075,5709021083
2022-03-05,12480064598,5439419299
2022-03-06,13033542657,5600876841
2022-03-07,12120705188,5358189735
2022-03-08,12179712553,5372385122
2022-03-09,13490907049,5596563296
2022-03-10,14963489373,6017631284
2022-03-11,14337221102,5699389272
2022-03-12,13641674320,5756644263
2022-03-13,13512750907,5815991378
2022-03-14,13457150512,5704604675
2022-03-15,14236206290,5978713059
2022-03-16,14296430953,6575495899
2022-03-17,14926073787,7077978802
2022-03-18,14746238057,7242409985
2022-03-19,15747370146,7866635795
2022-03-20,16062992039,8028397663
2022-03-21,15733361492,7817854910
2022-03-22,16314501506,7931421593
2022-03-23,16354448950,8184168055
2022-03-24,16597542811,8497916653
2022-03-25,16722121023,8655256594
2022-03-26,16350601272,8687283233
2022-03-27,16625411693,8837780662
2022-03-28,17267464636,9257910639
2022-03-29,17980982698,9544411560
2022-03-30,18829392484,9623717007
2022-03-31,18882952743,9779547964
2022-04-01,18766260162,9795394002
2022-04-02,19461202817,10348167956
2022-04-03,20366963551,10414828069
2022-04-04,20323921629,10654227953
2022-04-05,20834599651,10796533533
2022-04-06,20404782354,10322768256
2022-04-07,19247409681,9949961061
2022-04-08,19241404990,10214644479
2022-04-09,18508106396,10212984841
2022-04-10,18855775492,10447519681
2022-04-11,18489885366,10392641447
2022-04-12,17057217092,9666592516
2022-04-13,17244116893,9878793225
2022-04-14,18020403754,10326992381
2022-04-15,17220771341,10031102627
2022-04-16,17344732324,10269052610
2022-04-17,17489537674,10393316728
2022-04-18,17038773731,10173068443
2022-04-19,18541770155,10520780138
2022-04-20,18937764937,10625994051
2022-04-21,19006589703,10673920490
2022-04-22,18337634424,10377636251
2022-04-23,18644919567,10446330714
2022-04-24,18257074794,10394664168
2022-04-25,17960566117,10162183435
2022-04-26,19336725140,10731677893
2022-04-27,18037373061,10217111596
2022-04-28,18561743211,10627398127
2022-04-29,18736501192,10892593742
2022-04-30,18112355454,10555971424
2022-05-01,17603473301,10429755857
2022-05-02,18174952115,10826883596
2022-05-03,18660027954,11242991444
2022-05-04,18347590202,11087229092
2022-05-05,19390293831,11806079759
2022-05-06,18410137617,11050154700
2022-05-07,17882792425,10962254587
2022-05-08,16633736902,10701405802
2022-05-09,16061352956,10328908697
2022-05-10,12333464844,9403806783
2022-05-11,11595676249,9869325479
2022-05-12,9244719849,8979837839
2022-05-13,8387947914,8253462893
2022-05-14,8675786007,8524511570
2022-05-15,8770075827,8619700893
2022-05-16,9065756551,8902368057
2022-05-17,8756006520,8600481847
2022-05-18,8954138495,8791537974
2022-05-19,8269482693,8128044989
2022-05-20,8586515306,8446207487
2022-05-21,8336123918,8209681743
2022-05-22,8450807298,8323498299
2022-05-23,8723384540,8592418729
2022-05-24,8489747534,8366183619
2022-05-25,8435880883,8313516524
2022-05-26,8372244522,8254407441
2022-05-27,7626610155,7522479256
2022-05-28,7396396879,7297062963
2022-05-29,7655743615,7549423385
2022-05-30,7722267485,7617422048
2022-05-31,8503163677,8391690211
2022-06-01,8328413791,8219973304
2022-06-02,7816033676,7721200701
2022-06-03,7825744721,7726910733
2022-06-04,7573441179,7481093433
2022-06-05,7708021983,7613213745
2022-06-06,7717543079,7623950830
2022-06-07,7525619669,7429150696
2022-06-08,7762697038,7666111318
2022-06-09,7659488944,7564873596
2022-06-10,7611214821,7514319517
2022-06-11,7183613869,7090968576
2022-06-12,6556186722,6470754045
2022-06-13,6059700637,5983765530
2022-06-14,5146394959,5079457341
2022-06-15,5150083485,5078431748
2022-06-16,5273903360,5189396973
2022-06-17,4569780460,4503151238
2022-06-18,4688303994,4618150213
2022-06-19,4273604850,4203531633
2022-06-20,4695024018,4626533265
2022-06-21,4815495582,4747966047
2022-06-22,4796390172,4727146332
2022-06-23,4624109086,4561504833
2022-06-24,4914782963,4846220000
2022-06-25,5247660857,5172969634
2022-06-26,5336156445,5257068984
2022-06-27,5172116610,5095596618
2022-06-28,5083594153,5008892380
2022-06-29,4935169566,4864519319
2022-06-30,4712977381,4642023112
2022-07-01,4763831875,4690277643
2022-07-02,4582057974,4511389437
2022-07-03,4581471448,4509949483
2022-07-04,4624675259,4552169505
2022-07-05,4984983055,4906230442
2022-07-06,4974559493,4897201607
2022-07-07,5133736448,5052894486
2022-07-08,5344081527,5260061358
2022-07-09,5250407031,5165865902
2022-07-10,5250360556,5167578774
2022-07-11,5061484195,4980936372
2022-07-12,4746412145,4671514105
2022-07-13,4517909382,4443660314
2022-07-14,4813719763,4734544614
2022-07-15,5145157261,5057423071
2022-07-16,5287333312,5198758392
2022-07-17,5897920265,5800398898
2022-07-18,5848335028,5753443236
2022-07-19,6818774574,6708494572
2022-07-20,6678884086,6567650880
2022-07-21,6612586502,6497456919
2022-07-22,6765439728,6645748565
2022-07-23,6951636984,6836885848
2022-07-24,6809638843,6695880551
2022-07-25,6815380955,6694784258
2022-07-26,6333162243,6216767798
2022-07-27,6270641475,6161696380
2022-07-28,7036221468,6915553350
2022-07-29,7514351432,7383859695
2022-07-30,7519984075,7390675278
2022-07-31,7421914302,7287852644
2022-08-01,7332208984,7199082637
2022-08-02,7166254107,7035706202
2022-08-03,6967295709,6846938034
2022-08-04,7164465654,7039653229
2022-08-05,7042199984,6908542490
2022-08-06,7597604210,7458717544
2022-08-07,7353034058,7217877591
2022-08-08,7462437135,7322777958
2022-08-09,7778249085,7634132299
2022-08-10,7320949328,7183086972
2022-08-11,8216727289,8061746286
2022-08-12,8281475110,8123461672
2022-08-13,8575456826,8394396805
2022-08-14,8743865696,8561384060
2022-08-15,8574273209,8396821130
2022-08-16,8332835790,8160719407
2022-08-17,8346242557,8158193287
2022-08-18,8124104533,7946287262
2022-08-19,8026214614,7856514657
2022-08-20,7177379844,7015854373
2022-08-21,6953288173,6796982708
2022-08-22,7107710810,6946586041
2022-08-23,7136494471,6979463981
2022-08-24,7221021240,7063522970
2022-08-25,7355750573,7194254012
2022-08-26,7412282386,7247639088
2022-08-27,6656172160,6505944213
2022-08-28,6602312335,6452061027
2022-08-29,6321823604,6190625016
2022-08-30,6800958642,6659513028
2022-08-31,6826349841,6688298949
2022-09-01,6788495389,6652296216
2022-09-02,6956941901,6820863074
2022-09-03,6964664592,6821189876
2022-09-04,6890989681,6746659345
2022-09-05,6960908357,6811352005
2022-09-06,7307764880,7153406325
2022-09-07,6779710272,6635529319
2022-09-08,7174881004,7024234667
2022-09-09,7246058695,7088128363
2022-09-10,7577008327,7417402231
2022-09-11,7836801192,7675051919
2022-09-12,7723269787,7562725461
2022-09-13,7600990361,7429915336
2022-09-14,6962239660,6809530840
2022-09-15,7241352891,7084421894
2022-09-16,6543087896,6394625252
2022-09-17,6407712565,6259532679
2022-09-18,6464727999,6312012539
2022-09-19,5988159357,5845514789
2022-09-20,6100922345,5953705525
2022-09-21,5967551614,5823322433
2022-09-22,5570634133,5430948500
2022-09-23,5954843556,5807080738
2022-09-24,5926674373,5771149997
2022-09-25,5938835079,5783579069
2022-09-26,5875016866,5724110674
2022-09-27,6077935159,5922650983
2022-09-28,6068803098,5915319264
2022-09-29,6050701284,5893607577
2022-09-30,6054258476,5891058064
2022-10-01,6028799812,5871272054
2022-10-02,5963070844,5805704245
2022-10-03,5827759009,5675489887
2022-10-04,6028385658,5871482589
2022-10-05,6168139745,6006183281
2022-10-06,6208059044,6047610516
2022-10-07,6187567958,6027893086
2022-10-08,6091152486,5934422392
2022-10-09,6000948217,5845497638
2022-10-10,6073998879,5915679579
2022-10-11,5865086505,5713880629
2022-10-12,5889584121,5739905134
2022-10-13,5991392050,5842056416
2022-10-14,5897564725,5752247894
2022-10-15,5933377378,5790577355
2022-10-16,5850489385,5709656700
2022-10-17,5972254990,5830383584
2022-10-18,6110460901,5964553598
2022-10-19,5979875670,5841768808
2022-10-20,5877232360,5744785617
2022-10-21,5890087141,5763221461
2022-10-22,6009014505,5882536182
2022-10-23,6038833639,5911730739
2022-10-24,6280910756,6145081533
2022-10-25,6196801225,6065421559
2022-10-26,6810434687,6666847257
2022-10-27,7254349800,7109610986
2022-10-28,7113693210,6971842772
2022-10-29,7268928086,7120329506
2022-10-30,7609382455,7458109920
2022-10-31,7501819224,7349917574
2022-11-01,7474286123,7323220853
2022-11-02,7591802624,7429803453
2022-11-03,7384757339,7226800242
2022-11-04,7411328033,7252483978
2022-11-05,7958186988,7783924722
2022-11-06,7887740418,7704804459
2022-11-07,7624889840,7460769441
2022-11-08,7594177929,7444416556
2022-11-09,6399103082,6283300004
2022-11-10,5468354993,5397212606
2022-11-11,6214169999,6145920652
2022-11-12,6133909714,6072252789
2022-11-13,6035233262,5980480703
2022-11-14,5804399095,5754964475
2022-11-15,5978998668,5926996331
2022-11-16,6031112792,5980630108
2022-11-17,5882952218,5832310756
2022-11-18,5826362532,5778139963
2022-11-19,5830238013,5783584648
2022-11-20,5888825007,5842816175
2022-11-21,5500653742,5456803799
2022-11-22,5371790230,5328888056
2022-11-23,5496181373,5451067093
2022-11-24,5722361917,5673251319
2022-11-25,5797427588,5748597417
2022-11-26,5837284788,5788299490
2022-11-27,5834590243,5785589031
2022-11-28,5805209272,5756300525
2022-11-29,5649099738,5602335430
2022-11-30,6189278062,6140027358
2022-12-01,6275577816,6225722799
2022-12-02,6226843844,6177781499
2022-12-03,6261320348,6212080046
2022-12-04,6076854257,6028616030
2022-12-05,6278000898,6228166645
2022-12-06,6143950848,6094643033
2022-12-07,6160919509,6111075157
2022-12-08,5991080970,5943392387
2022-12-09,6203167461,6154698900
2022-12-10,6146347601,6098437698
2022-12-11,6166249166,6117749291
2022-12-12,6109663500,6062143993
2022-12-13,6190291737,6143026225
2022-12-14,6449735465,6400503429
2022-12-15,6372157606,6322574459
2022-12-16,6208809734,6159226446
2022-12-17,5725216905,5681387262
2022-12-18,5791000792,5746709464
2022-12-19,5813017465,5768933537
2022-12-20,5726797913,5684224845
2022-12-21,5909156016,5866020297
2022-12-22,5954880389,5912066494
2022-12-23,5957193084,5914835920
2022-12-24,5979812531,5936965863
2022-12-25,5985090951,5942959444
2022-12-26,5968719080,5926961245
2022-12-27,6002289008,5960296488
2022-12-28,5929278814,5888152184
2022-12-29,5848598663,5811172605
2022-12-30,5888326526,5850889786
2022-12-31,5877772406,5840727043
2023-01-01,5865784383,5828964644
2023-01-02,5877675394,5841189710
2023-01-03,5978870818,5939103647
2023-01-04,5971446273,5926454976
2023-01-05,6177010336,6132609824
2023-01-06,6178432119,6133240724
2023-01-07,6251891607,6206539552
2023-01-08,6216768015,6172751295
2023-01-09,6367278290,6317862863
2023-01-10,6540307659,6486651651
2023-01-11,6607654982,6554245704
2023-01-12,6957810563,6901670527
2023-01-13,6965692285,6910456156
2023-01-14,7632798212,7567873840
2023-01-15,7586496588,7512131152
2023-01-16,7673741330,7600631508
2023-01-17,7780131820,7707883071
2023-01-18,7809191232,7737048870
2023-01-19,7542156346,7474740273
2023-01-20,7736681153,7668797814
2023-01-21,8274947307,8196030030
2023-01-22,8178015434,8099691027
2023-01-23,8196166621,8119040949
2023-01-24,8257377782,8179803734
2023-01-25,7860942579,7787439177
2023-01-26,8214929842,8136103097
2023-01-27,8105353129,8028783864
2023-01-28,8170358688,8091100051
2023-01-29,8090291824,8012036540
2023-01-30,8397851251,8314711589
2023-01-31,8022423607,7946000022
2023-02-01,8115827973,8039291883
2023-02-02,8617130977,8535224157
2023-02-03,8452819125,8373698850
2023-02-04,8549030272,8467806233
2023-02-05,8562793255,8483219266
2023-02-06,8447541188,8369179136
2023-02-07,8366392538,8291196516
2023-02-08,8690052411,8610421720
2023-02-09,8542928906,8466450810
2023-02-10,8023060718,7954950421
2023-02-11,7859431410,7791264243
2023-02-12,7987098943,7918021544
2023-02-13,7878311523,7807991831
2023-02-14,7828716249,7760411512
2023-02-15,8094204866,8023488922
2023-02-16,8828021852,8751260418
2023-02-17,8670649255,8596728960
2023-02-18,8921567312,8842640157
2023-02-19,8938626175,8858545567
2023-02-20,8856689609,8773461425
2023-02-21,9034278122,8945698340
2023-02-22,8796116232,8712571509
2023-02-23,8716993448,8637134669
2023-02-24,8763753873,8684516652
2023-02-25,8534063544,8458180562
2023-02-26,8785443412,8711764082
2023-02-27,9147403554,9071533823
2023-02-28,9369689599,9294069212
2023-03-01,9296825148,9223785930
2023-03-02,9620593714,9545076720
2023-03-03,9557902329,9483236350
2023-03-04,9153048248,9080209347
2023-03-05,9137117452,9065150337
2023-03-06,9147314197,9070411084
2023-03-07,9127026748,9050953704
2023-03-08,9173596299,9098521815
2023-03-09,8969852117,8900073423
2023-03-10,8374692207,8310514624
2023-03-11,8448997878,8381550725
2023-03-12,8622372276,8556182153
2023-03-13,9520656812,9446366487
2023-03-14,9891676011,9816987222
2023-03-15,10064792571,9988454159
2023-03-16,9788876042,9717978273
2023-03-17,9900397520,9828332890
2023-03-18,10655292075,10574998361
2023-03-19,10571024285,10492851155
2023-03-20,10585485878,10507305636
2023-03-21,10481967474,10403644940
2023-03-22,10692277198,10614755662
2023-03-23,10415577735,10340521694
2023-03-24,10782514766,10704953033
2023-03-25,10512456268,10439549436
2023-03-26,10462997085,10389578498
2023-03-27,10626234935,10551195373
2023-03-28,10517427391,10444231270
2023-03-29,10613089441,10539402396
2023-03-30,10731866826,10656210827
2023-03-31,10815594771,10741299235
2023-04-01,10922627300,10846154469
2023-04-02,10886658031,10810973548
2023-04-03,10737547005,10663603877
2023-04-04,10843923673,10769634815
2023-04-05,11425885344,11348682337
2023-04-06,11410804306,11335273757
2023-04-07,11306862801,11229897229
2023-04-08,11169270827,11103060931
2023-04-09,11174909539,11109272268
2023-04-10,11210286648,11143920803
2023-04-11,11514657448,11446482208
2023-04-12,11415894400,11340831661
2023-04-13,11519570041,11443416769
2023-04-14,12679153302,12600650482
2023-04-15,12661382654,12584518863
2023-04-16,12713971704,12637554521
2023-04-17,12711652053,12633564200
2023-04-18,12670156316,12593289887
2023-04-19,12866240351,12788625761
2023-04-20,11965670376,11893493545
2023-04-21,12036087665,11966051414
2023-04-22,11408312026,11341700537
2023-04-23,11523294153,11455366521
2023-04-24,11562133755,11494099339
2023-04-25,11451796785,11384573767
2023-04-26,11663921340,11594950453
2023-04-27,12026426601,11957187247
2023-04-28,11926934833,11856146414
2023-04-29,11866400136,11793302217
2023-04-30,11969869690,11897124912
2023-05-01,11862722689,11791245486
2023-05-02,11554574210,11485621234
2023-05-03,11807514210,11738047323
2023-05-04,12146280670,12075844941
2023-05-05,12010112399,11941178624
2023-05-06,12820678837,12748236264
2023-05-07,12231194803,12161703499
2023-05-08,12093641806,12026816486
2023-05-09,11964929826,11900286616
2023-05-10,12061916616,11996348784
2023-05-11,12020341153,11954934004
2023-05-12,11857648505,11793834301
2023-05-13,12094459159,12028744875
2023-05-14,12086630471,12021378408
2023-05-15,12050111288,11985264498
2023-05-16,12336485682,12270864410
2023-05-17,12428309490,12363078631
2023-05-18,11676220680,11610343762
2023-05-19,11659889154,11595768891
2023-05-20,11761640910,11698012908
2023-05-21,11932759672,11868593042
2023-05-22,11859851377,11798205080
2023-05-23,12038781498,11976903464
2023-05-24,12483581476,12420434955
2023-05-25,12152063015,12091406014
2023-05-26,12261662791,12200667802
2023-05-27,12525164678,12463782538
2023-05-28,12699895191,12634657123
2023-05-29,13265641840,13199768147
2023-05-30,13128479176,13063680527
2023-05-31,13320264442,13254232285
2023-06-01,13186075636,13121635128
2023-06-02,13213209957,13151235588
2023-06-03,13581630491,13517618917
2023-06-04,13534596887,13470833829
2023-06-05,13499806835,13433505636
2023-06-06,12994647709,12934316874
2023-06-07,13608689123,13544636428
2023-06-08,13279517051,13220827423
2023-06-09,13374801947,13316097999
2023-06-10,13298497149,13245478411
2023-06-11,12658806802,12610464915
2023-06-12,12664068776,12615789642
2023-06-13,12565609249,12518601778
2023-06-14,12659197483,12612231993
2023-06-15,12659197483,12612231993
2023-06-16,12748691975,12699621224
2023-06-17,12748691975,12699621224
2023-06-18,12623114008,12575062214
2023-06-19,12619107113,12571372274
2023-06-20,12830378845,12780885413
2023-06-21,13261343754,13210114398
2023-06-22,14181059656,14128056011
2023-06-23,13959826701,13909310009
2023-06-24,14054834324,14002006323
2023-06-25,13986640824,13936047145
2023-06-26,14157655736,14106383349
2023-06-27,13964783717,13915160289
2023-06-28,14050708812,14000996098
2023-06-29,13758006694,13709414929
2023-06-30,13951078500,13896350522
2023-07-01,14635473026,14579625925
2023-07-02,14618052475,14560212178
2023-07-03,14753808923,14694392433
2023-07-04,14903732389,14844251469
2023-07-05,14785171275,14726616766
2023-07-06,14537272522,14478458266
2023-07-07,14136026935,14075115761
2023-07-08,14373006487,14308097476
2023-07-09,14355126150,14289354485
2023-07-10,14328936409,14267715255
2023-07-11,14468614213,14407017636
2023-07-12,14501856695,14438087500
2023-07-13,14523842175,14461194730
2023-07-14,15702768872,15619703066
2023-07-15,15102160467,15024591817
2023-07-16,15137251266,15059533081
2023-07-17,15058473484,14980509920
2023-07-18,15005023017,14929530181
2023-07-19,14967740891,14896094473
2023-07-20,14843258799,14770575704
2023-07-21,14860776832,14791015348
2023-07-22,14907017459,14835391791
2023-07-23,14652662515,14585929515
2023-07-24,14917151372,14849261849
2023-07-25,14636086245,14571846866
2023-07-26,14721066651,14656750184
2023-07-27,14837123633,14767455923
2023-07-28,14832020828,14761837012
2023-07-29,14966842576,14897392843
2023-07-30,15041003840,14971148558
2023-07-31,15009087732,14940895402
2023-08-01,14948825222,14882143286
2023-08-02,14995249670,14928173217
2023-08-03,14794566483,14730980518
2023-08-04,14769826320,14707725035
2023-08-05,14771520320,14709372880
2023-08-06,14804465591,14742381090
2023-08-07,14749835989,14686714595
2023-08-08,14792749824,14729398750
2023-08-09,15019361315,14953235952
2023-08-10,15020386163,14955167067
2023-08-11,15054618397,14988136260
2023-08-12,15093337060,15026716547
2023-08-13,15119680283,15052674938
2023-08-14,15061323935,14995678171
2023-08-15,15122349121,15054282572
2023-08-16,15024942432,14960350483
2023-08-17,14736689562,14674011705
2023-08-18,13952101446,13892150386
2023-08-19,13781757091,13723079024
2023-08-20,13869936895,13810142866
2023-08-21,13953283644,13894456590
2023-08-22,13911579924,13853810633
2023-08-23,13721661318,13665781398
2023-08-24,14174833566,14115933749
2023-08-25,14008061745,13951774288
2023-08-26,13960004405,13904980776
2023-08-27,13945644933,13892071393
2023-08-28,14050995724,13996170119
2023-08-29,14120269928,14065820510
2023-08-30,14875506624,14818178497
2023-08-31,14687616085,14632852178
2023-09-01,14214115207,14161203291
2023-09-02,14070700565,14018954976
2023-09-03,14091118194,14038986031
2023-09-04,14066324892,14013865167
2023-09-05,14033622762,13981701011
2023-09-06,14135866825,14082196584
2023-09-07,14139557452,14089082773
2023-09-08,14295779260,14244332943
2023-09-09,14174578650,14124166056
2023-09-10,14156014355,14106249580
2023-09-11,14039589319,13992737330
2023-09-12,13521924580,13473928153
2023-09-13,13877754211,13828797192
2023-09-14,13981684198,13931333485
2023-09-15,14159981628,14109138368
2023-09-16,14374482463,14322751503
2023-09-17,14197370777,14146399904
2023-09-18,14114247897,14061708871
2023-09-19,14290920992,14233812972
2023-09-20,14395790735,14337817257
2023-09-21,14233920760,14178108458
2023-09-22,13915328318,13861890872
2023-09-23,14049287880,13992785576
2023-09-24,14029510174,13972998792
2023-09-25,13860335259,13804525917
2023-09-26,13981409106,13925369228
2023-09-27,14035074429,13979772336
2023-09-28,14129637730,14073985978
2023-09-29,14625611622,14568050691
2023-09-30,14758254437,14699628202
2023-10-01,14855335923,14794067778
2023-10-02,15337824048,15273100330
2023-10-03,14766535283,14703082974
2023-10-04,14629015965,14568822544
2023-10-05,14647885045,14590550707
2023-10-06,14397217191,14340866345
2023-10-07,14646932763,14589176908
2023-10-08,14535946314,14478716837
2023-10-09,14549809854,14492860943
2023-10-10,14100544991,14046334237
2023-10-11,13901118413,13846647164
2023-10-12,13898495823,13845183787
2023-10-13,13726279754,13673722414
2023-10-14,13818388474,13764658107
2023-10-15,13836524177,13782971623
2023-10-16,13854541047,13800603220
2023-10-17,14259747155,14201710937
2023-10-18,13939930131,13883921204
2023-10-19,13936871415,13882647750
2023-10-20,13954548987,13898075691
2023-10-21,14302646422,14242316334
2023-10-22,14584836718,14520194233
2023-10-23,14820927134,14757657882
2023-10-24,15839864584,15771543236
2023-10-25,15773371295,15710634976
2023-10-26,15898100727,15830940050
2023-10-27,15965292483,15898409995
2023-10-28,15815256493,15750224000
2023-10-29,15764172804,15699911296
2023-10-30,15963129244,15896360515
2023-10-31,16306961418,16230886612
2023-11-01,16201928397,16125202288
2023-11-02,16466391784,16383782249
2023-11-03,16391026801,16312195986
2023-11-04,16482794639,16402337881
2023-11-05,16978112256,16898450489
2023-11-06,17091136315,17014429893
2023-11-07,16945073276,16867881999
2023-11-08,17086595532,17005190460
2023-11-09,17310832823,17229465910
2023-11-10,18954686142,18869125699
2023-11-11,18682568282,18588017072
2023-11-12,18579274517,18478188684
2023-11-13,18643119720,18544993190
2023-11-14,18469180601,18380164692
2023-11-15,18190306894,18086162211
2023-11-16,18505458842,18397367052
2023-11-17,17823214548,17728052099
2023-11-18,17549241321,17490737763
2023-11-19,17793180107,17731622128
2023-11-20,18507484832,18445755904
2023-11-21,18327786533,18271047978
2023-11-22,18465548894,18411297955
2023-11-23,18976798491,18934503709
2023-11-24,19519463230,19477030095
2023-11-25,19232545059,19176600847
2023-11-26,19394338929,19338093164
2023-11-27,18811997451,18758986693
2023-11-28,18827650342,18773684071
2023-11-29,19130877796,19073050761
2023-11-30,18989258739,18931657114
2023-12-01,19580790056,19522626144
2023-12-02,19692269706,19633534825
2023-12-03,20288333559,20228206799
2023-12-04,21029960298,20971879566
2023-12-05,20649515030,20593446445
2023-12-06,21331001450,21271900517
2023-12-07,20877082092,20818520476
2023-12-08,21948528820,21882569405
2023-12-09,21959468720,21889779990
2023-12-10,21802994563,21738139244
2023-12-11,20898098230,20835772031
2023-12-12,20638101676,20574248307
2023-12-13,20216591081,20157620655
2023-12-14,21275160925,21210624182
2023-12-15,21102822948,21032839211
2023-12-16,20835168526,20769115893
2023-12-17,20548834635,20484342411
2023-12-18,19715918971,19657033873
2023-12-19,20953205333,20888736627
2023-12-20,20414245225,20348017152
2023-12-21,20595670089,20521757427
2023-12-22,21300697580,21222146897
2023-12-23,21231078538,21165343604
2023-12-24,21179534179,21141196015
2023-12-25,20854931920,20816948603
2023-12-26,20420437750,20381916298
2023-12-27,20614965165,20577264543
2023-12-28,22087788382,22053161805
2023-12-29,21803585147,21768905603
2023-12-30,21143871129,21111175833
2023-12-31,21439380980,21406486278
2024-01-01,21373948242,21341075867
2024-01-02,22389928473,22353941458
2024-01-03,22162193305,22128787922
2024-01-04,20638462604,20607960908
2024-01-05,21029057517,20998170269
2024-01-06,20820181419,20791222318
2024-01-07,20804825994,20776041170
2024-01-08,20691353367,20663713223
2024-01-09,21239757026,21209242069
2024-01-10,22623810399,22594258150
2024-01-11,24775778019,24745150830
2024-01-12,24609756907,24580539412
2024-01-13,23715374940,23688274124
2024-01-14,23949880390,23921211378
2024-01-15,23775704642,23747675031
2024-01-16,23768163948,23739579011
2024-01-17,23767514937,23737680828
2024-01-18,23657190172,23628419948
2024-01-19,23372917350,23345145231
2024-01-20,23175971359,23149080334
2024-01-21,23235261397,23208038959
2024-01-22,22361621728,22335837014
2024-01-23,20961483686,20939964150
2024-01-24,21199716485,21176249145
2024-01-25,20905164760,20881321017
2024-01-26,21239365069,21216164956
2024-01-27,21326349338,21303202161
2024-01-28,21600788468,21575916412
2024-01-29,21408839842,21384511902
2024-01-30,21865158723,21839361432
2024-01-31,21691562309,21667401429
2024-02-01,21495539729,21472294981
2024-02-02,22017698740,21998762012
2024-02-03,22062151002,22044363259
2024-02-04,21969031353,21951601745
2024-02-05,22201593586,22184052597
2024-02-06,22222462618,22205624362
2024-02-07,22570978126,22554061468
2024-02-08,23272659130,23254987192
2024-02-09,23819885882,23801899892
2024-02-10,23970134012,23951610586
2024-02-11,24363525270,24344765068
2024-02-12,24000159813,23982462225
2024-02-13,25695718025,25676314550
2024-02-14,26681482527,26662004791
2024-02-15,27309904622,27290156478
2024-02-16,27729975845,27712447674
2024-02-17,27250752381,27233727008
2024-02-18,27592849919,27575468933
2024-02-19,28590904790,28573487804
2024-02-20,28596157764,28579156598
2024-02-21,28573359818,28557366548
2024-02-22,29255801847,29239442014
2024-02-23,29083209519,29067401909
2024-02-24,29352938741,29337166919
2024-02-25,29765721779,29749880307
2024-02-26,30192952043,30177326331
2024-02-27,32151806830,32135902223
2024-02-28,32956243612,32939980391
2024-02-29,34471170343,34451411943
2024-03-01,33856353045,33836172965
2024-03-02,33676062555,33656614781
2024-03-03,33654309879,33634889054
2024-03-04,34579559522,34559769766
2024-03-05,36890064680,36870254278
2024-03-06,38029548131,38009904555
2024-03-07,37566475300,37545220962
2024-03-08,38973097399,38951175513
2024-03-09,38782184813,38760259255
2024-03-10,39075696233,39054027669
2024-03-11,39894470648,39872378568
2024-03-12,39773410851,39750996068
2024-03-13,40166366166,40143486560
2024-03-14,39113924177,39088675722
2024-03-15,38410537211,38384392883
2024-03-16,37222495938,37196372888
2024-03-17,34871200857,34844540753
2024-03-18,35583205198,35554873365
2024-03-19,34584367357,34556943839
2024-03-20,31341635834,31317429699
2024-03-21,34655417262,34629134325
2024-03-22,34386569238,34362256395
2024-03-23,32672576578,32648805288
2024-03-24,32895477965,32871391203
2024-03-25,33742922378,33718069551
2024-03-26,35168489397,35142580853
2024-03-27,34998655460,34972799671
2024-03-28,34115167499,34090093675
2024-03-29,34731970105,34706250520
2024-03-30,34225204264,34199244924
2024-03-31,34146351588,34119918636
2024-04-01,35364279318,35337304537
2024-04-02,33911638933,33885614776
2024-04-03,31435308653,31410342941
2024-04-04,31799605014,31774552410
2024-04-05,31787123597,31762583975
2024-04-06,31916194901,31892721654
2024-04-07,32201264034,32177435883
2024-04-08,32677916889,32654130164
2024-04-09,35316854023,35292643350
2024-04-10,33534602536,33511373066
2024-04-11,33254541423,33231483014
2024-04-12,33152124654,33129053313
2024-04-13,30431414219,30411140204
2024-04-14,27656598384,27638433659
2024-04-15,28846473466,28827798632
2024-04-16,29239640244,29221288033
2024-04-17,29084866926,29066732648
2024-04-18,28207455597,28189570487
2024-04-19,28789243984,28770380339
2024-04-20,28976699752,28957664955
2024-04-21,29539456458,29519650952
2024-04-22,29530677241,29511110376
2024-04-23,30154858878,30134181170
2024-04-24,30048783130,30028309785
2024-04-25,29490952687,29471575776
2024-04-26,29790195286,29770957981
2024-04-27,29421686981,29403328506
2024-04-28,30448779049,30430440989
2024-04-29,30960637333,30942129491
2024-04-30,30141577695,30123508193
2024-05-01,28106092971,28089598516
2024-05-02,27843013292,27825628679
2024-05-03,28111786878,28093830035
2024-05-04,29186307371,29167713772
2024-05-05,29243052623,29224107127
2024-05-06,29434973139,29416117349
2024-05-07,28976851756,28956754727
2024-05-08,28606102207,28586657349
2024-05-09,27916439525,27898068991
2024-05-10,28391470109,28371974133
2024-05-11,27315884494,27296978198
2024-05-12,27438816479,27419974276
2024-05-13,27536833000,27518270892
2024-05-14,27740589299,27721463226
2024-05-15,27161347277,27142837446
2024-05-16,28324665695,28304477567
2024-05-17,27523743823,27503284092
2024-05-18,29018415379,28996742225
2024-05-19,29266218398,29243920320
2024-05-20,28712603282,28690646027
2024-05-21,34106380391,34082480643
2024-05-22,35311622169,35288645949
2024-05-23,35111299740,35088250274
2024-05-24,35548518516,35525799914
2024-05-25,34845958155,34824359786
2024-05-26,34907968628,34886367750
2024-05-27,35835746945,35814658258
2024-05-28,36270152684,36248123445
2024-05-29,36507655562,36485751258
2024-05-30,35985925689,35964055230
2024-05-31,35709394441,35687820290
2024-06-01,36003173962,35981676313
2024-06-02,36297562606,36275983380
2024-06-03,36000901646,35979855707
2024-06-04,35944065900,35922675711
2024-06-05,36399082679,36377093354
2024-06-06,36727843961,36705421064
2024-06-07,36299693986,36277676021
2024-06-08,35202933184,35181945390
2024-06-09,34953965915,34933639937
2024-06-10,35597308815,35576446833
2024-06-11,35008046698,34987471388
2024-06-12,33350658525,33331401484
2024-06-13,33956429886,33936378132
2024-06-14,33186313631,33167242923
2024-06-15,33197893407,33179470716
2024-06-16,34047373923,34028631741
2024-06-17,34358500125,34339202761
2024-06-18,33685640195,33667123192
2024-06-19,33215741714,33198101614
2024-06-20,34005128053,33987899659
2024-06-21,33721466506,33704215998
2024-06-22,33786598870,33769310036
2024-06-23,33733516672,33716203476
2024-06-24,33064859052,33048024995
2024-06-25,32297108455,32280214771
2024-06-26,33031318275,33013545739
2024-06-27,32836414989,32818645534
2024-06-28,33525241598,33505914212
2024-06-29,32927498439,32909413392
2024-06-30,32933751631,32915695746
2024-07-01,33255412787,33236794111
2024-07-02,33728112518,33709091358
2024-07-03,33291882493,33272082903
2024-07-04,32206182988,32188028290
2024-07-05,30723000488,30705779642
2024-07-06,29175642844,29158219560
2024-07-07,29926773319,29908305851
2024-07-08,28797598786,28780163797
2024-07-09,29446677384,29428590763
2024-07-10,29788094413,29769779667
2024-07-11,30165920472,30147739910
2024-07-12,30323918209,30306306596
2024-07-13,30335958554,30318144550
2024-07-14,30775544799,30757461211
2024-07-15,31658633094,31639530898
2024-07-16,33398502676,33378472214
2024-07-17,33547335618,33526759687
2024-07-18,33330916037,33310867080
2024-07-19,33412716758,33392492315
2024-07-20,34395495449,34373944722
2024-07-21,34434622621,34412457399
2024-07-22,34629528389,34606157040
2024-07-23,33947676179,33924737910
2024-07-24,34166282741,34144225994
2024-07-25,32851219268,32828445121
2024-07-26,31189537200,31167676875
2024-07-27,32248611433,32225357374
2024-07-28,32290918843,32267249770
2024-07-29,32113582815,32090124560
2024-07-30,33055789526,33032469934
2024-07-31,32360387368,32337589772
2024-08-01,31759335121,31737441448
2024-08-02,31285526869,31264376755
2024-08-03,29633810158,29613919490
2024-08-04,28671795988,28653554895
2024-08-05,26864536013,26846693061
2024-08-06,23928717169,23912371445
2024-08-07,24478105509,24460006392
2024-08-08,23065549671,23050358331
2024-08-09,25313848539,25297458691
2024-08-10,25528755542,25513438891
2024-08-11,25615018971,25599593019
2024-08-12,25156632780,25142351815
2024-08-13,26343873223,26329570706
2024-08-14,26731002069,26716361661
2024-08-15,26208793587,26194516625
2024-08-16,25253278667,25239281117
2024-08-17,25659832877,25645967637
2024-08-18,25678331711,25664410204
2024-08-19,26096339670,26082092041
2024-08-20,25771239215,25757164861
2024-08-21,25483913610,25469897092
2024-08-22,26011559234,25997527309
2024-08-23,25836294001,25822271967
2024-08-24,27419587357,27404634608
2024-08-25,27028886242,27013482442
2024-08-26,27273823637,27258186688
2024-08-27,26423834824,26408536193
2024-08-28,23986438395,23972260695
2024-08-29,24817962962,24804019786
2024-08-30,24794890429,24781443594
2024-08-31,24809519821,24796210661
2024-09-01,24738657426,24725545006
2024-09-02,23796670701,23784003195
2024-09-03,25031175169,25018179145
2024-09-04,24157217263,24144683952
2024-09-05,24266617812,24253647389
2024-09-06,23335281529,23322781133
2024-09-07,21792695355,21780685610
2024-09-08,22282659954,22270456899
2024-09-09,22780109140,22767513839
2024-09-10,23232076486,23219104263
2024-09-11,23382501236,23369450565
2024-09-12,22987148148,22974422769
2024-09-13,23012754762,22999740209
2024-09-14,23983464337,23970133850
2024-09-15,23650990812,23637919744
2024-09-16,22973435505,22960830183
2024-09-17,22394237084,22381764515
2024-09-18,22966378279,22953792108
2024-09-19,22977005056,22964429739
2024-09-20,24024139607,24010685583
2024-09-21,24885407032,24871381387
2024-09-22,25039488709,25025398644
2024-09-23,24806398390,24792867937
2024-09-24,25931134151,25917397836
2024-09-25,26059716938,26045367579
2024-09-26,25272383218,25258239362
2024-09-27,26028702714,26013879974
2024-09-28,26491533877,26477465460
2024-09-29,26225790628,26211845383
2024-09-30,26122497002,26108254734
2024-10-01,25647883490,25634051973
2024-10-02,24283825320,24270873562
2024-10-03,23274742851,23262335979
2024-10-04,23058641619,23046489004
2024-10-05,23804764998,23792072813
2024-10-06,23715639000,23702996817
2024-10-07,23897295453,23884412475
2024-10-08,23956659285,23943695024
2024-10-09,23890849699,23878124615
2024-10-10,23130595568,23118238927
2024-10-11,23172178694,23159927310
2024-10-12,23864849038,23851920273
2024-10-13,24175295704,24162287432
2024-10-14,24092024196,24078961303
2024-10-15,25625912286,25612101786
2024-10-16,25339074029,25325453883
2024-10-17,25630602256,25616922426
2024-10-18,25460127241,25446791490
2024-10-19,25830888848,25817246516
2024-10-20,25837402801,25823480758
2024-10-21,26721674456,26707226368
2024-10-22,26097700542,26083073160
2024-10-23,25743720229,25729024049
2024-10-24,24469936797,24454953841
2024-10-25,24843997806,24828452394
2024-10-26,24266901522,24252518082
2024-10-27,24256230372,24241413021
2024-10-28,24531759741,24516429277
2024-10-29,25074321946,25058836133
2024-10-30,25697403370,25681914507
2024-10-31,26066656377,26051439297
2024-11-01,24604977179,24590382744
2024-11-02,24580968604,24566593062
2024-11-03,24306081312,24291767182
2024-11-04,24040506684,24026416939
2024-11-05,23364394755,23350761551
2024-11-06,23709038611,23694590849
2024-11-07,26695560093,26679296450
2024-11-08,28244683207,28227782329
2024-11-09,29048499088,29031344504
2024-11-10,30649483970,30632276360
2024-11-11,31311407693,31293299931
2024-11-12,32779761208,32760777857
2024-11-13,32174168690,32155796979
2024-11-14,31340772806,31322360985
2024-11-15,30073599744,30055713691
2024-11-16,30380966978,30362286258
2024-11-17,30826322141,30807928879
2024-11-18,30122126036,30102022624
2024-11-19,31032297183,31011909037
2024-11-20,30515873075,30495758235
2024-11-21,30115257205,30095278866
2024-11-22,33045145729,33023510644
2024-11-23,32637781508,32616181376
2024-11-24,33404283056,33382645521
2024-11-25,32891432832,32870024400
2024-11-26,33300288971,33280427632
2024-11-27,32625423209,32606044727
2024-11-28,36008302091,35988036855
2024-11-29,35270700663,35250757469
2024-11-30,35345326398,35324816608
2024-12-01,36656161747,36636153194
2024-12-02,36693035529,36673033115
2024-12-03,35723030177,35704183423
2024-12-04,35724961964,35705324187
2024-12-05,37877726009,37858539658
2024-12-06,37590949522,37571519068
2024-12-07,39296828174,39277136683
2024-12-08,39389918530,39369952948
2024-12-09,39485468735,39465760656
2024-12-10,36553397407,36535226909
2024-12-11,35921462926,35903707468
2024-12-12,37893350514,37874515168
2024-12-13,38111406555,38092637609
2024-12-14,38383561942,38365011417
2024-12-15,37936189998,37918227543
2024-12-16,38185981171,38167906949
2024-12-17,39145886404,39128067642
2024-12-18,37926226560,37907811551
2024-12-19,35849196825,35832228251
2024-12-20,33538481237,33522536181
2024-12-21,33933080037,33917270525
2024-12-22,32424583619,32409760511
2024-12-23,31930188766,31915321653
2024-12-24,33368141028,33352392937
2024-12-25,33973999131,33957797243
2024-12-26,33775372131,33759169135
2024-12-27,32131545612,32116137242
2024-12-28,32105636156,32090564053
2024-12-29,32902105888,32886123303
2024-12-30,32449251404,32433698012
2024-12-31,32519760519,32504105165
2025-01-01,32205543613,32189937513
2025-01-02,32448919351,32432990568
2025-01-03,33281495401,33264526852
2025-01-04,34862579908,34844808984
2025-01-05,35310944583,35293255892
2025-01-06,35195997570,35178496023
2025-01-07,35553060974,35535240542
2025-01-08,32636977298,32620508488
2025-01-09,32079352802,32063334666
2025-01-10,30977410323,30962408760
2025-01-11,31467526279,31452514298
2025-01-12,31648363733,31633257245
2025-01-13,31165002463,31150030867
2025-01-14,30120490969,30105809473
2025-01-15,31079806687,31064755017
2025-01-16,33036360580,33019939714
2025-01-17,31794137280,31777333765
2025-01-18,33480781149,33463344246
2025-01-19,31545077591,31524950201
2025-01-20,30853578523,30833862969
2025-01-21,31507679289,31488857615
2025-01-22,31883899272,31864518428
2025-01-23,31060369403,31040359004
2025-01-24,31962017436,31942283399
2025-01-25,31634574220,31614810723
2025-01-26,31919422812,31899299843
2025-01-27,31229856805,31210889842
2025-01-28,30247394377,30229116137
2025-01-29,29346346812,29328798810
2025-01-30,29826852785,29808894942
2025-01-31,30867377610,30848825540
2025-02-01,31354907312,31336894454
2025-02-02,29627454957,29610765607
2025-02-03,26681941000,26666780705
2025-02-04,27138226613,27121288547
2025-02-05,25926745906,25910714194
2025-02-06,26419882854,26404521043
2025-02-07,25427211850,25412465066
2025-02-08,25078376937,25063412375
2025-02-09,24927919212,24912340027
2025-02-10,24981679224,24965904554
2025-02-11,25048852502,25033309511
2025-02-12,24500683648,24488670855
2025-02-13,25690424588,25678527600
2025-02-14,25201734618,25189933502
2025-02-15,25570912385,25558922089
2025-02-16,25325713682,25313910213
2025-02-17,25049285865,25037846514
2025-02-18,25630798912,25620083507
2025-02-19,25152989716,25142645476
2025-02-20,25571162213,25560874478
2025-02-21,25848531668,25837809919
2025-02-22,25084769060,25074390575
2025-02-23,26044117218,26033659586
2025-02-24,26661829084,26651598001
2025-02-25,23571649957,23562929580
2025-02-26,23391616117,23382820747
2025-02-27,21896492505,21888228864
2025-02-28,21637428528,21629021029
2025-03-01,20925003105,20916049392
2025-03-02,20898469215,20889697133
2025-03-03,23624236934,23613362593
2025-03-04,20290133754,20281414378
2025-03-05,20306332184,20297545555
2025-03-06,21252454407,21243447967
2025-03-07,20044381079,20036077134
2025-03-08,19971771916,19963240780
2025-03-09,20590046352,20581685190
2025-03-10,18994852078,18987058951
2025-03-11,17550933967,17543666377
2025-03-12,17956725487,17949055899
2025-03-13,17855783042,17848022072
2025-03-14,17457347491,17449754327
2025-03-15,17913617805,17905432007
2025-03-16,18107934626,18099632203
2025-03-17,17694862441,17687064353
2025-03-18,17940217823,17932435659
2025-03-19,18035671359,18027982057
2025-03-20,19225032625,19216729988
2025-03-21,18599161419,18591305175
2025-03-22,18368907425,18361044662
2025-03-23,18497386089,18489511873
2025-03-24,18790164072,18781940436
2025-03-25,19561977868,19553301376
2025-03-26,19320477240,19311701121
2025-03-27,19009551468,19001118130
2025-03-28,18735696520,18727270345
2025-03-29,17876625208,17868657583
2025-03-30,17117355083,17109743296
2025-03-31,16901782336,16894170868
2025-04-01,17114913327,17107291963
2025-04-02,17840828505,17833076304
2025-04-03,16841336395,16834125074
2025-04-04,17060660906,17053480490
2025-04-05,17045602463,17038117597
2025-04-06,16965508210,16958142613
2025-04-07,14756977166,14750542318
2025-04-08,14652039118,14645440865
2025-04-09,13779794667,13773346948
2025-04-10,15430675899,15423474815
2025-04-11,14428100688,14421171715
2025-04-12,14691027879,14683610355
2025-04-13,15328792669,15320779880
2025-04-14,14783410798,14775688367
2025-04-15,15107944468,15100173438
2025-04-16,14841878256,14834246792
2025-04-17,14688865983,14680931465
2025-04-18,14728004690,14719870904
2025-04-19,14778751782,14770671600
2025-04-20,14955922933,14947431575
2025-04-21,14878199097,14869667799
2025-04-22,14599768447,14591536849
2025-04-23,16273201917,16264226003
2025-04-24,16629598563,16620501976
2025-04-25,16407426588,16398253508
2025-04-26,16551204914,16542096625
2025-04-27,17033277319,17024254048
2025-04-28,16592870321,16584004566
2025-04-29,16649672726,16640813465
2025-04-30,16630227105,16621419384
2025-05-01,16569438128,16560574228
2025-05-02,16945190375,16936134286
2025-05-03,16941398958,16932506673
2025-05-04,16878045766,16869240122
2025-05-05,16589440413,16580812691
2025-05-06,16698451494,16689674118
2025-05-07,16858372775,16849460383
2025-05-08,16714481730,16705529727
2025-05-09,20171118029,20161301508
2025-05-10,21684208093,21673861235
2025-05-11,23247906315,23237255770
2025-05-12,23164234168,23153755473
2025-05-13,22632781380,22622389132
2025-05-14,24565108436,24554152176
2025-05-15,23887234854,23876608811
2025-05-16,23235660527,23225524336
2025-05-17,23320532254,23310507242
2025-05-18,22620649586,22610709484
2025-05-19,22321593292,22311383123
2025-05-20,22968337420,22958371735
2025-05-21,22810598214,22800534932
2025-05-22,23140141635,23129773829
2025-05-23,24007687451,23996935668
2025-05-24,22825754058,22815356379
2025-05-25,22715264957,22704929422
2025-05-26,22971934221,22961772431
2025-05-27,23058695473,23048612418
2025-05-28,23872194401,23862007060
2025-05-29,24303108599,24293181967
2025-05-30,23361868891,23352451643
2025-05-31,22691942168,22682922264
2025-06-01,22610133573,22601119325
2025-06-02,22777295889,22768204040
2025-06-03,23476761187,23467697211
2025-06-04,23295526858,23286592638
2025-06-05,23416675130,23407832266
2025-06-06,21717171088,21708846759
2025-06-07,22282229224,22273708053
2025-06-08,22646375186,22637727324
2025-06-09,22518165347,22509379895
2025-06-10,24177781271,24168509867
2025-06-11,25494775321,25485245335
2025-06-12,25143134872,25133878005
2025-06-13,23213996312,23205454631
2025-06-14,23315709198,23307276303
2025-06-15,23034258809,23026024609
2025-06-16,23183848341,23175267126
2025-06-17,23142194565,23133818406
2025-06-18,22961965706,22953681258
2025-06-19,22994614748,22986378436
2025-06-20,23109878112,23101625399
2025-06-21,21990069339,21982211852
2025-06-22,20562258014,20554662746
2025-06-23,20603792260,20596319681
2025-06-24,22220070689,22211935671
2025-06-25,22403447692,22395257540
2025-06-26,22156514883,22148449127
2025-06-27,22051279578,22043484864
2025-06-28,22047490228,22039567899
2025-06-29,22216234181,22207827944
2025-06-30,22776902359,22768355353
2025-07-01,22710642481,22702027785
2025-07-02,21935554385,21927362721
2025-07-03,23458588779,23450120936
2025-07-04,23612901179,23604408334
2025-07-05,22925583275,22917330613
2025-07-06,22922721559,22914518640
2025-07-07,23413166529,23404747542
2025-07-08,23188714479,23180432284
2025-07-09,23869512664,23861093374
2025-07-10,25283949974,25275246160
2025-07-11,26812777918,26803732468
2025-07-12,27014373324,27005367163
2025-07-13,26909911377,26900983710
2025-07-14,27079258987,27070335560
2025-07-15,27557561438,27548587777
2025-07-16,28618315633,28609189406
2025-07-17,30867121166,30857492943
2025-07-18,31765191334,31755408053
2025-07-19,32386910824,32377197720
2025-07-20,32667909107,32658195982
2025-07-21,34050356452,34040431857
2025-07-22,34374039965,34363185453
2025-07-23,34019620157,34008476788
2025-07-24,33073008373,33062688523
2025-07-25,32873395352,32863741618
2025-07-26,33602188907,33592042374
2025-07-27,33897495501,33887439917
2025-07-28,34813073588,34802737297
2025-07-29,34197750262,34187736293
2025-07-30,33972965395,33963114910
2025-07-31,34143656347,34133988656
2025-08-01,33144849657,33135546429
2025-08-02,31315680777,31306725570
2025-08-03,30451987350,30443353307
2025-08-04,31297917189,31289052742
2025-08-05,32850119959,32840905143
2025-08-06,31943280242,31934363141
2025-08-07,32707070293,32697916439
2025-08-08,34757959573,34748415812
2025-08-09,35680292925,35670624267
2025-08-10,38174275100,38164349569
2025-08-11,37774675596,37764738673
2025-08-12,37553393535,37543872593
2025-08-13,40846502922,40836061889
2025-08-14,41996380123,41985398122
2025-08-15,40466700881,40456209842
2025-08-16,39543558254,39533405431
2025-08-17,39044363361,39034133944
2025-08-18,39271348851,39261040916
2025-08-19,38140766274,38130829937
2025-08-20,36237168339,36227580081
2025-08-21,38337346198,38327189832
2025-08-22,37500398830,37490566286
2025-08-23,42520243901,42509416858
2025-08-24,42048201995,42037069909
2025-08-25,41095111623,41084123340
2025-08-26,38353234496,38343125115
2025-08-27,40180740353,40170192141
2025-08-28,39514578742,39503553218
2025-08-29,39472356822,39460763976
2025-08-30,38081925572,38070909356
2025-08-31,38449491207,38438528898
2025-09-01,38441349946,38430554950
2025-09-02,37440868326,37430226934
2025-09-03,37443404616,37432190753
2025-09-04,38859993231,38848608144
2025-09-05,37401245701,37390346441
2025-09-06,37566525756,37555542412
2025-09-07,37121091517,37110281507
2025-09-08,37476831564,37465691798
2025-09-09,37289515156,37278033224
2025-09-10,37408519738,37396828771
2025-09-11,37554680642,37542652668
2025-09-12,38563734898,38551407318
2025-09-13,40551405872,40538417950
2025-09-14,40228472823,40215477770
2025-09-15,39734945808,39722012496
2025-09-16,38937975267,38925445006
2025-09-17,38782956799,38770278431
2025-09-18,39660668762,39647526457
2025-09-19,39502273515,39489062274
2025-09-20,38381071426,38368334203
2025-09-21,38370729354,38357963979
2025-09-22,37372718265,37360286469
2025-09-23,35924947593,35913197194
2025-09-24,35605657808,35594254119
2025-09-25,35513492048,35502175798
2025-09-26,33299962934,33289556931
2025-09-27,35021212393,35010275100
2025-09-28,34462033315,34451203570
2025-09-29,35430611177,35419375941
2025-09-30,36006915312,35995533886
2025-10-01,35406427268,35395346204
2025-10-02,37080272912,37068497233
2025-10-03,38230648376,38218241377
2025-10-04,38383850159,38371519408
2025-10-05,38286940686,38274797876
2025-10-06,38547018514,38534837233
2025-10-07,39927385613,39915025456
2025-10-08,38027129060,38015406844
2025-10-09,38582334275,38570167516
2025-10-10,37156434409,37144690749
2025-10-11,32903697855,32893642686
2025-10-12,31865313101,31855856841
2025-10-13,35360768886,35350259642
2025-10-14,36060987752,36049866307
2025-10-15,34754797743,34744011844
2025-10-16,33839877600,33829542350
2025-10-17,33314779989,33304882900
2025-10-18,32621313470,32611560316
2025-10-19,33028481181,33018502420
2025-10-20,33840526902,33830529233
2025-10-21,33749508412,33739413168
2025-10-22,32856301516,32846438865
2025-10-23,32379983381,32370370446
2025-10-24,32736909558,32726733008
2025-10-25,33820417575,33810141865
2025-10-26,33946530563,33936232429
2025-10-27,35822389252,35811658004
2025-10-28,35367869568,35357251709
2025-10-29,34265831930,34255484839
2025-10-30,33631549660,33621243628
2025-10-31,32634669745,32624858714
2025-11-01,33122172813,33112212012
2025-11-02,33200889327,33191041971
2025-11-03,33101166826,33091233850
2025-11-04,30889305235,30880496792
2025-11-05,28288390752,28280107009
2025-11-06,29527626256,29519008585
2025-11-07,28742486566,28734127533
2025-11-08,29629451403,29620807745
2025-11-09,29339506059,29331066015
2025-11-10,31343080912,31334158075
2025-11-11,30721585865,30712695928
2025-11-12,29513724269,29505460236
2025-11-13,29456160632,29447988835
2025-11-14,27574485533,27566819867
2025-11-15,27114350510,27106812300
2025-11-16,27392520883,27385064206
2025-11-17,26923026340,26915660148
2025-11-18,26141620431,26134605890
2025-11-19,26624796649,26617316782
2025-11-20,26105966390,26098646040
2025-11-21,24645798345,24638624127
2025-11-22,23881095913,23874235252
2025-11-23,24057154724,24050310244
2025-11-24,24211648588,24204673917
2025-11-25,25377356235,25370010155
2025-11-26,25520309102,25512903014
2025-11-27,26037888453,26030325045
2025-11-28,26050087951,26042591743
2025-11-29,26200613956,26193310832
2025-11-30,25882628596,25875410189
2025-12-01,25788980108,25781960262
2025-12-02,24184394859,24177634260
2025-12-03,25967421077,25960073583
2025-12-04,27658243253,27650564664
2025-12-05,27100328126,27092946707
2025-12-06,26141320479,26134239273
2025-12-07,26339685200,26332654202
2025-12-08,26510765126,26503744199
2025-12-09,27315525174,27308431237
2025-12-10,29048323130,29040973278
2025-12-11,29040122551,29032880445
2025-12-12,28360668737,28353720267
2025-12-13,27017964206,27011210317
2025-12-14,27328348243,27321555342
2025-12-15,26969933558,26963315785
2025-12-16,26040051674,26033552809
2025-12-17,25931483877,25924964864
2025-12-18,24863479799,24857220288
2025-12-19,24834807142,24828751481
2025-12-20,26100119862,26093731868
2025-12-21,26089173880,26082801578
2025-12-22,26542091330,26535662636
2025-12-23,26415569672,26409202027
2025-12-24,26004751520,25998489737
2025-12-25,25867664909,25861472429
2025-12-26,25665780433,25659678362
2025-12-27,25728454954,25722285056
2025-12-28,25873869987,25867575807
2025-12-29,25950070625,25943734623
2025-12-30,25810834242,25804616612
2025-12-31,26091672725,26085368796
2026-01-01,26203169488,26196864364
2026-01-02,26477778323,26471371895
2026-01-03,27667195525,27660476423
2026-01-04,27794390579,27787618577
2026-01-05,27887010135,27880221358
2026-01-06,28422227166,28415312108
2026-01-07,28947240293,28940170879
2026-01-08,28081124611,28074221141
2026-01-09,27667339617,27660326619
2026-01-10,27489301646,27482425159
2026-01-11,27477892018,27471030657
2026-01-12,27818256501,27811227029
2026-01-13,27603662635,27596632540
2026-01-14,29713729061,29706410142
2026-01-15,29816023320,29808663536
2026-01-16,29633488380,29626310631
2026-01-17,29462348444,29455072741
2026-01-18,29693261082,29686038442
2026-01-19,28982804284,28976070655
2026-01-20,29074391063,29067641909
2026-01-21,26926177671,26919803527
2026-01-22,27528984249,27522425716
2026-01-23,27508988372,27502494293
2026-01-24,27635076733,27628630226
2026-01-25,27641753018,27635317228
2026-01-26,26649771928,26643716678
2026-01-27,27495401950,27489120287
2026-01-28,28551817399,28545387751
2026-01-29,28543082749,28536777663
2026-01-30,27049924851,27043982313
2026-01-31,25945545528,25939613956
2026-02-01,23722662579,23717284548
2026-02-02,22124035742,22118848237
2026-02-03,22422901673,22417620584
2026-02-04,21432785743,21427815388
2026-02-05,20578432033,20573749629
2026-02-06,17021668592,17017877207
2026-02-07,19744031006,19739540277
2026-02-08,19976782143,19972321411
2026-02-09,19929141311,19924708883
2026-02-10,20115342366,20110929695
2026-02-11,19397045120,19392820110
2026-02-12,18629554631,18625493966
2026-02-13,18594744318,18590729209
2026-02-14,19571083055,19566784785
2026-02-15,19886517559,19882019740
2026-02-16,18701008432,18696631996
2026-02-17,18946769414,18942372800
2026-02-18,18904869556,18900577731
2026-02-19,18526525601,18522410898
2026-02-20,18469475515,18465317570
2026-02-21,18639761626,18635494166
2026-02-22,18695553919,18691270113
2026-02-23,18494244937,18490087387
2026-02-24,17590287119,17586335836
2026-02-25,17484371341,17480379458
2026-02-26,19396423891,19391972714
2026-02-27,19114056392,19109720345
2026-02-28,18174505188,18170379372
2026-03-01,18456216069,18451939373
2026-03-02,18299842898,18295632398
2026-03-03,19117128438,19112767527
2026-03-04,18499092314,18494716002
2026-03-05,19762266803,19757694950
2026-03-06,19189911209,19185450693
2026-03-07,18277609683,18273353793
2026-03-08,18193395444,18189209393
2026-03-09,17978656961,17974495567
2026-03-10,18473289181,18468996646
2026-03-11,18836554697,18832236115
2026-03-12,18944391298,18940033241
2026-03-13,19347154063,19342664719
2026-03-14,19259126693,19254707141
2026-03-15,19213325544,19208912307
2026-03-16,19946945318,19942334427
2026-03-17,21663118328,21658293903
2026-03-18,21345683804,21340912878
2026-03-19,20389041084,20384523526
2026-03-20,19738092918,19733612449
2026-03-21,19778104090,19773593922
2026-03-22,19135445843,19131083885
2026-03-23,18855135858,18850808128
2026-03-24,19697635615,19693061744
2026-03-25,19864241938,19859657228
2026-03-26,19875845066,19871257950
2026-03-27,18827443963,18823125185
2026-03-28,18311443686,18307283325
2026-03-29,18328731186,18324608857
2026-03-30,18235284778,18231193439
2026-03-31,18609641628,18605507730
2026-04-01,19385379185,19381197656
2026-04-02,19784016607,19779927292
2026-04-03,19014927904,19010936793
2026-04-04,19047673754,19043623764
2026-04-05,19193132001,19189061194
2026-04-06,19795123847,19790964500
2026-04-07,19737038477,19733014265
2026-04-08,20901391598,20897128910
2026-04-09,20469602429,20465462415
2026-04-10,20647874307,20643692086
2026-04-11,21076937862,21072673536
2026-04-12,21484367870,21480111929
2026-04-13,20779074593,20774946598
2026-04-14,22370824465,22366494343
2026-04-15,22012225671,22008015990
2026-04-16,22264434722,22260178625
2026-04-17,22101841329,22097381490
2026-04-18,22816462859,22812029218
2026-04-19,22143077220,22138773233
2026-04-20,21401249344,21397073331
2026-04-21,21833714841,21829437049
2026-04-22,21801017652,21796705556
2026-04-23,22211076930,22206736474
2026-04-24,21871793896,21867482466
2026-04-25,21684192309,21679883703
2026-04-26,21656804884,21652504124
2026-04-27,22160224251,22155889591
2026-04-28,21546181742,21541951034
2026-04-29,21361830662,21357629031
2026-04-30,20915932502,20911736886
2026-05-01,20612767051,20608608628
2026-05-02,20823231009,20819047197
2026-05-03,21024351160,21020134159
2026-05-04,21072424497,21068230154
2026-05-05,21304100288,21299893210
2026-05-06,21413858435,21409542251
2026-05-07,21205758245,21201305951
2026-05-08,20239417960,20234996653
2026-05-09,20376089786,20371471460
2026-05-10,20466751510,20462114274
2026-05-11,20755130633,20750349784
2026-05-12,20495733191,20490898300
2026-05-13,20015760669,20011065119
2026-05-14,19810253674,19805712340
2026-05-15,20045016403,20040413353
2026-05-16,19515486957,19511040443
2026-05-17,19275178512,19270881673
2026-05-18,18730971917,18726712464
2026-05-19,18897816391,18893551229
2026-05-20,18720266657,18716060420
2026-05-21,18863103053,18858803626
2026-05-22,18860928751,18856578901
2026-05-23,18313879753,18309671822
2026-05-24,18762899492,18758620507
2026-05-25,18658829964,18654571407
2026-05-26,18661365881,18657146825
2026-05-27,18409014218,18404835814
2026-05-28,17955088381,17950971319
2026-05-29,17830570086,17826459393
2026-05-30,17883643782,17879548763
2026-05-31,17907241355,17903121070
2026-06-01,17842130993,17838019993
2026-06-02,17710978378,17706945384
2026-06-03,16512312232,16508604182
2026-06-04,16088792001,16085192592
2026-06-05,15697048335,15693601854
2026-06-06,14231325135,14228084781
2026-06-07,13901377303,13898222848
2026-06-08,15088870102,15085500643
2026-06-09,14829323500,14826027187
2026-06-10,14612225997,14608966535
2026-06-11,14454752476,14451539840
2026-06-12,14955044735,14951679952
2026-06-13,14853574590,14850202795
2026-06-14,14981948648,14978483994
2026-06-15,15510057236,15506472939
2026-06-16,16100607895,16096876391
2026-06-17,16102455109,16098772990
2026-06-18,15773100318,15769478628
2026-06-19,15390853256,15387352849
2026-06-20,15395185839,15391679604
2026-06-21,15705883351,15702223734
2026-06-22,15392380773,15388740205
2026-06-23,15594473452,15590889790
2026-06-24,15004379645,15000909916
2026-06-25,14687521589,14684115631
2026-06-26,14177175409,14173791233
2026-06-27,14337850747,14334277026
2026-06-28,14308814003,14305296866
2026-06-29,14253577849,14250021788
2026-06-30,14502559550,14498878453
2026-07-01,14325665362,14322016146
2026-07-02,14691120399,14687265299
2026-07-03,15527468833,15523477981
2026-07-04,16110824240,16106744422
2026-07-05,16267962226,16263936441
2026-07-06,16321727571,16317710321
2026-07-07,16471155808,16467085575
2026-07-08,16253039197,16249051458
2026-07-09,15924461693,15920616479
2026-07-10,16014301439,16010443205
2026-07-11,16448306644,16444449695
2026-07-12,16410898212,16407121716
2026-07-13,16581063526,16577261113
2026-07-14,16290959063,16287244506
2026-07-15,17359849102,17355990961
2026-07-16,17673339568,17669502987
2026-07-17,17115698817,17111966884
2026-07-18,16962951469,16959224446
2026-07-19,17094307603,17090563622
2026-07-20,17313353867,17309541296
2026-07-21,17597683610,17593817312
2026-07-22,17923738344,17919857007
2026-07-23,17938454029,17934604902
2026-07-24,17419765743,17416021706
2026-07-25,17391965870,17388307240
2026-07-26,17499004875,17495310577
2026-07-27,18197860758,18194071849
