data_utc,eth_saldo_efetivo_fonte,timestamp_fonte_ms
2022-04-01,10546332,1648771200000
2022-04-02,10582332,1648857600000
2022-04-03,10618332,1648944000000
2022-04-04,10654267,1649030400000
2022-04-05,10690267,1649116800000
2022-04-06,10726268,1649203200000
2022-04-07,10762268,1649289600000
2022-04-08,10797594,1649376000000
2022-04-09,10833594,1649462400000
2022-04-10,10869594,1649548800000
2022-04-11,10905594,1649635200000
2022-04-12,10941594,1649721600000
2022-04-13,10977594,1649808000000
2022-04-14,11013594,1649894400000
2022-04-15,11049594,1649980800000
2022-04-16,11085594,1650067200000
2022-04-17,11121594,1650153600000
2022-04-18,11157595,1650240000000
2022-04-19,11193595,1650326400000
2022-04-20,11229595,1650412800000
2022-04-21,11265595,1650499200000
2022-04-22,11301594,1650585600000
2022-04-23,11337594,1650672000000
2022-04-24,11373594,1650758400000
2022-04-25,11409593,1650844800000
2022-04-26,11445593,1650931200000
2022-04-27,11481593,1651017600000
2022-04-28,11517590,1651104000000
2022-04-29,11553590,1651190400000
2022-04-30,11589590,1651276800000
2022-05-01,11625590,1651363200000
2022-05-02,11661590,1651449600000
2022-05-03,11697430,1651536000000
2022-05-04,11733398,1651622400000
2022-05-05,11769398,1651708800000
2022-05-06,11805366,1651795200000
2022-05-07,11841334,1651881600000
2022-05-08,11877334,1651968000000
2022-05-09,11913302,1652054400000
2022-05-10,11949270,1652140800000
2022-05-11,11985270,1652227200000
2022-05-12,12021270,1652313600000
2022-05-13,12057269,1652400000000
2022-05-14,12093269,1652486400000
2022-05-15,12129269,1652572800000
2022-05-16,12165269,1652659200000
2022-05-17,12201237,1652745600000
2022-05-18,12237237,1652832000000
2022-05-19,12273237,1652918400000
2022-05-20,12309237,1653004800000
2022-05-21,12345237,1653091200000
2022-05-22,12381237,1653177600000
2022-05-23,12417237,1653264000000
2022-05-24,12453237,1653350400000
2022-05-25,12489237,1653436800000
2022-05-26,12525237,1653523200000
2022-05-27,12561237,1653609600000
2022-05-28,12599989,1653696000000
2022-05-29,12643189,1653782400000
2022-05-30,12686389,1653868800000
2022-05-31,12701012,1653955200000
2022-06-01,12721748,1654041600000
2022-06-02,12747796,1654128000000
2022-06-03,12760500,1654214400000
2022-06-04,12768755,1654300800000
2022-06-05,12771507,1654387200000
2022-06-06,12778675,1654473600000
2022-06-07,12781875,1654560000000
2022-06-08,12786867,1654646400000
2022-06-09,12788979,1654732800000
2022-06-10,12793491,1654819200000
2022-06-11,12802866,1654905600000
2022-06-12,12832018,1654992000000
2022-06-13,12849810,1655078400000
2022-06-14,12857138,1655164800000
2022-06-15,12861618,1655251200000
2022-06-16,12871442,1655337600000
2022-06-17,12883698,1655424000000
2022-06-18,12891602,1655510400000
2022-06-19,12898674,1655596800000
2022-06-20,12899986,1655683200000
2022-06-21,12909554,1655769600000
2022-06-22,12921970,1655856000000
2022-06-23,12931634,1655942400000
2022-06-24,12934226,1656028800000
2022-06-25,12938994,1656115200000
2022-06-26,12941234,1656201600000
2022-06-27,12946226,1656288000000
2022-06-28,12954194,1656374400000
2022-06-29,12956434,1656460800000
2022-06-30,12966866,1656547200000
2022-07-01,12969426,1656633600000
2022-07-02,12972946,1656720000000
2022-07-03,12975346,1656806400000
2022-07-04,12977362,1656892800000
2022-07-05,12979058,1656979200000
2022-07-06,12983250,1657065600000
2022-07-07,12986162,1657152000000
2022-07-08,12990226,1657238400000
2022-07-09,12993650,1657324800000
2022-07-10,12999569,1657411200000
2022-07-11,13002161,1657497600000
2022-07-12,13004977,1657584000000
2022-07-13,13007505,1657670400000
2022-07-14,13048593,1657756800000
2022-07-15,13077041,1657843200000
2022-07-16,13084625,1657929600000
2022-07-17,13087889,1658016000000
2022-07-18,13091505,1658102400000
2022-07-19,13102001,1658188800000
2022-07-20,13106545,1658275200000
2022-07-21,13120849,1658361600000
2022-07-22,13129457,1658448000000
2022-07-23,13130961,1658534400000
2022-07-24,13132944,1658620800000
2022-07-25,13134224,1658707200000
2022-07-26,13135856,1658793600000
2022-07-27,13144624,1658880000000
2022-07-28,13151056,1658966400000
2022-07-29,13158512,1659052800000
2022-07-30,13163376,1659139200000
2022-07-31,13167632,1659225600000
2022-08-01,13170672,1659312000000
2022-08-02,13174064,1659398400000
2022-08-03,13177296,1659484800000
2022-08-04,13181265,1659571200000
2022-08-05,13184305,1659657600000
2022-08-06,13187697,1659744000000
2022-08-07,13190769,1659830400000
2022-08-08,13194801,1659916800000
2022-08-09,13200209,1660003200000
2022-08-10,13216528,1660089600000
2022-08-11,13232784,1660176000000
2022-08-12,13256400,1660262400000
2022-08-13,13279024,1660348800000
2022-08-14,13283664,1660435200000
2022-08-15,13289264,1660521600000
2022-08-16,13292752,1660608000000
2022-08-17,13306832,1660694400000
2022-08-18,13311472,1660780800000
2022-08-19,13316848,1660867200000
2022-08-20,13320080,1660953600000
2022-08-21,13323248,1661040000000
2022-08-22,13326960,1661126400000
2022-08-23,13330704,1661212800000
2022-08-24,13343760,1661299200000
2022-08-25,13355792,1661385600000
2022-08-26,13359215,1661472000000
2022-08-27,13368943,1661558400000
2022-08-28,13371247,1661644800000
2022-08-29,13374351,1661731200000
2022-08-30,13380975,1661817600000
2022-08-31,13392751,1661904000000
2022-09-01,13387023,1661990400000
2022-09-02,13430223,1662076800000
2022-09-03,13473327,1662163200000
2022-09-04,13484399,1662249600000
2022-09-05,13486703,1662336000000
2022-09-06,13497710,1662422400000
2022-09-07,13504974,1662508800000
2022-09-08,13535086,1662595200000
2022-09-09,13578285,1662681600000
2022-09-10,13596909,1662768000000
2022-09-11,13601293,1662854400000
2022-09-12,13621356,1662940800000
2022-09-13,13664524,1663027200000
2022-09-14,13669676,1663113600000
2022-09-15,13674316,1663200000000
2022-09-16,13709804,1663286400000
2022-09-17,13726795,1663372800000
2022-09-18,13748715,1663459200000
2022-09-19,13765674,1663545600000
2022-09-20,13790186,1663632000000
2022-09-21,13805930,1663718400000
2022-09-22,13826730,1663804800000
2022-09-23,13854985,1663891200000
2022-09-24,13898153,1663977600000
2022-09-25,13912744,1664064000000
2022-09-26,13924744,1664150400000
2022-09-27,13956200,1664236800000
2022-09-28,13980136,1664323200000
2022-09-29,13997960,1664409600000
2022-09-30,14018312,1664496000000
2022-10-01,14046248,1664582400000
2022-10-02,14059911,1664668800000
2022-10-03,14069479,1664755200000
2022-10-04,14080102,1664841600000
2022-10-05,14089222,1664928000000
2022-10-06,14101510,1665014400000
2022-10-07,14115142,1665100800000
2022-10-08,14131334,1665187200000
2022-10-09,14136102,1665273600000
2022-10-10,14147270,1665360000000
2022-10-11,14156869,1665446400000
2022-10-12,14165413,1665532800000
2022-10-13,14188772,1665619200000
2022-10-14,14198468,1665705600000
2022-10-15,14206852,1665792000000
2022-10-16,14216164,1665878400000
2022-10-17,14226019,1665964800000
2022-10-18,14242371,1666051200000
2022-10-19,14283843,1666137600000
2022-10-20,14318083,1666224000000
2022-10-21,14336131,1666310400000
2022-10-22,14360226,1666396800000
2022-10-23,14374178,1666483200000
2022-10-24,14384226,1666569600000
2022-10-25,14400194,1666656000000
2022-10-26,14436866,1666742400000
2022-10-27,14471042,1666828800000
2022-10-28,14514241,1666915200000
2022-10-29,14543617,1667001600000
2022-10-30,14586401,1667088000000
2022-10-31,14620961,1667174400000
2022-11-01,14647265,1667260800000
2022-11-02,14674881,1667347200000
2022-11-03,14693761,1667433600000
2022-11-04,14722177,1667520000000
2022-11-05,14736545,1667606400000
2022-11-06,14749312,1667692800000
2022-11-07,14761120,1667779200000
2022-11-08,14772896,1667865600000
2022-11-09,14800128,1667952000000
2022-11-10,14821728,1668038400000
2022-11-11,14844735,1668124800000
2022-11-12,14884191,1668211200000
2022-11-13,14903359,1668297600000
2022-11-14,14943583,1668384000000
2022-11-15,14973983,1668470400000
2022-11-16,14993503,1668556800000
2022-11-17,15011711,1668643200000
2022-11-18,15040863,1668729600000
2022-11-19,15078495,1668816000000
2022-11-20,15095296,1668902400000
2022-11-21,15126080,1668988800000
2022-11-22,15153952,1669075200000
2022-11-23,15193600,1669161600000
2022-11-24,15244000,1669248000000
2022-11-25,15294400,1669334400000
2022-11-26,15335552,1669420800000
2022-11-27,15344128,1669507200000
2022-11-28,15351488,1669593600000
2022-11-29,15362624,1669680000000
2022-11-30,15394944,1669766400000
2022-12-01,15414880,1669852800000
2022-12-02,15446783,1669939200000
2022-12-03,15475071,1670025600000
2022-12-04,15482719,1670112000000
2022-12-05,15490399,1670198400000
2022-12-06,15503551,1670284800000
2022-12-07,15518847,1670371200000
2022-12-08,15529727,1670457600000
2022-12-09,15546814,1670544000000
2022-12-10,15575038,1670630400000
2022-12-11,15580830,1670716800000
2022-12-12,15593406,1670803200000
2022-12-13,15596542,1670889600000
2022-12-14,15608669,1670976000000
2022-12-15,15617757,1671062400000
2022-12-16,15630141,1671148800000
2022-12-17,15645821,1671235200000
2022-12-18,15662492,1671321600000
2022-12-19,15668188,1671408000000
2022-12-20,15683387,1671494400000
2022-12-21,15690363,1671580800000
2022-12-22,15703994,1671667200000
2022-12-23,15711514,1671753600000
2022-12-24,15723865,1671840000000
2022-12-25,15726617,1671926400000
2022-12-26,15734871,1672012800000
2022-12-27,15741398,1672099200000
2022-12-28,15771478,1672185600000
2022-12-29,15779574,1672272000000
2022-12-30,15797046,1672358400000
2022-12-31,15804310,1672444800000
2023-01-01,15812660,1672531200000
2023-01-02,15818578,1672617600000
2023-01-03,15827408,1672704000000
2023-01-04,15843984,1672790400000
2023-01-05,15847855,1672876800000
2023-01-06,15867662,1672963200000
2023-01-07,15886638,1673049600000
2023-01-08,15899758,1673136000000
2023-01-09,15908270,1673222400000
2023-01-10,15920814,1673308800000
2023-01-11,15934606,1673395200000
2023-01-12,15965230,1673481600000
2023-01-13,15971918,1673568000000
2023-01-14,15987950,1673654400000
2023-01-15,16001070,1673740800000
2023-01-16,16022446,1673827200000
2023-01-17,16034412,1673913600000
2023-01-18,16046986,1674000000000
2023-01-19,16066090,1674086400000
2023-01-20,16093417,1674172800000
2023-01-21,16102121,1674259200000
2023-01-22,16114153,1674345600000
2023-01-23,16122313,1674432000000
2023-01-24,16158409,1674518400000
2023-01-25,16204681,1674604800000
2023-01-26,16234473,1674691200000
2023-01-27,16246377,1674777600000
2023-01-28,16257385,1674864000000
2023-01-29,16270633,1674950400000
2023-01-30,16287913,1675036800000
2023-01-31,16302089,1675123200000
2023-02-01,16334729,1675209600000
2023-02-02,16358825,1675296000000
2023-02-03,16373224,1675382400000
2023-02-04,16386312,1675468800000
2023-02-05,16408648,1675555200000
2023-02-06,16422823,1675641600000
2023-02-07,16435015,1675728000000
2023-02-08,16445703,1675814400000
2023-02-09,16467783,1675900800000
2023-02-10,16502023,1675987200000
2023-02-11,16519239,1676073600000
2023-02-12,16541287,1676160000000
2023-02-13,16552583,1676246400000
2023-02-14,16574471,1676332800000
2023-02-15,16597415,1676419200000
2023-02-16,16613127,1676505600000
2023-02-17,16647911,1676592000000
2023-02-18,16660423,1676678400000
2023-02-19,16673831,1676764800000
2023-02-20,16693767,1676851200000
2023-02-21,16733799,1676937600000
2023-02-22,16770470,1677024000000
2023-02-23,16798598,1677110400000
2023-02-24,16821765,1677196800000
2023-02-25,16836900,1677283200000
2023-02-26,16892452,1677369600000
2023-02-27,16950052,1677456000000
2023-02-28,17007651,1677542400000
2023-03-01,17065187,1677628800000
2023-03-02,17122787,1677715200000
2023-03-03,17180387,1677801600000
2023-03-04,17237955,1677888000000
2023-03-05,17295523,1677974400000
2023-03-06,17353092,1678060800000
2023-03-07,17410660,1678147200000
2023-03-08,17468258,1678233600000
2023-03-09,17490946,1678320000000
2023-03-10,17530690,1678406400000
2023-03-11,17542049,1678492800000
2023-03-12,17560256,1678579200000
2023-03-13,17573626,1678665600000
2023-03-14,17587692,1678752000000
2023-03-15,17608458,1678838400000
2023-03-16,17626986,1678924800000
2023-03-17,17648106,1679011200000
2023-03-18,17668618,1679097600000
2023-03-19,17685098,1679184000000
2023-03-20,17695658,1679270400000
2023-03-21,17722986,1679356800000
2023-03-22,17732874,1679443200000
2023-03-23,17758602,1679529600000
2023-03-24,17783370,1679616000000
2023-03-25,17796042,1679702400000
2023-03-26,17806538,1679788800000
2023-03-27,17818057,1679875200000
2023-03-28,17829033,1679961600000
2023-03-29,17855272,1680048000000
2023-03-30,17875208,1680134400000
2023-03-31,17904328,1680220800000
2023-04-01,17960392,1680307200000
2023-04-02,17968360,1680393600000
2023-04-03,17977064,1680480000000
2023-04-04,17986728,1680566400000
2023-04-05,17997032,1680652800000
2023-04-06,18024070,1680739200000
2023-04-07,18038438,1680825600000
2023-04-08,18041510,1680912000000
2023-04-09,18030886,1680998400000
2023-04-10,18005126,1681084800000
2023-04-11,18008582,1681171200000
2023-04-12,18014182,1681257600000
2023-04-13,17972764,1681344000000
2023-04-14,17972763,1681430400000
2023-04-15,17972763,1681516800000
2023-04-16,17972763,1681603200000
2023-04-17,17972763,1681689600000
2023-04-18,17972763,1681776000000
2023-04-19,17972763,1681862400000
2023-04-20,17972761,1681948800000
2023-04-21,17972761,1682035200000
2023-04-22,17972773,1682121600000
2023-04-23,17972773,1682208000000
2023-04-24,17972773,1682294400000
2023-04-25,17972773,1682380800000
2023-04-26,17972773,1682467200000
2023-04-27,17972773,1682553600000
2023-04-28,17972773,1682640000000
2023-04-29,17972773,1682726400000
2023-04-30,17972773,1682812800000
2023-05-01,17972773,1682899200000
2023-05-02,17972773,1682985600000
2023-05-03,17972776,1683072000000
2023-05-04,17972776,1683158400000
2023-05-05,17972776,1683244800000
2023-05-06,17972776,1683331200000
2023-05-07,17972777,1683417600000
2023-05-08,18003528,1683504000000
2023-05-09,18044550,1683590400000
2023-05-10,18082981,1683676800000
2023-05-11,18129188,1683763200000
2023-05-12,18173349,1683849600000
2023-05-13,18224389,1683936000000
2023-05-14,18274565,1684022400000
2023-05-15,18319461,1684108800000
2023-05-16,18355685,1684195200000
2023-05-17,18385957,1684281600000
2023-05-18,18420741,1684368000000
2023-05-19,18462309,1684454400000
2023-05-20,18511076,1684540800000
2023-05-21,18561092,1684627200000
2023-05-22,18612420,1684713600000
2023-05-23,18654660,1684800000000
2023-05-24,18705220,1684886400000
2023-05-25,18759302,1684972800000
2023-05-26,18808102,1685059200000
2023-05-27,18862342,1685145600000
2023-05-28,18919110,1685232000000
2023-05-29,18957542,1685318400000
2023-05-30,19017222,1685404800000
2023-05-31,19058886,1685491200000
2023-06-01,19111654,1685577600000
2023-06-02,19157286,1685664000000
2023-06-03,19220358,1685750400000
2023-06-04,19283174,1685836800000
2023-06-05,19346533,1685923200000
2023-06-06,19380965,1686009600000
2023-06-07,19398692,1686096000000
2023-06-08,19422115,1686182400000
2023-06-09,19460131,1686268800000
2023-06-10,19509505,1686355200000
2023-06-11,19566913,1686441600000
2023-06-12,19599617,1686528000000
2023-06-13,19599617,1686614400000
2023-06-14,19610753,1686700800000
2023-06-15,19665889,1686787200000
2023-06-16,19725316,1686873600000
2023-06-17,19775620,1686960000000
2023-06-18,19837668,1687046400000
2023-06-19,19893605,1687132800000
2023-06-20,19949029,1687219200000
2023-06-21,19991845,1687305600000
2023-06-22,20044585,1687392000000
2023-06-23,20103881,1687478400000
2023-06-24,20165416,1687564800000
2023-06-25,20227560,1687651200000
2023-06-26,20287368,1687737600000
2023-06-27,20346696,1687824000000
2023-06-28,20406953,1687910400000
2023-06-29,20467498,1687996800000
2023-06-30,20526282,1688083200000
2023-07-01,20587434,1688169600000
2023-07-02,20648168,1688256000000
2023-07-03,20702120,1688342400000
2023-07-04,20749799,1688428800000
2023-07-05,20804807,1688515200000
2023-07-06,20863111,1688601600000
2023-07-07,20916134,1688688000000
2023-07-08,20936673,1688774400000
2023-07-09,21002273,1688860800000
2023-07-10,21053473,1688947200000
2023-07-11,21120545,1689033600000
2023-07-12,21186272,1689120000000
2023-07-13,21253728,1689206400000
2023-07-14,21320576,1689292800000
2023-07-15,21387392,1689379200000
2023-07-16,21456609,1689465600000
2023-07-17,21519713,1689552000000
2023-07-18,21580320,1689638400000
2023-07-19,21646144,1689724800000
2023-07-20,21710528,1689811200000
2023-07-21,21776224,1689897600000
2023-07-22,21845952,1689984000000
2023-07-23,21908607,1690070400000
2023-07-24,21975935,1690156800000
2023-07-25,22041246,1690243200000
2023-07-26,22103358,1690329600000
2023-07-27,22168958,1690416000000
2023-07-28,22230750,1690502400000
2023-07-29,22299646,1690588800000
2023-07-30,22365054,1690675200000
2023-07-31,22425886,1690761600000
2023-08-01,22487774,1690848000000
2023-08-02,22550718,1690934400000
2023-08-03,22602398,1691020800000
2023-08-04,22669566,1691107200000
2023-08-05,22735806,1691193600000
2023-08-06,22798270,1691280000000
2023-08-07,22861662,1691366400000
2023-08-08,22922462,1691452800000
2023-08-09,22978718,1691539200000
2023-08-10,23046270,1691625600000
2023-08-11,23111486,1691712000000
2023-08-12,23185309,1691798400000
2023-08-13,23262682,1691884800000
2023-08-14,23335032,1691971200000
2023-08-15,23398104,1692057600000
2023-08-16,23469107,1692144000000
2023-08-17,23533971,1692230400000
2023-08-18,23607859,1692316800000
2023-08-19,23684819,1692403200000
2023-08-20,23754803,1692489600000
2023-08-21,23787795,1692576000000
2023-08-22,23859760,1692662400000
2023-08-23,23932272,1692748800000
2023-08-24,24003920,1692835200000
2023-08-25,24075024,1692921600000
2023-08-26,24137007,1693008000000
2023-08-27,24201263,1693094400000
2023-08-28,24275887,1693180800000
2023-08-29,24346671,1693267200000
2023-08-30,24414158,1693353600000
2023-08-31,24483245,1693440000000
2023-09-01,24545229,1693526400000
2023-09-02,24619309,1693612800000
2023-09-03,24694701,1693699200000
2023-09-04,24769677,1693785600000
2023-09-05,24843021,1693872000000
2023-09-06,24899565,1693958400000
2023-09-07,24966285,1694044800000
2023-09-08,25017037,1694131200000
2023-09-09,25089901,1694217600000
2023-09-10,25164397,1694304000000
2023-09-11,25246189,1694390400000
2023-09-12,25315597,1694476800000
2023-09-13,25391757,1694563200000
2023-09-14,25465868,1694649600000
2023-09-15,25539978,1694736000000
2023-09-16,25623785,1694822400000
2023-09-17,25704809,1694908800000
2023-09-18,25780553,1694995200000
2023-09-19,25840041,1695081600000
2023-09-20,25885512,1695168000000
2023-09-21,25962407,1695254400000
2023-09-22,26041000,1695340800000
2023-09-23,26124551,1695427200000
2023-09-24,26203014,1695513600000
2023-09-25,26284424,1695600000000
2023-09-26,26350664,1695686400000
2023-09-27,26414696,1695772800000
2023-09-28,26487208,1695859200000
2023-09-29,26564711,1695945600000
2023-09-30,26644999,1696032000000
2023-10-01,26725190,1696118400000
2023-10-02,26806438,1696204800000
2023-10-03,26870656,1696291200000
2023-10-04,26917248,1696377600000
2023-10-05,26934624,1696464000000
2023-10-06,27010496,1696550400000
2023-10-07,27088384,1696636800000
2023-10-08,27166847,1696723200000
2023-10-09,27241855,1696809600000
2023-10-10,27311807,1696896000000
2023-10-11,27347294,1696982400000
2023-10-12,27432254,1697068800000
2023-10-13,27490654,1697155200000
2023-10-14,27556414,1697241600000
2023-10-15,27581821,1697328000000
2023-10-16,27591996,1697414400000
2023-10-17,27621500,1697500800000
2023-10-18,27629595,1697587200000
2023-10-19,27612411,1697673600000
2023-10-20,27629274,1697760000000
2023-10-21,27647226,1697846400000
2023-10-22,27663354,1697932800000
2023-10-23,27641082,1698019200000
2023-10-24,27653434,1698105600000
2023-10-25,27671130,1698192000000
2023-10-26,27680248,1698278400000
2023-10-27,27684728,1698364800000
2023-10-28,27707256,1698451200000
2023-10-29,27721144,1698537600000
2023-10-30,27755352,1698624000000
2023-10-31,27845240,1698710400000
2023-11-01,27882072,1698796800000
2023-11-02,27896088,1698883200000
2023-11-03,27884119,1698969600000
2023-11-04,27941463,1699056000000
2023-11-05,28003735,1699142400000
2023-11-06,28041815,1699228800000
2023-11-07,28099351,1699315200000
2023-11-08,28147447,1699401600000
2023-11-09,28184023,1699488000000
2023-11-10,28194135,1699574400000
2023-11-11,28211350,1699660800000
2023-11-12,28214838,1699747200000
2023-11-13,28215382,1699833600000
2023-11-14,28186070,1699920000000
2023-11-15,28221748,1700006400000
2023-11-16,28236308,1700092800000
2023-11-17,28283188,1700179200000
2023-11-18,28324211,1700265600000
2023-11-19,28345971,1700352000000
2023-11-20,28319763,1700438400000
2023-11-21,28307379,1700524800000
2023-11-22,28290483,1700611200000
2023-11-23,28306739,1700697600000
2023-11-24,28306739,1700784000000
2023-11-25,28261491,1700870400000
2023-11-26,28202770,1700956800000
2023-11-27,28144337,1701043200000
2023-11-28,28149041,1701129600000
2023-11-29,28159921,1701216000000
2023-11-30,28174993,1701302400000
2023-12-01,28240241,1701388800000
2023-12-02,28288784,1701475200000
2023-12-03,28357552,1701561600000
2023-12-04,28429168,1701648000000
2023-12-05,28429168,1701734400000
2023-12-06,28456303,1701820800000
2023-12-07,28486286,1701907200000
2023-12-08,28497709,1701993600000
2023-12-09,28473772,1702080000000
2023-12-10,28461516,1702166400000
2023-12-11,28431211,1702252800000
2023-12-12,28455787,1702339200000
2023-12-13,28458923,1702425600000
2023-12-14,28503020,1702512000000
2023-12-15,28526636,1702598400000
2023-12-16,28501388,1702684800000
2023-12-17,28497260,1702771200000
2023-12-18,28499242,1702857600000
2023-12-19,28492901,1702944000000
2023-12-20,28536572,1703030400000
2023-12-21,28553852,1703116800000
2023-12-22,28551772,1703203200000
2023-12-23,28586043,1703289600000
2023-12-24,28594426,1703376000000
2023-12-25,28611546,1703462400000
2023-12-26,28647546,1703548800000
2023-12-27,28638617,1703635200000
2023-12-28,28695993,1703721600000
2023-12-29,28769945,1703808000000
2023-12-30,28795385,1703894400000
2023-12-31,28867224,1703980800000
2024-01-01,28907832,1704067200000
2024-01-02,28926391,1704153600000
2024-01-03,28959957,1704240000000
2024-01-04,29006773,1704326400000
2024-01-05,28937169,1704412800000
2024-01-06,28907057,1704499200000
2024-01-07,28835057,1704585600000
2024-01-08,28763152,1704672000000
2024-01-09,28723504,1704758400000
2024-01-10,28693746,1704844800000
2024-01-11,28693746,1704931200000
2024-01-12,28664722,1705017600000
2024-01-13,28690098,1705104000000
2024-01-14,28707569,1705190400000
2024-01-15,28670066,1705276800000
2024-01-16,28704561,1705363200000
2024-01-17,28739377,1705449600000
2024-01-18,28799153,1705536000000
2024-01-19,28876657,1705622400000
2024-01-20,28951768,1705708800000
2024-01-21,28984056,1705795200000
2024-01-22,28980439,1705881600000
2024-01-23,28948119,1705968000000
2024-01-24,28949493,1706054400000
2024-01-25,28940308,1706140800000
2024-01-26,28927828,1706227200000
2024-01-27,28964468,1706313600000
2024-01-28,29053523,1706400000000
2024-01-29,29124499,1706486400000
2024-01-30,29164212,1706572800000
2024-01-31,29215476,1706659200000
2024-02-01,29293812,1706745600000
2024-02-02,29375862,1706832000000
2024-02-03,29420373,1706918400000
2024-02-04,29510261,1707004800000
2024-02-05,29567027,1707091200000
2024-02-06,29628467,1707177600000
2024-02-07,29721746,1707264000000
2024-02-08,29784402,1707350400000
2024-02-09,29844402,1707436800000
2024-02-10,29883890,1707523200000
2024-02-11,29976242,1707609600000
2024-02-12,30050418,1707696000000
2024-02-13,30119922,1707782400000
2024-02-14,30175155,1707868800000
2024-02-15,30234354,1707955200000
2024-02-16,30286195,1708041600000
2024-02-17,30380050,1708128000000
2024-02-18,30469042,1708214400000
2024-02-19,30540017,1708300800000
2024-02-20,30625393,1708387200000
2024-02-21,30662764,1708473600000
2024-02-22,30662763,1708560000000
2024-02-23,30724880,1708646400000
2024-02-24,30806672,1708732800000
2024-02-25,30849421,1708819200000
2024-02-26,30873777,1708905600000
2024-02-27,30941648,1708992000000
2024-02-28,30998319,1709078400000
2024-02-29,31046351,1709164800000
2024-03-01,31113167,1709251200000
2024-03-02,31186991,1709337600000
2024-03-03,31275983,1709424000000
2024-03-04,31325552,1709510400000
2024-03-05,31320847,1709596800000
2024-03-06,31291279,1709683200000
2024-03-07,31279600,1709769600000
2024-03-08,31312336,1709856000000
2024-03-09,31357104,1709942400000
2024-03-10,31371952,1710028800000
2024-03-11,31357135,1710115200000
2024-03-12,31322831,1710201600000
2024-03-13,31293775,1710288000000
2024-03-14,31315405,1710374400000
2024-03-15,31284109,1710460800000
2024-03-16,31240910,1710547200000
2024-03-17,31274734,1710633600000
2024-03-18,31266190,1710720000000
2024-03-19,31273682,1710806400000
2024-03-20,31313968,1710892800000
2024-03-21,31342480,1710979200000
2024-03-22,31337744,1711065600000
2024-03-23,31324560,1711152000000
2024-03-24,31344336,1711238400000
2024-03-25,31357615,1711324800000
2024-03-26,31360911,1711411200000
2024-03-27,31349339,1711497600000
2024-03-28,31324538,1711584000000
2024-03-29,31288602,1711670400000
2024-03-30,31297050,1711756800000
2024-03-31,31328059,1711843200000
2024-04-01,31313179,1711929600000
2024-04-02,31290011,1712016000000
2024-04-03,31306076,1712102400000
2024-04-04,31333916,1712188800000
2024-04-05,31328668,1712275200000
2024-04-06,31359707,1712361600000
2024-04-07,31393305,1712448000000
2024-04-08,31362394,1712534400000
2024-04-09,31384634,1712620800000
2024-04-10,31389274,1712707200000
2024-04-11,31391290,1712793600000
2024-04-12,31416058,1712880000000
2024-04-13,31452666,1712966400000
2024-04-14,31482330,1713052800000
2024-04-15,31503322,1713139200000
2024-04-16,31497050,1713225600000
2024-04-17,31522650,1713312000000
2024-04-18,31561274,1713398400000
2024-04-19,31599642,1713484800000
2024-04-20,31647546,1713571200000
2024-04-21,31695482,1713657600000
2024-04-22,31738298,1713744000000
2024-04-23,31779706,1713830400000
2024-04-24,31831290,1713916800000
2024-04-25,31860729,1714003200000
2024-04-26,31895162,1714089600000
2024-04-27,31939386,1714176000000
2024-04-28,31992602,1714262400000
2024-04-29,31999581,1714348800000
2024-04-30,32020957,1714435200000
2024-05-01,32054364,1714521600000
2024-05-02,32093116,1714608000000
2024-05-03,32141212,1714694400000
2024-05-04,32193116,1714780800000
2024-05-05,32244924,1714867200000
2024-05-06,32250076,1714953600000
2024-05-07,32286396,1715040000000
2024-05-08,32324060,1715126400000
2024-05-09,32363644,1715212800000
2024-05-10,32398140,1715299200000
2024-05-11,32447195,1715385600000
2024-05-12,32477371,1715472000000
2024-05-13,32477499,1715558400000
2024-05-14,32407963,1715644800000
2024-05-15,32321883,1715731200000
2024-05-16,32254586,1715817600000
2024-05-17,32177114,1715904000000
2024-05-18,32140251,1715990400000
2024-05-19,32154651,1716076800000
2024-05-20,32166714,1716163200000
2024-05-21,32153626,1716249600000
2024-05-22,32169786,1716336000000
2024-05-23,32196922,1716422400000
2024-05-24,32180251,1716508800000
2024-05-25,32220156,1716595200000
2024-05-26,32266331,1716681600000
2024-05-27,32257883,1716768000000
2024-05-28,32188028,1716854400000
2024-05-29,32195100,1716940800000
2024-05-30,32239516,1717027200000
2024-05-31,32287356,1717113600000
2024-06-01,32339996,1717200000000
2024-06-02,32383578,1717286400000
2024-06-03,32433369,1717372800000
2024-06-04,32486297,1717459200000
2024-06-05,32518105,1717545600000
2024-06-06,32535417,1717632000000
2024-06-07,32560857,1717718400000
2024-06-08,32564401,1717804800000
2024-06-09,32610801,1717891200000
2024-06-10,32629426,1717977600000
2024-06-11,32658577,1718064000000
2024-06-12,32669010,1718150400000
2024-06-13,32694068,1718236800000
2024-06-14,32709684,1718323200000
2024-06-15,32748373,1718409600000
2024-06-16,32769909,1718496000000
2024-06-17,32758069,1718582400000
2024-06-18,32786990,1718668800000
2024-06-19,32800526,1718755200000
2024-06-20,32820557,1718841600000
2024-06-21,32809037,1718928000000
2024-06-22,32843597,1719014400000
2024-06-23,32883373,1719100800000
2024-06-24,32876908,1719187200000
2024-06-25,32892813,1719273600000
2024-06-26,32923501,1719360000000
2024-06-27,32949164,1719446400000
2024-06-28,32971211,1719532800000
2024-06-29,32956171,1719619200000
2024-06-30,32985160,1719705600000
2024-07-01,33006089,1719792000000
2024-07-02,33007562,1719878400000
2024-07-03,32998250,1719964800000
2024-07-04,32951752,1720051200000
2024-07-05,32901352,1720137600000
2024-07-06,32922056,1720224000000
2024-07-07,32899784,1720310400000
2024-07-08,32881896,1720396800000
2024-07-09,32900615,1720483200000
2024-07-10,32932390,1720569600000
2024-07-11,32939686,1720656000000
2024-07-12,32968101,1720742400000
2024-07-13,33016933,1720828800000
2024-07-14,33068069,1720915200000
2024-07-15,33091493,1721001600000
2024-07-16,33103557,1721088000000
2024-07-17,33123045,1721174400000
2024-07-18,33158725,1721260800000
2024-07-19,33208262,1721347200000
2024-07-20,33262309,1721433600000
2024-07-21,33312102,1721520000000
2024-07-22,33355911,1721606400000
2024-07-23,33406279,1721692800000
2024-07-24,33413031,1721779200000
2024-07-25,33427848,1721865600000
2024-07-26,33460456,1721952000000
2024-07-27,33488744,1722038400000
2024-07-28,33538856,1722124800000
2024-07-29,33588807,1722211200000
2024-07-30,33629321,1722297600000
2024-07-31,33652744,1722384000000
2024-08-01,33668680,1722470400000
2024-08-02,33699911,1722556800000
2024-08-03,33750310,1722643200000
2024-08-04,33790406,1722729600000
2024-08-05,33755845,1722816000000
2024-08-06,33723940,1722902400000
2024-08-07,33703972,1722988800000
2024-08-08,33731876,1723075200000
2024-08-09,33768292,1723161600000
2024-08-10,33802627,1723248000000
2024-08-11,33798179,1723334400000
2024-08-12,33801221,1723420800000
2024-08-13,33839588,1723507200000
2024-08-14,33885061,1723593600000
2024-08-15,33902853,1723680000000
2024-08-16,33944325,1723766400000
2024-08-17,33958404,1723852800000
2024-08-18,34008802,1723939200000
2024-08-19,33984703,1724025600000
2024-08-20,33986779,1724112000000
2024-08-21,34013425,1724198400000
2024-08-22,34024926,1724284800000
2024-08-23,33945818,1724371200000
2024-08-24,33960251,1724457600000
2024-08-25,33943998,1724544000000
2024-08-26,33922910,1724630400000
2024-08-27,33949086,1724716800000
2024-08-28,33971006,1724803200000
2024-08-29,34000958,1724889600000
2024-08-30,34041534,1724976000000
2024-08-31,34089470,1725062400000
2024-09-01,34130558,1725148800000
2024-09-02,34176798,1725235200000
2024-09-03,34202175,1725321600000
2024-09-04,34226463,1725408000000
2024-09-05,34248831,1725494400000
2024-09-06,34252127,1725580800000
2024-09-07,34255400,1725667200000
2024-09-08,34240553,1725753600000
2024-09-09,34205194,1725840000000
2024-09-10,34198602,1725926400000
2024-09-11,34197003,1726012800000
2024-09-12,34217832,1726099200000
2024-09-13,34251367,1726185600000
2024-09-14,34290406,1726272000000
2024-09-15,34340650,1726358400000
2024-09-16,34383701,1726444800000
2024-09-17,34388536,1726531200000
2024-09-18,34383352,1726617600000
2024-09-19,34378394,1726704000000
2024-09-20,34373786,1726790400000
2024-09-21,34389754,1726876800000
2024-09-22,34395002,1726963200000
2024-09-23,34366170,1727049600000
2024-09-24,34394266,1727136000000
2024-09-25,34429594,1727222400000
2024-09-26,34454777,1727308800000
2024-09-27,34437401,1727395200000
2024-09-28,34451097,1727481600000
2024-09-29,34465177,1727568000000
2024-09-30,34461145,1727654400000
2024-10-01,34469881,1727740800000
2024-10-02,34497464,1727827200000
2024-10-03,34487608,1727913600000
2024-10-04,34485111,1728000000000
2024-10-05,34458168,1728086400000
2024-10-06,34481592,1728172800000
2024-10-07,34439867,1728259200000
2024-10-08,34436615,1728345600000
2024-10-09,34432242,1728432000000
2024-10-10,34361172,1728518400000
2024-10-11,34298612,1728604800000
2024-10-12,34321524,1728691200000
2024-10-13,34347732,1728777600000
2024-10-14,34344692,1728864000000
2024-10-15,34355764,1728950400000
2024-10-16,34371987,1729036800000
2024-10-17,34360531,1729123200000
2024-10-18,34326162,1729209600000
2024-10-19,34351412,1729296000000
2024-10-20,34342164,1729382400000
2024-10-21,34349108,1729468800000
2024-10-22,34347187,1729555200000
2024-10-23,34379060,1729641600000
2024-10-24,34409012,1729728000000
2024-10-25,34454388,1729814400000
2024-10-26,34488372,1729900800000
2024-10-27,34521173,1729987200000
2024-10-28,34489718,1730073600000
2024-10-29,34484181,1730160000000
2024-10-30,34457429,1730246400000
2024-10-31,34482873,1730332800000
2024-11-01,34478529,1730419200000
2024-11-02,34507585,1730505600000
2024-11-03,34549601,1730592000000
2024-11-04,34593440,1730678400000
2024-11-05,34634528,1730764800000
2024-11-06,34639614,1730851200000
2024-11-07,34585437,1730937600000
2024-11-08,34577406,1731024000000
2024-11-09,34621661,1731110400000
2024-11-10,34641181,1731196800000
2024-11-11,34608923,1731283200000
2024-11-12,34566715,1731369600000
2024-11-13,34534392,1731456000000
2024-11-14,34518776,1731542400000
2024-11-15,34488536,1731628800000
2024-11-16,34489145,1731715200000
2024-11-17,34453175,1731801600000
2024-11-18,34383063,1731888000000
2024-11-19,34364214,1731974400000
2024-11-20,34315990,1732060800000
2024-11-21,34283094,1732147200000
2024-11-22,34224285,1732233600000
2024-11-23,34200926,1732320000000
2024-11-24,34242909,1732406400000
2024-11-25,34275639,1732492800000
2024-11-26,34262423,1732579200000
2024-11-27,34264439,1732665600000
2024-11-28,34258583,1732752000000
2024-11-29,34298967,1732838400000
2024-11-30,34326134,1732924800000
2024-12-01,34371062,1733011200000
2024-12-02,34386134,1733097600000
2024-12-03,34343893,1733184000000
2024-12-04,34350485,1733270400000
2024-12-05,34361589,1733356800000
2024-12-06,34338260,1733443200000
2024-12-07,34292564,1733529600000
2024-12-08,34317460,1733616000000
2024-12-09,34271124,1733702400000
2024-12-10,34184436,1733788800000
2024-12-11,34094963,1733875200000
2024-12-12,34078388,1733961600000
2024-12-13,34063412,1734048000000
2024-12-14,34079574,1734134400000
2024-12-15,34075285,1734220800000
2024-12-16,34005077,1734307200000
2024-12-17,33951861,1734393600000
2024-12-18,33893653,1734480000000
2024-12-19,33896565,1734566400000
2024-12-20,33838965,1734652800000
2024-12-21,33782356,1734739200000
2024-12-22,33824692,1734825600000
2024-12-23,33851412,1734912000000
2024-12-24,33875604,1734998400000
2024-12-25,33890452,1735084800000
2024-12-26,33908564,1735171200000
2024-12-27,33950036,1735257600000
2024-12-28,33992149,1735344000000
2024-12-29,33996085,1735430400000
2024-12-30,33980629,1735516800000
2024-12-31,33946004,1735603200000
2025-01-01,33994356,1735689600000
2025-01-02,34024020,1735776000000
2025-01-03,34027924,1735862400000
2025-01-04,34041747,1735948800000
2025-01-05,34051827,1736035200000
2025-01-06,34015123,1736121600000
2025-01-07,33956435,1736208000000
2025-01-08,33881520,1736294400000
2025-01-09,33855758,1736380800000
2025-01-10,33890950,1736467200000
2025-01-11,33887846,1736553600000
2025-01-12,33936390,1736640000000
2025-01-13,33905317,1736726400000
2025-01-14,33901253,1736812800000
2025-01-15,33898981,1736899200000
2025-01-16,33921157,1736985600000
2025-01-17,33876997,1737072000000
2025-01-18,33871684,1737158400000
2025-01-19,33835236,1737244800000
2025-01-20,33808004,1737331200000
2025-01-21,33765795,1737417600000
2025-01-22,33708193,1737504000000
2025-01-23,33683489,1737590400000
2025-01-24,33654561,1737676800000
2025-01-25,33648802,1737763200000
2025-01-26,33687203,1737849600000
2025-01-27,33705219,1737936000000
2025-01-28,33744483,1738022400000
2025-01-29,33777315,1738108800000
2025-01-30,33763202,1738195200000
2025-01-31,33731745,1738281600000
2025-02-01,33771457,1738368000000
2025-02-02,33775936,1738454400000
2025-02-03,33719936,1738540800000
2025-02-04,33650654,1738627200000
2025-02-05,33639741,1738713600000
2025-02-06,33639549,1738800000000
2025-02-07,33598526,1738886400000
2025-02-08,33582558,1738972800000
2025-02-09,33581498,1739059200000
2025-02-10,33534297,1739145600000
2025-02-11,33494073,1739232000000
2025-02-12,33515897,1739318400000
2025-02-13,33559191,1739404800000
2025-02-14,33580216,1739491200000
2025-02-15,33573784,1739577600000
2025-02-16,33613722,1739664000000
2025-02-17,33641434,1739750400000
2025-02-18,33593018,1739836800000
2025-02-19,33616442,1739923200000
2025-02-20,33608634,1740009600000
2025-02-21,33646778,1740096000000
2025-02-22,33609752,1740182400000
2025-02-23,33642808,1740268800000
2025-02-24,33641784,1740355200000
2025-02-25,33625111,1740441600000
2025-02-26,33649239,1740528000000
2025-02-27,33647510,1740614400000
2025-02-28,33597526,1740700800000
2025-03-01,33606486,1740787200000
2025-03-02,33603574,1740873600000
2025-03-03,33599126,1740960000000
2025-03-04,33590710,1741046400000
2025-03-05,33604630,1741132800000
2025-03-06,33593686,1741219200000
2025-03-07,33593298,1741305600000
2025-03-08,33636082,1741392000000
2025-03-09,33664658,1741478400000
2025-03-10,33687634,1741564800000
2025-03-11,33705553,1741651200000
2025-03-12,33658449,1741737600000
2025-03-13,33655026,1741824000000
2025-03-14,33686230,1741910400000
2025-03-15,33719958,1741996800000
2025-03-16,33739637,1742083200000
2025-03-17,33723733,1742169600000
2025-03-18,33758933,1742256000000
2025-03-19,33748532,1742342400000
2025-03-20,33762612,1742428800000
2025-03-21,33782708,1742515200000
2025-03-22,33829428,1742601600000
2025-03-23,33882675,1742688000000
2025-03-24,33923187,1742774400000
2025-03-25,33941619,1742860800000
2025-03-26,33976531,1742947200000
2025-03-27,34026067,1743033600000
2025-03-28,34061651,1743120000000
2025-03-29,34112083,1743206400000
2025-03-30,34160623,1743292800000
2025-03-31,34147855,1743379200000
2025-04-01,34098799,1743465600000
2025-04-02,34136335,1743552000000
2025-04-03,34173647,1743638400000
2025-04-04,34211567,1743724800000
2025-04-05,34263279,1743811200000
2025-04-06,34281710,1743897600000
2025-04-07,34192174,1743984000000
2025-04-08,34108910,1744070400000
2025-04-09,34037198,1744156800000
2025-04-10,34037198,1744243200000
2025-04-11,34057934,1744329600000
2025-04-12,34096334,1744416000000
2025-04-13,34109806,1744502400000
2025-04-14,34052206,1744588800000
2025-04-15,33994158,1744675200000
2025-04-16,34010157,1744761600000
2025-04-17,34031888,1744848000000
2025-04-18,34076176,1744934400000
2025-04-19,34071694,1745020800000
2025-04-20,34118094,1745107200000
2025-04-21,34115183,1745193600000
2025-04-22,34062958,1745280000000
2025-04-23,34074734,1745366400000
2025-04-24,34093038,1745452800000
2025-04-25,34119758,1745539200000
2025-04-26,34149806,1745625600000
2025-04-27,34147278,1745712000000
2025-04-28,34149197,1745798400000
2025-04-29,34164394,1745884800000
2025-04-30,34166123,1745971200000
2025-05-01,34141995,1746057600000
2025-05-02,34169705,1746144000000
2025-05-03,34173674,1746230400000
2025-05-04,34162603,1746316800000
2025-05-05,34174187,1746403200000
2025-05-06,34185868,1746489600000
2025-05-07,34203280,1746576000000
2025-05-08,34232655,1746662400000
2025-05-09,34208477,1746748800000
2025-05-10,34198644,1746835200000
2025-05-11,34183444,1746921600000
2025-05-12,34191944,1747008000000
2025-05-13,34168987,1747094400000
2025-05-14,34157678,1747180800000
2025-05-15,34149523,1747267200000
2025-05-16,34161862,1747353600000
2025-05-17,34139817,1747440000000
2025-05-18,34133402,1747526400000
2025-05-19,34148412,1747612800000
2025-05-20,34142842,1747699200000
2025-05-21,34133795,1747785600000
2025-05-22,34135250,1747872000000
2025-05-23,34105654,1747958400000
2025-05-24,34096621,1748044800000
2025-05-25,34122243,1748131200000
2025-05-26,34154942,1748217600000
2025-05-27,34202271,1748304000000
2025-05-28,34233753,1748390400000
2025-05-29,34267287,1748476800000
2025-05-30,34277571,1748563200000
2025-05-31,34323826,1748649600000
2025-06-01,34357867,1748736000000
2025-06-02,34402127,1748822400000
2025-06-03,34446831,1748908800000
2025-06-04,34473559,1748995200000
2025-06-05,34506181,1749081600000
2025-06-06,34555802,1749168000000
2025-06-07,34607875,1749254400000
2025-06-08,34653193,1749340800000
2025-06-09,34695425,1749427200000
2025-06-10,34694938,1749513600000
2025-06-11,34670396,1749600000000
2025-06-12,34694490,1749686400000
2025-06-13,34730353,1749772800000
2025-06-14,34781188,1749859200000
2025-06-15,34822212,1749945600000
2025-06-16,34844473,1750032000000
2025-06-17,34888268,1750118400000
2025-06-18,34933295,1750204800000
2025-06-19,34982422,1750291200000
2025-06-20,35016726,1750377600000
2025-06-21,35071580,1750464000000
2025-06-22,35076000,1750550400000
2025-06-23,35105469,1750636800000
2025-06-24,35149296,1750723200000
2025-06-25,35191413,1750809600000
2025-06-26,35211437,1750896000000
2025-06-27,35235892,1750982400000
2025-06-28,35279306,1751068800000
2025-06-29,35334195,1751155200000
2025-06-30,35374266,1751241600000
2025-07-01,35413751,1751328000000
2025-07-02,35457662,1751414400000
2025-07-03,35477369,1751500800000
2025-07-04,35490695,1751587200000
2025-07-05,35491539,1751673600000
2025-07-06,35546044,1751760000000
2025-07-07,35582398,1751846400000
2025-07-08,35616132,1751932800000
2025-07-09,35648822,1752019200000
2025-07-10,35672799,1752105600000
2025-07-11,35677420,1752192000000
2025-07-12,35714276,1752278400000
2025-07-13,35732659,1752364800000
2025-07-14,35750873,1752451200000
2025-07-15,35755858,1752537600000
2025-07-16,35777593,1752624000000
2025-07-17,35777393,1752710400000
2025-07-18,35769713,1752796800000
2025-07-19,35766836,1752883200000
2025-07-20,35766805,1752969600000
2025-07-21,35759662,1753056000000
2025-07-22,35761640,1753142400000
2025-07-23,35756475,1753228800000
2025-07-24,35750059,1753315200000
2025-07-25,35747733,1753401600000
2025-07-26,35750674,1753488000000
2025-07-27,35747818,1753574400000
2025-07-28,35746947,1753660800000
2025-07-29,35750201,1753747200000
2025-07-30,35748995,1753833600000
2025-07-31,35746779,1753920000000
2025-08-01,35742029,1754006400000
2025-08-02,35750040,1754092800000
2025-08-03,35745988,1754179200000
2025-08-04,35747874,1754265600000
2025-08-05,35747171,1754352000000
2025-08-06,35746441,1754438400000
2025-08-07,35746836,1754524800000
2025-08-08,35745884,1754611200000
2025-08-09,35747651,1754697600000
2025-08-10,35720394,1754784000000
2025-08-11,35718477,1754870400000
2025-08-12,35719566,1754956800000
2025-08-13,35718368,1755043200000
2025-08-14,35715599,1755129600000
2025-08-15,35718389,1755216000000
2025-08-16,35717835,1755302400000
2025-08-17,35716697,1755388800000
2025-08-18,35711717,1755475200000
2025-08-19,35705000,1755561600000
2025-08-20,35712195,1755648000000
2025-08-21,35713342,1755734400000
2025-08-22,35712462,1755820800000
2025-08-23,35713795,1755907200000
2025-08-24,35712268,1755993600000
2025-08-25,35712925,1756080000000
2025-08-26,35713485,1756166400000
2025-08-27,35712892,1756252800000
2025-08-28,35711821,1756339200000
2025-08-29,35712131,1756425600000
2025-08-30,35677166,1756512000000
2025-08-31,35710771,1756598400000
2025-09-01,35709125,1756684800000
2025-09-02,35712622,1756771200000
2025-09-03,35711419,1756857600000
2025-09-04,35713001,1756944000000
2025-09-05,35714037,1757030400000
2025-09-06,35713278,1757116800000
2025-09-07,35712933,1757203200000
2025-09-08,35714758,1757289600000
2025-09-09,35711948,1757376000000
2025-09-10,35706859,1757462400000
2025-09-11,35712041,1757548800000
2025-09-12,35713166,1757635200000
2025-09-13,35713270,1757721600000
2025-09-14,35713370,1757808000000
2025-09-15,35712604,1757894400000
2025-09-16,35715644,1757980800000
2025-09-17,35715709,1758067200000
2025-09-18,35714373,1758153600000
2025-09-19,35714710,1758240000000
2025-09-20,35714460,1758326400000
2025-09-21,35714472,1758412800000
2025-09-22,35711682,1758499200000
2025-09-23,35712542,1758585600000
2025-09-24,35714436,1758672000000
2025-09-25,35711638,1758758400000
2025-09-26,35710733,1758844800000
2025-09-27,35712470,1758931200000
2025-09-28,35709440,1759017600000
2025-09-29,35712118,1759104000000
2025-09-30,35708915,1759190400000
2025-10-01,35711368,1759276800000
2025-10-02,35707208,1759363200000
2025-10-03,35697517,1759449600000
2025-10-04,35703155,1759536000000
2025-10-05,35711952,1759622400000
2025-10-06,35710659,1759708800000
2025-10-07,35711994,1759795200000
2025-10-08,35701484,1759881600000
2025-10-09,35701947,1759968000000
2025-10-10,35701894,1760054400000
2025-10-11,35702934,1760140800000
2025-10-12,35712959,1760227200000
2025-10-13,35713073,1760313600000
2025-10-14,35712645,1760400000000
2025-10-15,35687813,1760486400000
2025-10-16,35713688,1760572800000
2025-10-17,35713940,1760659200000
2025-10-18,35713514,1760745600000
2025-10-19,35713947,1760832000000
2025-10-20,35708048,1760918400000
2025-10-21,35710451,1761004800000
2025-10-22,35704084,1761091200000
2025-10-23,35706376,1761177600000
2025-10-24,35709273,1761264000000
2025-10-25,35706266,1761350400000
2025-10-26,35707516,1761436800000
2025-10-27,35705706,1761523200000
2025-10-28,35707551,1761609600000
2025-10-29,35707049,1761696000000
2025-10-30,35704001,1761782400000
2025-10-31,35708442,1761868800000
2025-11-01,35709062,1761955200000
2025-11-02,35710726,1762041600000
2025-11-03,35710529,1762128000000
2025-11-04,35708627,1762214400000
2025-11-05,35708343,1762300800000
2025-11-06,35708481,1762387200000
2025-11-07,35710355,1762473600000
2025-11-08,35708668,1762560000000
2025-11-09,35708359,1762646400000
2025-11-10,35706380,1762732800000
2025-11-11,35707403,1762819200000
2025-11-12,35710202,1762905600000
2025-11-13,35683193,1762992000000
2025-11-14,35678446,1763078400000
2025-11-15,35674381,1763164800000
2025-11-16,35678185,1763251200000
2025-11-17,35676589,1763337600000
2025-11-18,35675347,1763424000000
2025-11-19,35675990,1763510400000
2025-11-20,35678643,1763596800000
2025-11-21,35680851,1763683200000
2025-11-22,35680891,1763769600000
2025-11-23,35681209,1763856000000
2025-11-24,35676835,1763942400000
2025-11-25,35634280,1764028800000
2025-11-26,35661766,1764115200000
2025-11-27,35662203,1764201600000
2025-11-28,35657332,1764288000000
2025-11-29,35640781,1764374400000
2025-11-30,35641968,1764460800000
2025-12-01,35641879,1764547200000
2025-12-02,35632746,1764633600000
2025-12-03,35631832,1764720000000
2025-12-04,35629846,1764806400000
2025-12-05,35631938,1764892800000
2025-12-06,35633349,1764979200000
2025-12-07,35630971,1765065600000
2025-12-08,35633895,1765152000000
2025-12-09,35628804,1765238400000
2025-12-10,35632049,1765324800000
2025-12-11,35632645,1765411200000
2025-12-12,35632392,1765497600000
2025-12-13,35632583,1765584000000
2025-12-14,35633964,1765670400000
2025-12-15,35632369,1765756800000
2025-12-16,35634491,1765843200000
2025-12-17,35633645,1765929600000
2025-12-18,35630449,1766016000000
2025-12-19,35629179,1766102400000
2025-12-20,35630705,1766188800000
2025-12-21,35631735,1766275200000
2025-12-22,35632336,1766361600000
2025-12-23,35628668,1766448000000
2025-12-24,35631749,1766534400000
2025-12-25,35632244,1766620800000
2025-12-26,35633427,1766707200000
2025-12-27,35632248,1766793600000
2025-12-28,35631446,1766880000000
2025-12-29,35632457,1766966400000
2025-12-30,35632014,1767052800000
2025-12-31,35634047,1767139200000
2026-01-01,35633361,1767225600000
2026-01-02,35623779,1767312000000
2026-01-03,35631620,1767398400000
2026-01-04,35627448,1767484800000
2026-01-05,35660354,1767571200000
2026-01-06,35680700,1767657600000
2026-01-07,35720798,1767744000000
2026-01-08,35767222,1767830400000
2026-01-09,35821507,1767916800000
2026-01-10,35868115,1768003200000
2026-01-11,35926577,1768089600000
2026-01-12,35929380,1768176000000
2026-01-13,35964354,1768262400000
2026-01-14,36007309,1768348800000
2026-01-15,36047535,1768435200000
2026-01-16,36064822,1768521600000
2026-01-17,36112920,1768608000000
2026-01-18,36166531,1768694400000
2026-01-19,36220792,1768780800000
2026-01-20,36233820,1768867200000
2026-01-21,36236079,1768953600000
2026-01-22,36286865,1769040000000
2026-01-23,36334495,1769126400000
2026-01-24,36381385,1769212800000
2026-01-25,36440533,1769299200000
2026-01-26,36480786,1769385600000
2026-01-27,36525768,1769472000000
2026-01-28,36564035,1769558400000
2026-01-29,36558270,1769644800000
2026-01-30,36605056,1769731200000
2026-01-31,36666044,1769817600000
2026-02-01,36705876,1769904000000
2026-02-02,36709599,1769990400000
2026-02-03,36712449,1770076800000
2026-02-04,36734312,1770163200000
2026-02-05,36741799,1770249600000
2026-02-06,36743631,1770336000000
2026-02-07,36742596,1770422400000
2026-02-08,36778594,1770508800000
2026-02-09,36815911,1770595200000
2026-02-10,36852305,1770681600000
2026-02-11,36860519,1770768000000
2026-02-12,36860852,1770854400000
2026-02-13,36887505,1770940800000
2026-02-14,36888402,1771027200000
2026-02-15,36923697,1771113600000
2026-02-16,36967315,1771200000000
2026-02-17,37005448,1771286400000
2026-02-18,37010788,1771372800000
2026-02-19,37039144,1771459200000
2026-02-20,37097410,1771545600000
2026-02-21,37144798,1771632000000
2026-02-22,37191433,1771718400000
2026-02-23,37226991,1771804800000
2026-02-24,37231130,1771891200000
2026-02-25,37230889,1771977600000
2026-02-26,37170188,1772064000000
2026-02-27,37133560,1772150400000
2026-02-28,37139040,1772236800000
2026-03-01,37224989,1772323200000
2026-03-02,37265849,1772409600000
2026-03-03,37238090,1772496000000
2026-03-04,37303447,1772582400000
2026-03-05,37349483,1772668800000
2026-03-06,37345747,1772755200000
2026-03-07,37385890,1772841600000
2026-03-08,37441219,1772928000000
2026-03-09,37482459,1773014400000
2026-03-10,37562250,1773100800000
2026-03-11,37661950,1773187200000
2026-03-12,37695717,1773273600000
2026-03-13,37707848,1773360000000
2026-03-14,37776757,1773446400000
2026-03-15,37832493,1773532800000
2026-03-16,37853819,1773619200000
2026-03-17,37842281,1773705600000
2026-03-18,37858752,1773792000000
2026-03-19,37895664,1773878400000
2026-03-20,37982436,1773964800000
2026-03-21,37993545,1774051200000
2026-03-22,38089206,1774137600000
2026-03-23,38133661,1774224000000
2026-03-24,38134484,1774310400000
2026-03-25,38186638,1774396800000
2026-03-26,38234838,1774483200000
2026-03-27,38282645,1774569600000
2026-03-28,38405857,1774656000000
2026-03-29,38475575,1774742400000
2026-03-30,38495134,1774828800000
2026-03-31,38444759,1774915200000
2026-04-01,38487492,1775001600000
2026-04-02,38533030,1775088000000
2026-04-03,38605256,1775174400000
2026-04-04,38664852,1775260800000
2026-04-05,38706886,1775347200000
2026-04-06,38768058,1775433600000
2026-04-07,38814780,1775520000000
2026-04-08,38847025,1775606400000
2026-04-09,38895024,1775692800000
2026-04-10,38901954,1775779200000
2026-04-11,38903164,1775865600000
2026-04-12,38884936,1775952000000
2026-04-13,38884171,1776038400000
2026-04-14,38883714,1776124800000
2026-04-15,38920719,1776211200000
2026-04-16,38925277,1776297600000
2026-04-17,38949908,1776384000000
2026-04-18,38997125,1776470400000
2026-04-19,39011406,1776556800000
2026-04-20,39015082,1776643200000
2026-04-21,38947004,1776729600000
2026-04-22,38975395,1776816000000
2026-04-23,38977825,1776902400000
2026-04-24,38984671,1776988800000
2026-04-25,38980550,1777075200000
2026-04-26,38968137,1777161600000
2026-04-27,38966561,1777248000000
2026-04-28,38888691,1777334400000
2026-04-29,38818265,1777420800000
2026-04-30,38757003,1777507200000
2026-05-01,38708106,1777593600000
2026-05-02,38640022,1777680000000
2026-05-03,38662514,1777766400000
2026-05-04,38663368,1777852800000
2026-05-05,38667632,1777939200000
2026-05-06,38660102,1778025600000
2026-05-07,38661338,1778112000000
2026-05-08,38661599,1778198400000
2026-05-09,38644372,1778284800000
2026-05-10,38627752,1778371200000
2026-05-11,38626608,1778457600000
2026-05-12,38650061,1778544000000
2026-05-13,38689911,1778630400000
2026-05-14,38668930,1778716800000
2026-05-15,38746605,1778803200000
2026-05-16,38854423,1778889600000
2026-05-17,38906183,1778976000000
2026-05-18,38912885,1779062400000
2026-05-19,38942240,1779148800000
2026-05-20,39023064,1779235200000
2026-05-21,39049256,1779321600000
2026-05-22,39071876,1779408000000
2026-05-23,39124712,1779494400000
2026-05-24,39143749,1779580800000
2026-05-25,39230694,1779667200000
2026-05-26,39258413,1779753600000
2026-05-27,39256349,1779840000000
2026-05-28,39247205,1779926400000
2026-05-29,39251847,1780012800000
2026-05-30,39250402,1780099200000
2026-05-31,39255940,1780185600000
