data,preco_eth_usd
2015-08-07,2.83
2015-08-08,1.33
2015-08-10,0.69
2015-08-11,1.07
2015-08-12,1.26
2015-08-13,1.83
2015-08-14,1.83
2015-08-15,1.67
2015-08-16,1.48
2015-08-17,1.2
2015-08-18,1.28
2015-08-19,1.25
2015-08-20,1.48
2015-08-21,1.41
2015-08-22,1.38
2015-08-23,1.36
2015-08-24,1.25
2015-08-25,1.16
2015-08-26,1.12
2015-08-27,1.13
2015-08-28,1.19
2015-08-29,1.17
2015-08-30,1.32
2015-08-31,1.35
2015-09-01,1.35
2015-09-02,1.28
2015-09-03,1.26
2015-09-04,1.27
2015-09-05,1.33
2015-09-06,1.3
2015-09-07,1.26
2015-09-08,1.24
2015-09-09,1.21
2015-09-10,1.17
2015-09-11,0.98
2015-09-12,1.04
2015-09-13,0.94
2015-09-14,0.87
2015-09-15,0.94
2015-09-16,0.9
2015-09-17,0.88
2015-09-18,0.85
2015-09-19,0.88
2015-09-20,0.94
2015-09-21,0.9
2015-09-22,0.9
2015-09-23,0.89
2015-09-24,0.82
2015-09-25,0.74
2015-09-26,0.78
2015-09-27,0.72
2015-09-28,0.58
2015-09-29,0.66
2015-09-30,0.73
2015-10-01,0.69
2015-10-02,0.68
2015-10-03,0.69
2015-10-04,0.67
2015-10-05,0.63
2015-10-06,0.65
2015-10-07,0.61
2015-10-08,0.62
2015-10-09,0.65
2015-10-10,0.63
2015-10-11,0.64
2015-10-12,0.63
2015-10-13,0.6
2015-10-14,0.52
2015-10-15,0.56
2015-10-16,0.53
2015-10-17,0.55
2015-10-18,0.52
2015-10-19,0.49
2015-10-20,0.43
2015-10-21,0.44
2015-10-22,0.57
2015-10-23,0.54
2015-10-24,0.57
2015-10-25,0.63
2015-10-26,0.74
2015-10-27,0.85
2015-10-28,1.01
2015-10-29,1.16
2015-10-30,1.04
2015-10-31,0.91
2015-11-01,1.06
2015-11-02,0.96
2015-11-03,1.0
2015-11-04,0.9
2015-11-05,0.91
2015-11-06,0.91
2015-11-07,0.92
2015-11-08,1.03
2015-11-09,1.0
2015-11-10,0.93
2015-11-11,0.79
2015-11-12,0.9
2015-11-13,0.9
2015-11-14,0.88
2015-11-15,0.91
2015-11-16,0.93
2015-11-17,1.0
2015-11-18,0.99
2015-11-19,0.95
2015-11-20,0.93
2015-11-21,0.97
2015-11-22,0.96
2015-11-23,0.95
2015-11-24,0.9
2015-11-25,0.87
2015-11-26,0.89
2015-11-27,0.87
2015-11-28,0.92
2015-11-29,0.87
2015-11-30,0.87
2015-12-01,0.88
2015-12-02,0.82
2015-12-03,0.82
2015-12-04,0.84
2015-12-05,0.86
2015-12-06,0.83
2015-12-07,0.8
2015-12-08,0.82
2015-12-09,0.79
2015-12-10,0.85
2015-12-11,0.92
2015-12-12,0.97
2015-12-13,0.96
2015-12-14,1.0
2015-12-15,1.02
2015-12-16,0.99
2015-12-17,0.94
2015-12-18,0.92
2015-12-19,0.91
2015-12-20,0.9
2015-12-21,0.9
2015-12-22,0.88
2015-12-23,0.87
2015-12-24,0.86
2015-12-25,0.87
2015-12-26,0.85
2015-12-27,0.86
2015-12-28,0.84
2015-12-29,0.87
2015-12-30,0.9
2015-12-31,0.94
2016-01-01,0.95
2016-01-02,0.94
2016-01-03,0.97
2016-01-04,0.96
2016-01-05,0.95
2016-01-06,0.97
2016-01-07,0.96
2016-01-08,1.0
2016-01-09,1.02
2016-01-10,1.02
2016-01-11,1.07
2016-01-12,1.17
2016-01-13,1.13
2016-01-14,1.16
2016-01-15,1.21
2016-01-16,1.22
2016-01-17,1.32
2016-01-18,1.4
2016-01-19,1.38
2016-01-20,1.57
2016-01-21,1.54
2016-01-22,1.47
2016-01-23,1.69
2016-01-24,2.13
2016-01-25,2.48
2016-01-26,2.09
2016-01-27,2.38
2016-01-28,2.52
2016-01-29,2.49
2016-01-30,2.44
2016-01-31,2.3
2016-02-01,2.22
2016-02-02,2.4
2016-02-03,2.52
2016-02-04,2.56
2016-02-05,2.53
2016-02-06,2.52
2016-02-07,2.95
2016-02-08,3.17
2016-02-09,3.72
2016-02-10,4.43
2016-02-11,6.01
2016-02-12,5.48
2016-02-13,5.37
2016-02-14,5.17
2016-02-15,5.32
2016-02-16,4.37
2016-02-17,3.74
2016-02-18,4.4
2016-02-19,4.49
2016-02-20,4.3
2016-02-21,4.65
2016-02-22,5.61
2016-02-23,5.61
2016-02-24,6.13
2016-02-25,5.94
2016-02-26,5.9
2016-02-27,6.36
2016-02-28,6.44
2016-02-29,6.31
2016-03-01,7.56
2016-03-02,8.4
2016-03-03,9.5
2016-03-04,10.04
2016-03-05,10.94
2016-03-06,10.96
2016-03-07,9.4
2016-03-08,9.8
2016-03-09,11.97
2016-03-10,11.21
2016-03-11,11.21
2016-03-12,13.38
2016-03-13,14.89
2016-03-14,12.29
2016-03-15,12.97
2016-03-16,12.53
2016-03-17,10.96
2016-03-18,10.8
2016-03-19,10.44
2016-03-20,10.22
2016-03-21,11.85
2016-03-22,11.32
2016-03-23,12.4
2016-03-24,11.13
2016-03-25,10.64
2016-03-26,10.97
2016-03-27,10.38
2016-03-28,11.68
2016-03-29,11.74
2016-03-30,11.88
2016-03-31,11.35
2016-04-01,11.64
2016-04-02,11.56
2016-04-03,11.51
2016-04-04,11.19
2016-04-05,10.42
2016-04-06,10.67
2016-04-07,10.03
2016-04-08,9.76
2016-04-09,9.9
2016-04-10,8.81
2016-04-11,8.67
2016-04-12,7.52
2016-04-13,8.02
2016-04-14,8.43
2016-04-15,8.21
2016-04-16,8.56
2016-04-17,9.32
2016-04-18,8.96
2016-04-19,8.7
2016-04-20,8.48
2016-04-21,8.11
2016-04-22,7.86
2016-04-23,8.38
2016-04-24,8.0
2016-04-25,7.81
2016-04-26,7.42
2016-04-27,7.72
2016-04-28,7.25
2016-04-29,7.48
2016-04-30,8.89
2016-05-01,8.83
2016-05-02,10.11
2016-05-03,9.29
2016-05-04,9.41
2016-05-05,9.83
2016-05-06,9.28
2016-05-07,9.38
2016-05-08,9.53
2016-05-09,9.35
2016-05-10,9.35
2016-05-11,9.98
2016-05-12,10.09
2016-05-13,10.59
2016-05-14,10.18
2016-05-15,9.96
2016-05-16,11.13
2016-05-17,12.16
2016-05-18,13.35
2016-05-19,14.72
2016-05-20,13.69
2016-05-21,14.0
2016-05-22,14.25
2016-05-23,13.24
2016-05-24,12.66
2016-05-25,12.5
2016-05-26,12.5
2016-05-27,11.19
2016-05-28,11.76
2016-05-29,12.39
2016-05-30,12.68
2016-05-31,14.01
2016-06-01,13.86
2016-06-02,13.77
2016-06-03,13.84
2016-06-04,13.7
2016-06-05,13.97
2016-06-06,13.94
2016-06-07,14.55
2016-06-08,14.43
2016-06-09,14.44
2016-06-10,13.94
2016-06-11,13.96
2016-06-12,15.7
2016-06-13,17.55
2016-06-14,18.77
2016-06-15,18.42
2016-06-16,20.51
2016-06-17,15.4
2016-06-18,11.2
2016-06-19,12.23
2016-06-20,11.81
2016-06-21,12.98
2016-06-22,12.74
2016-06-23,13.68
2016-06-24,13.94
2016-06-25,14.28
2016-06-26,13.85
2016-06-27,13.93
2016-06-28,12.3
2016-06-29,12.8
2016-06-30,13.34
2016-07-01,12.33
2016-07-02,12.02
2016-07-03,11.83
2016-07-04,11.42
2016-07-05,10.54
2016-07-06,10.51
2016-07-07,10.1
2016-07-08,11.4
2016-07-09,11.0
2016-07-10,10.96
2016-07-11,10.52
2016-07-12,10.61
2016-07-13,10.49
2016-07-14,11.24
2016-07-15,11.33
2016-07-16,11.7
2016-07-17,11.31
2016-07-18,11.02
2016-07-19,11.58
2016-07-20,12.15
2016-07-21,12.61
2016-07-22,14.32
2016-07-23,14.39
2016-07-24,12.8
2016-07-25,13.82
2016-07-26,11.77
2016-07-27,12.97
2016-07-28,12.88
2016-07-29,12.84
2016-07-30,12.55
2016-07-31,11.87
2016-08-01,10.97
2016-08-02,8.35
2016-08-03,10.22
2016-08-04,11.03
2016-08-05,10.94
2016-08-06,10.9
2016-08-07,10.92
2016-08-08,11.25
2016-08-09,12.19
2016-08-10,12.14
2016-08-11,11.99
2016-08-12,11.97
2016-08-13,11.58
2016-08-14,11.26
2016-08-15,11.23
2016-08-16,10.25
2016-08-17,10.74
2016-08-18,10.72
2016-08-19,10.72
2016-08-20,11.26
2016-08-21,11.15
2016-08-22,11.06
2016-08-23,11.01
2016-08-24,11.01
2016-08-25,11.34
2016-08-26,11.26
2016-08-27,11.15
2016-08-28,10.91
2016-08-29,10.91
2016-08-30,11.21
2016-08-31,11.5
2016-09-01,12.0
2016-09-02,12.09
2016-09-03,11.8
2016-09-04,11.66
2016-09-05,11.75
2016-09-06,11.68
2016-09-07,11.55
2016-09-08,11.34
2016-09-09,11.63
2016-09-10,12.12
2016-09-11,11.6
2016-09-12,11.85
2016-09-13,11.88
2016-09-14,11.91
2016-09-15,11.9
2016-09-16,12.52
2016-09-17,12.68
2016-09-18,12.37
2016-09-19,13.16
2016-09-20,14.31
2016-09-21,13.71
2016-09-22,13.23
2016-09-23,13.32
2016-09-24,12.86
2016-09-25,13.05
2016-09-26,12.82
2016-09-27,13.07
2016-09-28,13.31
2016-09-29,13.1
2016-09-30,13.19
2016-10-01,13.27
2016-10-02,13.2
2016-10-03,13.47
2016-10-04,13.26
2016-10-05,13.06
2016-10-06,12.83
2016-10-07,12.66
2016-10-08,12.18
2016-10-09,12.03
2016-10-10,11.84
2016-10-11,11.75
2016-10-12,11.85
2016-10-13,11.96
2016-10-14,11.92
2016-10-15,11.94
2016-10-16,11.93
2016-10-17,11.97
2016-10-18,12.51
2016-10-19,11.97
2016-10-20,12.02
2016-10-21,12.09
2016-10-22,12.05
2016-10-23,11.93
2016-10-24,11.89
2016-10-25,11.27
2016-10-26,11.5
2016-10-27,11.46
2016-10-28,11.52
2016-10-29,10.34
2016-10-30,11.19
2016-10-31,10.88
2016-11-01,10.79
2016-11-02,10.78
2016-11-03,10.81
2016-11-04,11.13
2016-11-05,11.07
2016-11-06,10.92
2016-11-07,10.87
2016-11-08,10.89
2016-11-09,10.66
2016-11-10,10.52
2016-11-11,10.29
2016-11-12,9.66
2016-11-13,10.11
2016-11-14,9.99
2016-11-15,10.2
2016-11-16,10.03
2016-11-17,9.96
2016-11-18,9.45
2016-11-19,9.67
2016-11-20,9.53
2016-11-21,9.58
2016-11-22,9.81
2016-11-23,9.75
2016-11-24,9.18
2016-11-25,9.34
2016-11-26,9.29
2016-11-27,8.91
2016-11-28,8.71
2016-11-29,8.16
2016-11-30,8.65
2016-12-01,8.44
2016-12-02,7.64
2016-12-03,7.89
2016-12-04,7.47
2016-12-05,6.82
2016-12-06,7.63
2016-12-07,8.14
2016-12-08,8.3
2016-12-09,8.5
2016-12-10,8.1
2016-12-11,8.21
2016-12-12,8.47
2016-12-13,8.35
2016-12-14,8.21
2016-12-15,7.77
2016-12-16,7.8
2016-12-17,7.82
2016-12-18,7.86
2016-12-19,7.59
2016-12-20,7.62
2016-12-21,7.86
2016-12-22,7.58
2016-12-23,7.2
2016-12-24,7.22
2016-12-25,7.21
2016-12-26,7.27
2016-12-27,7.17
2016-12-28,7.61
2016-12-29,8.17
2016-12-30,8.15
2016-12-31,8.01
2017-01-01,8.06
2017-01-02,8.36
2017-01-03,9.63
2017-01-04,10.97
2017-01-05,10.12
2017-01-06,10.15
2017-01-07,9.82
2017-01-08,10.27
2017-01-09,10.29
2017-01-10,10.52
2017-01-11,9.66
2017-01-12,9.67
2017-01-13,9.65
2017-01-14,9.7
2017-01-15,9.79
2017-01-16,9.52
2017-01-17,10.26
2017-01-18,10.13
2017-01-19,10.39
2017-01-20,10.55
2017-01-21,10.87
2017-01-22,10.75
2017-01-23,10.75
2017-01-24,10.4
2017-01-25,10.47
2017-01-26,10.56
2017-01-27,10.51
2017-01-28,10.55
2017-01-29,10.43
2017-01-30,10.57
2017-01-31,10.68
2017-02-01,10.7
2017-02-02,10.81
2017-02-03,10.94
2017-02-04,11.33
2017-02-05,11.24
2017-02-06,11.29
2017-02-07,11.43
2017-02-08,11.34
2017-02-09,10.91
2017-02-10,11.28
2017-02-11,11.4
2017-02-12,11.35
2017-02-13,11.28
2017-02-14,12.97
2017-02-15,12.93
2017-02-16,12.84
2017-02-17,12.7
2017-02-18,12.82
2017-02-19,12.78
2017-02-20,12.75
2017-02-21,12.74
2017-02-22,12.6
2017-02-23,13.16
2017-02-24,13.07
2017-02-25,13.55
2017-02-26,14.55
2017-02-27,15.36
2017-02-28,15.7
2017-03-01,17.17
2017-03-02,18.99
2017-03-03,19.59
2017-03-04,18.64
2017-03-05,19.25
2017-03-06,19.67
2017-03-07,18.83
2017-03-08,16.75
2017-03-09,17.63
2017-03-10,19.26
2017-03-11,21.4
2017-03-12,23.1
2017-03-13,28.45
2017-03-14,28.54
2017-03-15,34.2
2017-03-16,39.86
2017-03-17,44.07
2017-03-18,32.27
2017-03-19,44.09
2017-03-20,41.86
2017-03-21,42.48
2017-03-22,41.26
2017-03-23,43.27
2017-03-24,50.89
2017-03-25,50.68
2017-03-26,50.05
2017-03-27,49.02
2017-03-28,50.26
2017-03-29,52.84
2017-03-30,52.31
2017-03-31,49.96
2017-04-01,50.43
2017-04-02,48.38
2017-04-03,43.58
2017-04-04,41.8
2017-04-05,45.59
2017-04-06,42.98
2017-04-07,42.4
2017-04-08,44.5
2017-04-09,44.19
2017-04-10,43.91
2017-04-11,43.86
2017-04-12,46.2
2017-04-13,49.75
2017-04-14,47.56
2017-04-15,49.12
2017-04-16,48.71
2017-04-17,48.35
2017-04-18,50.76
2017-04-19,48.16
2017-04-20,50.07
2017-04-21,48.8
2017-04-22,49.08
2017-04-23,50.61
2017-04-24,51.1
2017-04-25,50.97
2017-04-26,54.88
2017-04-27,63.96
2017-04-28,73.01
2017-04-29,70.45
2017-04-30,79.8
2017-05-01,76.85
2017-05-02,77.35
2017-05-03,80.93
2017-05-04,94.11
2017-05-05,91.16
2017-05-06,96.43
2017-05-07,89.74
2017-05-08,87.95
2017-05-09,87.5
2017-05-10,88.41
2017-05-11,88.46
2017-05-12,88.18
2017-05-13,89.14
2017-05-14,90.06
2017-05-15,90.5
2017-05-16,87.09
2017-05-17,88.21
2017-05-18,96.63
2017-05-19,122.16
2017-05-20,123.03
2017-05-21,148.66
2017-05-22,153.99
2017-05-23,171.08
2017-05-24,190.43
2017-05-25,176.82
2017-05-26,162.94
2017-05-27,159.06
2017-05-28,172.34
2017-05-29,196.08
2017-05-30,230.8
2017-05-31,231.37
2017-06-01,221.83
2017-06-02,224.32
2017-06-03,225.4
2017-06-04,247.43
2017-06-05,248.93
2017-06-06,266.14
2017-06-07,256.22
2017-06-08,260.34
2017-06-09,280.33
2017-06-10,337.79
2017-06-11,341.08
2017-06-12,398.43
2017-06-13,389.94
2017-06-14,347.78
2017-06-15,346.37
2017-06-16,358.28
2017-06-17,372.36
2017-06-18,359.44
2017-06-19,362.04
2017-06-20,358.05
2017-06-21,327.89
2017-06-22,326.96
2017-06-23,331.91
2017-06-24,310.05
2017-06-25,288.05
2017-06-26,258.92
2017-06-27,280.81
2017-06-28,317.29
2017-06-29,300.18
2017-06-30,284.69
2017-07-01,262.48
2017-07-02,286.13
2017-07-03,278.6
2017-07-04,269.74
2017-07-05,265.94
2017-07-06,267.47
2017-07-07,241.48
2017-07-08,246.21
2017-07-09,238.75
2017-07-10,210.53
2017-07-11,194.33
2017-07-12,222.14
2017-07-13,206.41
2017-07-14,197.97
2017-07-15,171.78
2017-07-16,156.47
2017-07-17,188.35
2017-07-18,228.5
2017-07-19,199.59
2017-07-20,223.46
2017-07-21,217.09
2017-07-22,231.14
2017-07-23,226.72
2017-07-24,224.91
2017-07-25,206.81
2017-07-26,200.33
2017-07-27,203.19
2017-07-28,192.59
2017-07-29,205.51
2017-07-30,197.2
2017-07-31,203.29
2017-08-01,227.08
2017-08-02,219.06
2017-08-03,224.87
2017-08-04,221.67
2017-08-05,253.16
2017-08-06,263.22
2017-08-07,268.5
2017-08-08,295.15
2017-08-09,297.07
2017-08-10,296.78
2017-08-11,306.83
2017-08-12,308.63
2017-08-13,297.16
2017-08-14,296.4
2017-08-15,288.45
2017-08-16,300.04
2017-08-17,300.57
2017-08-18,296.11
2017-08-19,296.62
2017-08-20,295.17
2017-08-21,322.2
2017-08-22,312.17
2017-08-23,316.79
2017-08-24,321.79
2017-08-25,329.03
2017-08-26,329.87
2017-08-27,343.34
2017-08-28,344.2
2017-08-29,366.81
2017-08-30,378.91
2017-08-31,382.93
2017-09-01,386.34
2017-09-02,346.4
2017-09-03,349.93
2017-09-04,299.72
2017-09-05,318.97
2017-09-06,333.21
2017-09-07,329.42
2017-09-08,304.48
2017-09-09,299.69
2017-09-10,292.78
2017-09-11,296.48
2017-09-12,290.59
2017-09-13,277.33
2017-09-14,214.31
2017-09-15,246.92
2017-09-16,244.81
2017-09-17,249.67
2017-09-18,287.96
2017-09-19,280.45
2017-09-20,279.42
2017-09-21,257.47
2017-09-22,263.47
2017-09-23,283.22
2017-09-24,280.68
2017-09-25,288.09
2017-09-26,283.93
2017-09-27,302.15
2017-09-28,294.31
2017-09-29,288.11
2017-09-30,297.27
2017-10-01,299.67
2017-10-02,295.84
2017-10-03,292.21
2017-10-04,293.04
2017-10-05,293.72
2017-10-06,307.71
2017-10-07,309.6
2017-10-08,307.06
2017-10-09,295.9
2017-10-10,299.92
2017-10-11,303.25
2017-10-12,302.02
2017-10-13,337.95
2017-10-14,335.34
2017-10-15,335.39
2017-10-16,331.97
2017-10-17,317.9
2017-10-18,314.46
2017-10-19,308.47
2017-10-20,302.36
2017-10-21,300.69
2017-10-22,295.49
2017-10-23,289.41
2017-10-24,298.76
2017-10-25,298.48
2017-10-26,295.71
2017-10-27,297.93
2017-10-28,296.46
2017-10-29,303.74
2017-10-30,306.25
2017-10-31,303.54
2017-11-01,292.33
2017-11-02,287.07
2017-11-03,305.84
2017-11-04,299.95
2017-11-05,297.52
2017-11-06,301.37
2017-11-07,295.24
2017-11-08,308.93
2017-11-09,322.33
2017-11-10,301.35
2017-11-11,316.26
2017-11-12,314.17
2017-11-13,315.34
2017-11-14,338.94
2017-11-15,334.29
2017-11-16,330.02
2017-11-17,333.35
2017-11-18,348.75
2017-11-19,353.44
2017-11-20,365.79
2017-11-21,361.06
2017-11-22,379.41
2017-11-23,412.56
2017-11-24,475.0
2017-11-25,467.45
2017-11-26,469.0
2017-11-27,484.36
2017-11-28,474.18
2017-11-29,428.35
2017-11-30,454.16
2017-12-01,469.86
2017-12-02,469.86
2017-12-03,461.88
2017-12-04,472.25
2017-12-05,467.02
2017-12-06,448.33
2017-12-07,451.83
2017-12-08,467.88
2017-12-09,482.04
2017-12-10,446.69
2017-12-11,509.0
2017-12-12,661.84
2017-12-13,709.88
2017-12-14,704.62
2017-12-15,693.1
2017-12-16,702.24
2017-12-17,728.7
2017-12-18,798.12
2017-12-19,829.99
2017-12-20,813.4
2017-12-21,812.89
2017-12-22,669.28
2017-12-23,715.72
2017-12-24,686.21
2017-12-25,733.9
2017-12-26,774.11
2017-12-27,764.97
2017-12-28,736.84
2017-12-29,755.34
2017-12-30,736.91
2017-12-31,774.7
2018-01-01,776.08
2018-01-02,876.89
2018-01-03,963.06
2018-01-04,978.42
2018-01-05,1004.89
2018-01-06,1052.02
2018-01-07,1137.65
2018-01-08,1184.92
2018-01-09,1361.44
2018-01-10,1345.59
2018-01-11,1181.65
2018-01-12,1315.62
2018-01-13,1448.18
2018-01-14,1410.0
2018-01-15,1329.67
2018-01-16,1068.6
2018-01-17,1022.37
2018-01-18,1036.07
2018-01-19,1046.9
2018-01-20,1172.92
2018-01-21,1053.63
2018-01-22,1000.39
2018-01-23,991.67
2018-01-24,1056.88
2018-01-25,1059.32
2018-01-26,1048.8
2018-01-27,1095.78
2018-01-28,1237.32
2018-01-29,1169.63
2018-01-30,1161.91
2018-01-31,1058.1
2018-02-01,1106.14
2018-02-02,1021.27
2018-02-03,914.64
2018-02-04,941.8
2018-02-05,834.89
2018-02-06,684.31
2018-02-07,785.74
2018-02-08,751.89
2018-02-09,807.82
2018-02-10,871.33
2018-02-11,854.35
2018-02-12,817.29
2018-02-13,862.75
2018-02-14,833.78
2018-02-15,915.08
2018-02-16,928.29
2018-02-17,934.68
2018-02-18,964.28
2018-02-19,915.09
2018-02-20,928.29
2018-02-21,902.97
2018-02-22,809.13
2018-02-23,812.45
2018-02-24,864.67
2018-02-25,828.72
2018-02-26,842.63
2018-02-27,863.65
2018-02-28,869.26
2018-03-01,846.37
2018-03-02,855.68
2018-03-03,850.44
2018-03-04,844.26
2018-03-05,843.76
2018-03-06,840.15
2018-03-07,808.45
2018-03-08,752.59
2018-03-09,699.19
2018-03-10,710.89
2018-03-11,684.93
2018-03-12,713.2
2018-03-13,695.31
2018-03-14,684.64
2018-03-15,608.39
2018-03-16,612.44
2018-03-17,607.88
2018-03-18,560.11
2018-03-19,538.69
2018-03-20,555.08
2018-03-21,554.21
2018-03-22,561.15
2018-03-23,537.71
2018-03-24,538.11
2018-03-25,519.49
2018-03-26,519.38
2018-03-27,487.54
2018-03-28,449.05
2018-03-29,443.95
2018-03-30,385.33
2018-03-31,395.33
2018-04-01,395.8
2018-04-02,379.12
2018-04-03,384.83
2018-04-04,415.72
2018-04-05,380.28
2018-04-06,384.46
2018-04-07,369.91
2018-04-08,383.45
2018-04-09,396.98
2018-04-10,398.77
2018-04-11,412.69
2018-04-12,427.38
2018-04-13,488.61
2018-04-14,488.99
2018-04-15,495.11
2018-04-16,525.53
2018-04-17,507.11
2018-04-18,498.47
2018-04-19,517.37
2018-04-20,566.39
2018-04-21,590.27
2018-04-22,600.26
2018-04-23,617.2
2018-04-24,636.37
2018-04-25,705.03
2018-04-26,613.73
2018-04-27,657.06
2018-04-28,641.99
2018-04-29,672.6
2018-04-30,680.12
2018-05-01,662.73
2018-05-02,665.23
2018-05-03,676.55
2018-05-04,781.43
2018-05-05,777.91
2018-05-06,807.07
2018-05-07,785.89
2018-05-08,748.81
2018-05-09,744.32
2018-05-10,743.64
2018-05-11,717.41
2018-05-12,675.29
2018-05-13,683.17
2018-05-14,726.87
2018-05-15,727.8
2018-05-16,703.16
2018-05-17,702.45
2018-05-18,665.63
2018-05-19,686.21
2018-05-20,685.85
2018-05-21,703.81
2018-05-22,688.91
2018-05-23,641.1
2018-05-24,581.24
2018-05-25,597.85
2018-05-26,582.28
2018-05-27,580.48
2018-05-28,565.93
2018-05-29,511.62
2018-05-30,561.74
2018-05-31,555.35
2018-06-01,571.73
2018-06-02,573.83
2018-06-03,583.13
2018-06-04,609.29
2018-06-05,586.58
2018-06-06,600.68
2018-06-07,598.22
2018-06-08,595.13
2018-06-09,590.5
2018-06-10,581.12
2018-06-11,523.0
2018-06-12,529.13
2018-06-13,495.08
2018-06-14,474.86
2018-06-15,516.64
2018-06-16,485.43
2018-06-17,493.07
2018-06-18,491.4
2018-06-19,512.43
2018-06-20,532.0
2018-06-21,529.76
2018-06-22,520.67
2018-06-23,463.94
2018-06-24,472.98
2018-06-25,452.6
2018-06-26,431.82
2018-06-28,439.04
2018-06-29,422.82
2018-06-30,434.66
2018-07-01,448.06
2018-07-03,471.86
2018-07-05,463.4
2018-07-06,467.01
2018-07-07,467.6
2018-07-08,484.56
2018-07-09,484.31
2018-07-10,467.51
2018-07-11,431.53
2018-07-12,442.92
2018-07-13,428.64
2018-07-14,431.2
2018-07-15,446.9
2018-07-16,473.25
2018-07-17,497.59
2018-07-18,475.99
2018-07-19,465.12
2018-07-20,447.2
2018-07-22,458.82
2018-07-23,456.39
2018-07-24,446.97
2018-07-25,480.09
2018-07-26,471.17
2018-07-27,461.05
2018-07-28,465.9
2018-07-29,466.42
2018-07-31,457.96
2018-08-01,432.44
2018-08-02,424.26
2018-08-03,410.95
2018-08-04,416.96
2018-08-05,407.13
2018-08-07,404.86
2018-08-08,354.13
2018-08-10,364.49
2018-08-11,323.2
2018-08-13,319.87
2018-08-14,284.4
2018-08-15,280.98
2018-08-17,286.32
2018-08-18,294.6
2018-08-19,299.35
2018-08-21,272.5
2018-08-22,279.55
2018-08-23,272.34
2018-08-24,275.79
2018-08-25,281.8
2018-08-26,277.3
2018-08-27,274.23
2018-08-28,287.28
2018-08-29,295.5
2018-08-30,289.12
2018-08-31,285.09
2018-09-01,295.65
2018-09-02,294.59
2018-09-03,289.07
2018-09-04,285.49
2018-09-06,228.96
2018-09-08,215.46
2018-09-09,196.95
2018-09-10,197.03
2018-09-11,197.02
2018-09-12,184.67
2018-09-13,188.21
2018-09-14,211.46
2018-09-15,223.11
2018-09-17,221.86
2018-09-18,210.15
2018-09-19,208.83
2018-09-20,223.52
2018-09-21,246.74
2018-09-22,241.1
2018-09-24,243.76
2018-09-25,224.89
2018-09-26,218.91
2018-09-28,229.5
2018-09-29,231.36
2018-09-30,233.37
2018-10-02,230.73
2018-10-03,220.58
2018-10-04,222.24
2018-10-06,227.83
2018-10-07,225.11
2018-10-09,229.56
2018-10-10,227.53
2018-10-12,191.61
2018-10-13,196.77
2018-10-14,201.08
2018-10-15,195.79
2018-10-16,211.34
2018-10-17,212.35
2018-10-19,204.24
2018-10-20,203.96
2018-10-21,206.87
2018-10-22,206.11
2018-10-23,205.12
2018-10-24,204.15
2018-10-25,202.52
2018-10-27,203.62
2018-10-28,203.23
2018-10-29,204.88
2018-10-31,197.25
2018-11-01,199.17
2018-11-02,202.49
2018-11-03,200.08
2018-11-04,206.84
2018-11-05,208.62
2018-11-06,218.58
2018-11-07,218.5
2018-11-08,213.58
2018-11-09,210.89
2018-11-11,212.63
2018-11-12,211.66
2018-11-14,207.81
2018-11-16,182.51
2018-11-17,175.72
2018-11-18,175.7
2018-11-19,177.92
2018-11-20,149.69
2018-11-21,132.54
2018-11-22,136.43
2018-11-23,123.88
2018-11-24,114.11
2018-11-25,117.25
2018-11-26,108.86
2018-11-27,110.58
2018-11-28,122.33
2018-11-30,117.92
2018-12-01,113.4
2018-12-02,118.1
2018-12-03,115.94
2018-12-04,108.5
2018-12-05,109.85
2018-12-06,102.25
2018-12-07,91.1
2018-12-08,92.97
2018-12-09,90.68
2018-12-10,93.53
2018-12-11,89.85
2018-12-12,87.85
2018-12-13,89.38
2018-12-14,85.96
2018-12-15,83.79
2018-12-16,83.83
2018-12-17,84.47
2018-12-18,93.99
2018-12-19,100.05
2018-12-20,99.64
2018-12-21,113.96
2018-12-22,108.02
2018-12-23,115.05
2018-12-24,129.21
2018-12-25,138.96
2018-12-26,127.64
2018-12-27,129.4
2018-12-28,114.17
2018-12-29,134.84
2018-12-30,138.75
2018-12-31,137.85
2019-01-01,131.46
2019-01-02,138.57
2019-01-03,152.86
2019-01-04,146.73
2019-01-05,153.06
2019-01-06,153.65
2019-01-07,154.72
2019-01-08,149.9
2019-01-09,148.1
2019-01-10,148.74
2019-01-11,126.5
2019-01-12,125.11
2019-01-13,123.76
2019-01-14,114.87
2019-01-15,127.54
2019-01-16,119.81
2019-01-17,121.86
2019-01-18,121.93
2019-01-19,119.17
2019-01-20,122.93
2019-01-21,117.61
2019-01-22,115.83
2019-01-23,117.82
2019-01-24,116.42
2019-01-25,116.25
2019-01-26,115.16
2019-01-27,115.34
2019-01-28,112.4
2019-01-29,105.35
2019-01-30,104.78
2019-01-31,108.48
2019-02-01,106.15
2019-02-02,107.37
2019-02-03,108.78
2019-02-04,107.2
2019-02-05,107.62
2019-02-06,107.32
2019-02-07,104.62
2019-02-08,104.27
2019-02-09,119.33
2019-02-10,119.48
2019-02-11,124.89
2019-02-12,120.97
2019-02-13,122.54
2019-02-14,122.02
2019-02-15,120.59
2019-02-16,121.5
2019-02-17,122.94
2019-02-18,133.88
2019-02-19,145.33
2019-02-20,143.66
2019-02-21,148.87
2019-02-22,145.3
2019-02-23,148.04
2019-02-24,157.59
2019-02-25,136.05
2019-02-26,138.01
2019-02-27,136.0
2019-02-28,134.85
2019-03-01,135.49
2019-03-02,134.95
2019-03-03,132.41
2019-03-04,130.54
2019-03-05,125.62
2019-03-06,136.24
2019-03-07,137.33
2019-03-08,136.79
2019-03-09,133.54
2019-03-10,137.05
2019-03-11,135.62
2019-03-12,132.39
2019-03-13,133.52
2019-03-14,131.67
2019-03-15,132.27
2019-03-16,136.45
2019-03-17,141.09
2019-03-18,138.62
2019-03-19,137.66
2019-03-20,138.41
2019-03-21,139.03
2019-03-22,135.03
2019-03-23,136.21
2019-03-24,137.2
2019-03-25,136.06
2019-03-26,133.71
2019-03-27,134.05
2019-03-28,139.4
2019-03-29,137.8
2019-03-30,143.08
2019-03-31,142.27
2019-04-01,141.52
2019-04-02,141.34
2019-04-03,163.77
2019-04-04,159.86
2019-04-05,157.61
2019-04-06,165.16
2019-04-07,165.18
2019-04-08,174.09
2019-04-09,179.78
2019-04-10,175.04
2019-04-11,177.15
2019-04-12,165.53
2019-04-13,164.41
2019-04-14,163.97
2019-04-15,167.85
2019-04-16,160.49
2019-04-17,166.48
2019-04-18,166.28
2019-04-19,173.67
2019-04-20,173.24
2019-04-21,173.36
2019-04-22,169.99
2019-04-23,171.04
2019-04-24,170.55
2019-04-25,165.6
2019-04-26,154.23
2019-04-27,156.56
2019-04-28,158.26
2019-04-29,156.59
2019-04-30,154.12
2019-05-01,160.89
2019-05-02,159.61
2019-05-03,160.92
2019-05-04,166.63
2019-05-05,162.81
2019-05-06,162.38
2019-05-07,172.45
2019-05-08,169.1
2019-05-09,170.1
2019-05-10,170.52
2019-05-11,172.76
2019-05-12,195.08
2019-05-13,187.81
2019-05-14,195.97
2019-05-15,217.69
2019-05-16,248.29
2019-05-17,264.9
2019-05-18,245.14
2019-05-19,234.68
2019-05-20,260.44
2019-05-21,251.73
2019-05-22,254.76
2019-05-23,244.22
2019-05-24,245.23
2019-05-25,248.91
2019-05-26,251.09
2019-05-27,266.21
2019-05-28,272.18
2019-05-29,271.56
2019-05-30,268.73
2019-05-31,255.21
2019-06-01,267.87
2019-06-02,264.79
2019-06-03,269.72
2019-06-04,251.2
2019-06-05,240.91
2019-06-06,245.89
2019-06-07,249.66
2019-06-08,249.99
2019-06-09,244.12
2019-06-10,231.68
2019-06-11,247.45
2019-06-12,245.57
2019-06-13,261.68
2019-06-14,255.22
2019-06-15,263.56
2019-06-16,268.43
2019-06-17,268.91
2019-06-18,273.58
2019-06-19,265.1
2019-06-20,268.99
2019-06-21,272.29
2019-06-22,295.24
2019-06-23,309.95
2019-06-24,308.19
2019-06-25,310.97
2019-06-26,318.69
2019-06-27,337.99
2019-06-28,297.67
2019-06-29,310.91
2019-06-30,319.95
2019-07-01,292.84
2019-07-02,294.55
2019-07-03,291.2
2019-07-04,303.88
2019-07-05,285.34
2019-07-06,287.8
2019-07-07,289.36
2019-07-08,306.01
2019-07-09,313.12
2019-07-10,308.06
2019-07-11,290.23
2019-07-12,269.63
2019-07-13,276.04
2019-07-14,270.32
2019-07-15,227.64
2019-07-16,229.19
2019-07-17,199.15
2019-07-18,211.42
2019-07-19,225.94
2019-07-20,221.16
2019-07-21,228.9
2019-07-22,226.15
2019-07-23,217.75
2019-07-24,212.74
2019-07-25,216.51
2019-07-26,219.49
2019-07-27,219.19
2019-07-28,206.93
2019-07-29,211.17
2019-07-30,210.94
2019-07-31,209.69
2019-08-01,218.59
2019-08-02,216.87
2019-08-03,217.71
2019-08-04,221.61
2019-08-05,221.99
2019-08-06,232.73
2019-08-07,226.46
2019-08-08,225.64
2019-08-09,221.33
2019-08-10,210.25
2019-08-11,206.46
2019-08-12,216.5
2019-08-13,211.13
2019-08-14,209.05
2019-08-15,185.66
2019-08-16,188.34
2019-08-17,185.15
2019-08-18,185.76
2019-08-20,202.78
2019-08-21,196.16
2019-08-22,187.5
2019-08-23,191.52
2019-08-24,194.21
2019-08-25,190.66
2019-08-26,186.32
2019-08-27,188.43
2019-08-28,187.27
2019-08-29,173.03
2019-08-30,168.93
2019-08-31,168.64
2019-09-01,171.94
2019-09-02,170.73
2019-09-04,178.83
2019-09-05,174.65
2019-09-06,173.9
2019-09-07,169.42
2019-09-08,177.89
2019-09-09,181.48
2019-09-10,180.6
2019-09-12,178.08
2019-09-13,181.01
2019-09-14,181.21
2019-09-15,188.31
2019-09-16,189.76
2019-09-17,197.71
2019-09-18,208.81
2019-09-19,210.15
2019-09-20,221.38
2019-09-21,218.08
2019-09-22,215.35
2019-09-23,210.71
2019-09-24,201.0
2019-09-25,168.2
2019-09-26,170.08
2019-09-27,166.22
2019-09-28,173.9
2019-09-29,174.43
2019-09-30,168.91
2019-10-01,179.76
2019-10-03,180.58
2019-10-04,174.63
2019-10-05,175.86
2019-10-06,176.28
2019-10-07,170.61
2019-10-08,180.14
2019-10-09,180.79
2019-10-10,193.34
2019-10-12,180.55
2019-10-13,179.95
2019-10-14,181.29
2019-10-15,186.62
2019-10-16,180.75
2019-10-17,174.9
2019-10-18,177.48
2019-10-19,172.89
2019-10-20,171.69
2019-10-21,175.21
2019-10-22,174.35
2019-10-23,171.43
2019-10-24,161.79
2019-10-25,160.68
2019-10-26,181.45
2019-10-27,179.54
2019-10-28,184.15
2019-10-29,181.86
2019-10-30,190.51
2019-10-31,183.13
2019-11-01,182.43
2019-11-02,183.06
2019-11-03,183.22
2019-11-04,181.82
2019-11-05,185.76
2019-11-06,188.67
2019-11-07,191.3
2019-11-08,186.82
2019-11-09,183.67
2019-11-10,184.93
2019-11-11,189.07
2019-11-12,184.84
2019-11-13,187.04
2019-11-14,187.84
2019-11-15,184.79
2019-11-16,180.17
2019-11-17,182.6
2019-11-18,183.99
2019-11-19,177.92
2019-11-20,175.82
2019-11-21,174.68
2019-11-22,161.15
2019-11-23,149.93
2019-11-24,151.97
2019-11-25,140.25
2019-11-26,146.35
2019-11-27,147.58
2019-11-28,152.62
2019-11-29,150.92
2019-11-30,154.26
2019-12-01,151.55
2019-12-02,151.02
2019-12-03,148.87
2019-12-04,147.13
2019-12-05,145.4
2019-12-06,147.8
2019-12-07,148.55
2019-12-08,147.04
2019-12-09,150.3
2019-12-10,147.4
2019-12-11,145.57
2019-12-12,143.13
2019-12-13,144.82
2019-12-14,144.62
2019-12-15,141.82
2019-12-16,142.21
2019-12-17,132.69
2019-12-18,121.8
2019-12-19,132.74
2019-12-20,128.14
2019-12-21,128.29
2019-12-22,127.06
2019-12-23,132.18
2019-12-24,128.1
2019-12-25,127.94
2019-12-26,125.13
2019-12-27,125.35
2019-12-28,126.31
2019-12-29,127.98
2019-12-30,134.33
2019-12-31,131.18
2020-01-01,128.81
2020-01-02,130.54
2020-01-03,127.05
2020-01-04,133.7
2020-01-05,134.14
2020-01-06,135.16
2020-01-07,143.81
2020-01-08,143.02
2020-01-09,140.27
2020-01-10,137.67
2020-01-11,144.6
2020-01-12,142.18
2020-01-13,145.22
2020-01-14,143.59
2020-01-15,165.99
2020-01-16,166.26
2020-01-17,163.81
2020-01-18,170.56
2020-01-19,174.24
2020-01-20,166.63
2020-01-21,166.62
2020-01-22,169.28
2020-01-23,167.83
2020-01-24,163.05
2020-01-25,162.25
2020-01-26,160.2
2020-01-27,167.65
2020-01-28,169.74
2020-01-29,175.19
2020-01-30,173.71
2020-01-31,184.73
2020-02-01,179.23
2020-02-02,183.52
2020-02-03,188.55
2020-02-04,189.83
2020-02-05,188.84
2020-02-06,203.86
2020-02-07,212.73
2020-02-08,223.37
2020-02-09,223.3
2020-02-10,228.29
2020-02-11,224.15
2020-02-12,236.79
2020-02-13,265.7
2020-02-14,267.94
2020-02-15,284.73
2020-02-16,263.9
2020-02-17,261.3
2020-02-18,267.94
2020-02-19,281.95
2020-02-20,259.24
2020-02-21,257.99
2020-02-22,265.1
2020-02-23,261.42
2020-02-24,274.63
2020-02-25,265.24
2020-02-26,248.32
2020-02-27,224.81
2020-02-28,225.43
2020-02-29,227.37
2020-03-01,218.35
2020-03-02,218.94
2020-03-03,231.68
2020-03-04,223.72
2020-03-05,224.48
2020-03-06,228.08
2020-03-07,244.24
2020-03-08,237.67
2020-03-09,198.93
2020-03-10,200.85
2020-03-11,200.75
2020-03-12,194.74
2020-03-13,110.6
2020-03-14,132.57
2020-03-15,122.61
2020-03-16,123.69
2020-03-17,110.99
2020-03-18,117.22
2020-03-19,117.85
2020-03-20,136.81
2020-03-21,131.96
2020-03-22,132.31
2020-03-23,122.52
2020-03-24,135.59
2020-03-25,138.9
2020-03-26,136.23
2020-03-27,139.0
2020-03-28,131.65
2020-03-29,131.42
2020-03-30,125.32
2020-03-31,132.36
2020-04-01,133.54
2020-04-03,141.45
2020-04-04,141.26
2020-04-05,144.2
2020-04-06,142.85
2020-04-07,170.43
2020-04-08,164.53
2020-04-09,172.73
2020-04-10,170.09
2020-04-11,157.74
2020-04-12,158.59
2020-04-13,158.86
2020-04-14,156.7
2020-04-15,158.27
2020-04-16,153.22
2020-04-17,171.78
2020-04-18,170.45
2020-04-19,187.14
2020-04-20,180.06
2020-04-21,170.7
2020-04-22,170.45
2020-04-23,182.28
2020-04-24,184.59
2020-04-25,187.34
2020-04-26,194.11
2020-04-27,197.23
2020-04-28,196.46
2020-04-29,197.15
2020-04-30,215.55
2020-05-01,205.56
2020-05-02,211.97
2020-05-03,213.84
2020-05-04,210.02
2020-05-05,206.83
2020-05-06,205.24
2020-05-07,199.21
2020-05-08,211.76
2020-05-09,211.69
2020-05-10,210.43
2020-05-11,188.14
2020-05-12,185.67
2020-05-13,189.31
2020-05-14,199.37
2020-05-15,203.21
2020-05-16,194.27
2020-05-17,200.58
2020-05-18,206.77
2020-05-19,214.36
2020-05-20,213.69
2020-05-21,209.92
2020-05-22,198.92
2020-05-23,206.85
2020-05-24,206.0
2020-05-25,200.69
2020-05-26,203.81
2020-05-27,200.96
2020-05-28,207.85
2020-05-29,219.59
2020-05-30,220.49
2020-05-31,242.71
2020-06-01,232.33
2020-06-02,248.04
2020-06-03,237.27
2020-06-04,244.13
2020-06-05,243.4
2020-06-06,240.25
2020-06-07,241.89
2020-06-08,244.32
2020-06-09,246.22
2020-06-10,243.85
2020-06-11,248.06
2020-06-12,231.59
2020-06-13,237.59
2020-06-14,238.19
2020-06-15,232.21
2020-06-16,231.02
2020-06-17,235.29
2020-06-18,233.86
2020-06-19,231.68
2020-06-20,229.2
2020-06-21,228.87
2020-06-22,227.65
2020-06-23,243.21
2020-06-24,243.15
2020-06-25,234.68
2020-06-26,232.31
2020-06-27,229.64
2020-06-28,221.03
2020-06-29,225.12
2020-06-30,227.98
2020-07-01,225.37
2020-07-02,230.66
2020-07-03,226.57
2020-07-04,225.18
2020-07-05,229.09
2020-07-06,227.9
2020-07-07,241.53
2020-07-08,238.96
2020-07-09,246.86
2020-07-10,241.96
2020-07-11,240.98
2020-07-12,239.1
2020-07-13,241.77
2020-07-14,239.36
2020-07-15,240.25
2020-07-16,238.66
2020-07-17,233.61
2020-07-18,232.71
2020-07-19,235.68
2020-07-20,238.9
2020-07-21,236.06
2020-07-22,245.38
2020-07-23,263.76
2020-07-24,274.49
2020-07-25,279.43
2020-07-26,305.04
2020-07-27,311.27
2020-07-28,320.48
2020-07-29,317.16
2020-07-30,317.54
2020-07-31,335.84
2020-08-01,346.0
2020-08-02,387.94
2020-08-03,370.73
2020-08-04,386.25
2020-08-05,389.38
2020-08-06,400.18
2020-08-07,394.54
2020-08-08,379.61
2020-08-09,394.72
2020-08-10,390.76
2020-08-11,395.62
2020-08-12,379.17
2020-08-13,386.77
2020-08-14,425.19
2020-08-15,436.99
2020-08-16,432.65
2020-08-17,433.43
2020-08-18,430.03
2020-08-19,422.11
2020-08-20,406.09
2020-08-21,416.47
2020-08-22,386.82
2020-08-23,395.89
2020-08-24,390.79
2020-08-25,408.27
2020-08-26,382.45
2020-08-27,385.75
2020-08-28,382.85
2020-08-29,395.14
2020-08-30,398.47
2020-08-31,428.85
2020-09-01,435.69
2020-09-02,475.68
2020-09-03,439.35
2020-09-04,383.69
2020-09-05,388.27
2020-09-06,334.47
2020-09-07,352.99
2020-09-08,351.88
2020-09-09,337.85
2020-09-10,351.23
2020-09-11,367.79
2020-09-12,373.91
2020-09-13,387.72
2020-09-14,366.1
2020-09-15,376.78
2020-09-16,364.36
2020-09-17,364.94
2020-09-18,389.25
2020-09-19,383.17
2020-09-20,385.04
2020-09-21,370.97
2020-09-22,341.28
2020-09-23,343.92
2020-09-24,320.02
2020-09-25,348.82
2020-09-26,351.81
2020-09-27,353.89
2020-09-28,357.07
2020-09-29,354.43
2020-09-30,359.6
2020-10-01,359.35
2020-10-02,353.2
2020-10-03,345.91
2020-10-04,346.05
2020-10-05,352.46
2020-10-06,353.6
2020-10-07,340.62
2020-10-08,341.74
2020-10-09,351.36
2020-10-10,365.03
2020-10-11,371.37
2020-10-12,374.5
2020-10-13,386.88
2020-10-14,381.08
2020-10-15,379.57
2020-10-16,377.16
2020-10-17,365.66
2020-10-18,368.65
2020-10-19,377.97
2020-10-20,378.88
2020-10-21,368.31
2020-10-22,391.17
2020-10-23,413.56
2020-10-24,409.25
2020-10-25,410.66
2020-10-26,405.0
2020-10-27,393.51
2020-10-28,403.53
2020-10-29,389.47
2020-10-30,386.86
2020-10-31,382.07
2020-11-01,385.84
2020-11-02,394.94
2020-11-03,381.64
2020-11-04,388.42
2020-11-05,401.73
2020-11-06,415.93
2020-11-07,459.17
2020-11-08,434.09
2020-11-09,453.48
2020-11-10,442.92
2020-11-11,449.72
2020-11-12,454.72
2020-11-13,463.28
2020-11-14,474.66
2020-11-15,462.01
2020-11-17,464.11
2020-11-18,483.15
2020-11-20,471.32
2020-11-22,550.5
2020-11-23,562.93
2020-11-24,608.27
2020-11-25,601.9
2020-11-26,568.28
2020-11-27,517.22
2020-11-28,515.83
2020-11-29,536.74
2020-11-30,576.22
2020-12-01,613.16
2020-12-02,587.88
2020-12-03,598.76
2020-12-04,614.87
2020-12-05,564.08
2020-12-06,595.92
2020-12-07,601.69
2020-12-08,590.46
2020-12-09,554.56
2020-12-10,573.42
2020-12-11,559.4
2020-12-12,548.66
2020-12-13,568.47
2020-12-14,586.36
2020-12-15,586.79
2020-12-16,588.81
2020-12-17,640.75
2020-12-18,639.04
2020-12-19,654.37
2020-12-20,659.32
2020-12-21,638.37
2020-12-22,611.8
2020-12-23,636.7
2020-12-24,586.21
2020-12-25,610.18
2020-12-26,626.46
2020-12-27,636.52
2020-12-28,687.37
2020-12-29,731.76
2020-12-30,735.98
2020-12-31,753.39
2021-01-01,731.74
2021-01-02,730.15
2021-01-03,773.38
2021-01-04,967.0
2021-01-05,1043.94
2021-01-06,1103.36
2021-01-07,1208.58
2021-01-08,1226.43
2021-01-09,1223.73
2021-01-10,1290.94
2021-01-11,1242.92
2021-01-12,1092.91
2021-01-13,1016.11
2021-01-14,1132.02
2021-01-15,1240.79
2021-01-16,1194.14
2021-01-17,1225.9
2021-01-18,1229.38
2021-01-19,1255.75
2021-01-20,1383.48
2021-01-21,1373.6
2021-01-22,1122.91
2021-01-23,1208.76
2021-01-24,1222.77
2021-01-25,1392.54
2021-01-26,1342.66
2021-01-27,1356.72
2021-01-28,1247.09
2021-01-29,1338.34
2021-01-30,1380.28
2021-01-31,1372.43
2021-02-01,1310.26
2021-02-02,1366.18
2021-02-03,1511.9
2021-02-04,1669.69
2021-02-05,1596.08
2021-02-06,1728.19
2021-02-07,1677.81
2021-02-08,1608.64
2021-02-09,1770.21
2021-02-10,1769.05
2021-02-11,1739.16
2021-02-12,1784.34
2021-02-13,1841.2
2021-02-14,1812.86
2021-02-15,1800.1
2021-02-16,1777.71
2021-02-17,1782.84
2021-02-18,1845.57
2021-02-19,1942.98
2021-02-20,1968.86
2021-02-21,1929.37
2021-02-22,1941.43
2021-02-23,1789.67
2021-02-24,1563.92
2021-02-25,1628.39
2021-02-26,1468.86
2021-02-27,1451.09
2021-02-28,1480.13
2021-03-01,1414.82
2021-03-02,1569.91
2021-03-03,1497.09
2021-03-04,1570.0
2021-03-05,1546.5
2021-03-06,1539.05
2021-03-07,1659.59
2021-03-08,1727.46
2021-03-09,1837.15
2021-03-10,1869.33
2021-03-11,1802.31
2021-03-12,1831.43
2021-03-13,1768.89
2021-03-14,1927.72
2021-03-15,1856.71
2021-03-16,1791.05
2021-03-17,1808.55
2021-03-18,1828.75
2021-03-19,1748.01
2021-03-20,1823.89
2021-03-21,1823.2
2021-03-22,1790.38
2021-03-23,1680.31
2021-03-24,1673.86
2021-03-25,1584.85
2021-03-26,1585.94
2021-03-27,1723.93
2021-03-28,1713.84
2021-03-29,1687.08
2021-03-30,1818.04
2021-03-31,1840.29
2021-04-01,1926.05
2021-04-02,1963.3
2021-04-03,2140.12
2021-04-04,2007.51
2021-04-05,2078.74
2021-04-06,2102.59
2021-04-07,2113.24
2021-04-08,1976.35
2021-04-09,2081.57
2021-04-10,2069.67
2021-04-11,2140.76
2021-04-12,2150.27
2021-04-13,2140.93
2021-04-14,2309.21
2021-04-15,2429.66
2021-04-16,2516.29
2021-04-17,2432.67
2021-04-18,2329.91
2021-04-19,2220.49
2021-04-20,2168.03
2021-04-21,2337.55
2021-04-22,2373.5
2021-04-23,2416.71
2021-04-24,2371.56
2021-04-25,2212.84
2021-04-26,2307.36
2021-04-27,2532.39
2021-04-28,2662.19
2021-04-29,2748.78
2021-04-30,2757.5
2021-05-01,2776.7
2021-05-02,2946.09
2021-05-03,2953.78
2021-05-04,3438.14
2021-05-05,3245.66
2021-05-06,3527.88
2021-05-07,3495.08
2021-05-08,3493.53
2021-05-09,3912.74
2021-05-10,3932.75
2021-05-11,3979.61
2021-05-12,4182.79
2021-05-13,3906.11
2021-05-14,3750.34
2021-05-15,4088.73
2021-05-16,3659.92
2021-05-17,3602.0
2021-05-18,3288.23
2021-05-19,3399.05
2021-05-20,2543.16
2021-05-21,2835.65
2021-05-22,2437.22
2021-05-23,2289.59
2021-05-24,2125.68
2021-05-25,2649.59
2021-05-26,2695.48
2021-05-27,2895.23
2021-05-28,2742.99
2021-05-29,2426.01
2021-05-30,2270.47
2021-05-31,2395.85
2021-06-01,2729.64
2021-06-02,2627.99
2021-06-03,2709.02
2021-06-04,2868.76
2021-06-05,2694.5
2021-06-06,2628.44
2021-06-07,2711.55
2021-06-08,2619.71
2021-06-09,2497.84
2021-06-10,2614.35
2021-06-11,2468.78
2021-06-12,2355.77
2021-06-13,2379.99
2021-06-14,2517.77
2021-06-15,2588.46
2021-06-16,2559.73
2021-06-17,2365.87
2021-06-18,2379.14
2021-06-19,2229.01
2021-06-20,2177.71
2021-06-21,2251.0
2021-06-22,1894.44
2021-06-23,1875.36
2021-06-24,1971.11
2021-06-25,1991.24
2021-06-26,1829.19
2021-06-27,1817.05
2021-06-28,1973.93
2021-06-29,2087.52
2021-06-30,2169.4
2021-07-01,2279.35
2021-07-02,2121.66
2021-07-03,2157.88
2021-07-04,2233.2
2021-07-05,2329.0
2021-07-06,2211.34
2021-07-07,2323.52
2021-07-08,2317.89
2021-07-09,2126.44
2021-07-10,2156.58
2021-07-11,2120.96
2021-07-12,2143.84
2021-07-13,2042.42
2021-07-14,1944.3
2021-07-15,1997.66
2021-07-16,1909.06
2021-07-17,1874.2
2021-07-18,1903.4
2021-07-19,1905.72
2021-07-20,1824.93
2021-07-21,1792.9
2021-07-22,2003.19
2021-07-23,2026.21
2021-07-24,2119.91
2021-07-25,2192.94
2021-07-26,2208.71
2021-07-27,2234.74
2021-07-28,2292.58
2021-07-29,2299.69
2021-07-30,2376.82
2021-07-31,2462.4
2021-08-01,2539.57
2021-08-02,2560.11
2021-08-03,2611.67
2021-08-04,2506.41
2021-08-05,2724.53
2021-08-06,2821.65
2021-08-07,2889.94
2021-08-08,3151.22
2021-08-09,3002.84
2021-08-10,3163.06
2021-08-11,3147.86
2021-08-12,3169.18
2021-08-13,3048.41
2021-08-14,3323.2
2021-08-15,3267.21
2021-08-16,3309.75
2021-08-17,3155.91
2021-08-18,3007.14
2021-08-19,3044.58
2021-08-20,3144.82
2021-08-21,3276.97
2021-08-22,3224.0
2021-08-23,3243.49
2021-08-24,3312.3
2021-08-25,3177.66
2021-08-26,3230.51
2021-08-27,3122.97
2021-08-28,3267.54
2021-08-29,3245.43
2021-08-30,3232.19
2021-08-31,3232.73
2021-09-01,3440.56
2021-09-02,3815.12
2021-09-03,3792.48
2021-09-04,3936.16
2021-09-05,3890.16
2021-09-06,3947.38
2021-09-07,3943.26
2021-09-08,3440.34
2021-09-09,3496.86
2021-09-10,3435.98
2021-09-11,3219.89
2021-09-12,3274.43
2021-09-13,3417.84
2021-09-14,3291.22
2021-09-15,3425.25
2021-09-16,3595.96
2021-09-17,3573.25
2021-09-18,3413.43
2021-09-19,3436.98
2021-09-20,3336.96
2021-09-21,2979.83
2021-09-22,2771.38
2021-09-23,3080.77
2021-09-24,3159.48
2021-09-25,2930.74
2021-09-26,2942.2
2021-09-27,3063.32
2021-09-28,2918.89
2021-09-29,2801.06
2021-09-30,2857.07
2021-10-01,3009.71
2021-10-02,3310.25
2021-10-03,3401.11
2021-10-04,3426.39
2021-10-05,3390.31
2021-10-06,3523.59
2021-10-07,3589.38
2021-10-08,3594.92
2021-10-09,3570.19
2021-10-10,3577.48
2021-10-11,3431.02
2021-10-12,3537.84
2021-10-13,3496.94
2021-10-14,3605.65
2021-10-15,3794.52
2021-10-16,3885.64
2021-10-17,3850.26
2021-10-18,3852.46
2021-10-19,3752.1
2021-10-20,3894.52
2021-10-21,4170.11
2021-10-22,4055.26
2021-10-23,3972.43
2021-10-24,4186.77
2021-10-25,4097.99
2021-10-26,4230.21
2021-10-27,4152.57
2021-10-28,3944.09
2021-10-29,4288.1
2021-10-30,4420.83
2021-10-31,4325.93
2021-11-01,4292.04
2021-11-02,4330.55
2021-11-03,4596.59
2021-11-04,4604.56
2021-11-05,4549.33
2021-11-06,4495.67
2021-11-07,4529.85
2021-11-08,4626.63
2021-11-09,4815.48
2021-11-10,4742.08
2021-11-11,4641.53
2021-11-12,4732.92
2021-11-13,4685.11
2021-11-14,4666.5
2021-11-15,4652.95
2021-11-16,4583.21
2021-11-17,4243.35
2021-11-18,4302.8
2021-11-19,3998.84
2021-11-20,4317.6
2021-11-21,4436.19
2021-11-22,4319.36
2021-11-23,4101.06
2021-11-24,4350.16
2021-11-25,4269.44
2021-11-26,4515.84
2021-11-27,4048.31
2021-11-28,4084.09
2021-11-29,4290.09
2021-11-30,4444.53
2021-12-01,4637.12
2021-12-02,4586.38
2021-12-03,4519.44
2021-12-04,4240.16
2021-12-05,4101.66
2021-12-06,4198.57
2021-12-07,4347.62
2021-12-08,4313.71
2021-12-09,4432.41
2021-12-10,4153.33
2021-12-11,3918.2
2021-12-12,4079.81
2021-12-13,4135.84
2021-12-14,3782.9
2021-12-15,3865.27
2021-12-16,4024.76
2021-12-17,3971.56
2021-12-18,3886.75
2021-12-19,3966.43
2021-12-20,3923.64
2021-12-21,3950.48
2021-12-22,4036.55
2021-12-23,3993.5
2021-12-24,4120.67
2021-12-25,4050.15
2021-12-26,4092.85
2021-12-27,4074.4
2021-12-28,4042.52
2021-12-29,3806.09
2021-12-30,3650.1
2021-12-31,3724.16
2022-01-01,3680.9
2022-01-02,3781.81
2022-01-03,3827.27
2022-01-04,3770.34
2022-01-05,3794.84
2022-01-06,3544.89
2022-01-07,3416.48
2022-01-08,3204.61
2022-01-09,3084.12
2022-01-10,3156.36
2022-01-11,3088.35
2022-01-12,3258.58
2022-01-13,3379.2
2022-01-14,3241.11
2022-01-15,3319.83
2022-01-16,3331.25
2022-01-17,3355.24
2022-01-18,3220.68
2022-01-19,3166.06
2022-01-20,3095.11
2022-01-21,3003.59
2022-01-22,2584.51
2022-01-23,2417.53
2022-01-24,2537.29
2022-01-25,2441.11
2022-01-26,2459.04
2022-01-27,2468.67
2022-01-28,2436.45
2022-01-29,2546.94
2022-01-30,2606.55
2022-01-31,2609.67
2022-02-01,2684.75
2022-02-02,2796.63
2022-02-03,2692.85
2022-02-04,2678.67
2022-02-05,2993.35
2022-02-06,3022.55
2022-02-07,3057.86
2022-02-08,3149.02
2022-02-09,3125.84
2022-02-10,3247.17
2022-02-11,3070.3
2022-02-12,2930.44
2022-02-13,2919.19
2022-02-14,2882.11
2022-02-15,2936.08
2022-02-16,3181.39
2022-02-17,3126.25
2022-02-18,2889.15
2022-02-19,2786.74
2022-02-20,2769.66
2022-02-21,2626.78
2022-02-22,2579.77
2022-02-23,2642.47
2022-02-24,2585.4
2022-02-25,2598.96
2022-02-26,2770.37
2022-02-27,2783.06
2022-02-28,2623.52
2022-03-01,2929.53
2022-03-02,2974.49
2022-03-03,2953.98
2022-03-04,2836.69
2022-03-05,2621.22
2022-03-06,2668.86
2022-03-07,2559.04
2022-03-08,2495.21
2022-03-09,2576.72
2022-03-10,2725.55
2022-03-11,2608.28
2022-03-12,2561.19
2022-03-13,2569.48
2022-03-14,2517.97
2022-03-15,2592.52
2022-03-16,2620.45
2022-03-17,2771.31
2022-03-18,2814.06
2022-03-19,2943.26
2022-03-20,2949.77
2022-03-21,2862.51
2022-03-22,2891.46
2022-03-23,2969.7
2022-03-24,3037.81
2022-03-25,3106.75
2022-03-26,3103.33
2022-03-27,3143.88
2022-03-28,3284.65
2022-03-29,3329.05
2022-03-30,3397.72
2022-03-31,3380.2
2022-04-01,3281.69
2022-04-02,3450.0
2022-04-03,3442.28
2022-04-04,3515.25
2022-04-05,3521.32
2022-04-06,3409.29
2022-04-07,3174.39
2022-04-08,3229.7
2022-04-09,3195.93
2022-04-10,3264.95
2022-04-11,3212.39
2022-04-12,2992.69
2022-04-13,3031.95
2022-04-14,3118.81
2022-04-15,3024.5
2022-04-16,3045.44
2022-04-17,3063.68
2022-04-18,2993.04
2022-04-19,3060.11
2022-04-20,3100.96
2022-04-21,3079.63
2022-04-22,2980.38
2022-04-23,2965.2
2022-04-24,2938.94
2022-04-25,2924.07
2022-04-26,3010.56
2022-04-27,2810.13
2022-04-28,2888.2
2022-04-29,2941.51
2022-04-30,2820.83
2022-05-01,2735.98
2022-05-02,2829.99
2022-05-03,2860.44
2022-05-04,2786.01
2022-05-05,2944.59
2022-05-06,2750.51
2022-05-07,2698.68
2022-05-08,2639.15
2022-05-09,2525.55
2022-05-10,2246.54
2022-05-11,2344.62
2022-05-12,2091.68
2022-05-13,1964.85
2022-05-14,2012.04
2022-05-15,2060.5
2022-05-16,2145.87
2022-05-17,2024.81
2022-05-18,2095.68
2022-05-19,1921.94
2022-05-21,1963.35
2022-05-22,1977.91
2022-05-23,2042.57
2022-05-24,1975.9
2022-05-25,1980.04
2022-05-26,1945.96
2022-05-27,1803.82
2022-05-28,1725.39
2022-05-29,1796.03
2022-05-30,1814.77
2022-05-31,1997.79
2022-06-01,1947.32
2022-06-02,1821.33
2022-06-03,1833.38
2022-06-04,1775.61
2022-06-05,1804.71
2022-06-06,1806.41
2022-06-07,1857.9
2022-06-08,1819.11
2022-06-09,1795.11
2022-06-10,1787.32
2022-06-11,1663.6
2022-06-12,1534.5
2022-06-13,1437.91
2022-06-14,1208.04
2022-06-15,1204.11
2022-06-16,1238.67
2022-06-17,1066.53
2022-06-18,1087.14
2022-06-19,996.77
2022-06-20,1126.97
2022-06-21,1129.39
2022-06-22,1123.61
2022-06-23,1051.19
2022-06-24,1144.83
2022-06-25,1227.87
2022-06-26,1242.68
2022-06-27,1199.95
2022-06-28,1193.42
2022-06-29,1144.14
2022-06-30,1100.08
2022-07-01,1055.65
2022-07-02,1061.55
2022-07-03,1067.53
2022-07-04,1073.02
2022-07-05,1150.71
2022-07-06,1134.98
2022-07-07,1185.0
2022-07-08,1236.74
2022-07-09,1215.74
2022-07-10,1217.48
2022-07-11,1168.09
2022-07-12,1096.21
2022-07-13,1040.66
2022-07-14,1120.74
2022-07-15,1192.6
2022-07-16,1232.65
2022-07-17,1358.73
2022-07-18,1343.0
2022-07-19,1570.13
2022-07-20,1541.17
2022-07-21,1525.56
2022-07-22,1572.79
2022-07-23,1546.91
2022-07-24,1568.68
2022-07-25,1599.89
2022-07-26,1444.77
2022-07-27,1445.79
2022-07-28,1632.72
2022-07-29,1725.99
2022-07-30,1731.08
2022-07-31,1696.18
2022-08-01,1681.17
2022-08-02,1632.35
2022-08-03,1635.36
2022-08-04,1620.47
2022-08-05,1611.41
2022-08-06,1733.48
2022-08-07,1691.89
2022-08-08,1701.41
2022-08-10,1695.41
2022-08-11,1851.84
2022-08-12,1882.2
2022-08-13,1958.2
2022-08-14,1982.75
2022-08-15,1939.18
2022-08-16,1900.44
2022-08-17,1879.82
2022-08-18,1838.29
2022-08-19,1847.09
2022-08-20,1615.43
2022-08-21,1578.79
2022-08-22,1616.63
2022-08-23,1622.17
2022-08-24,1663.6
2022-08-25,1658.71
2022-08-26,1695.48
2022-08-27,1508.05
2022-08-28,1491.6
2022-08-29,1435.12
2022-08-30,1547.07
2022-08-31,1559.49
2022-09-01,1556.88
2022-09-02,1584.34
2022-09-03,1571.23
2022-09-04,1558.01
2022-09-05,1582.23
2022-09-06,1616.27
2022-09-07,1563.91
2022-09-08,1637.14
2022-09-09,1634.2
2022-09-10,1718.71
2022-09-11,1780.25
2022-09-12,1764.65
2022-09-13,1713.22
2022-09-14,1569.73
2022-09-15,1637.95
2022-09-16,1472.14
2022-09-17,1432.19
2022-09-18,1464.91
2022-09-19,1337.64
2022-09-20,1380.78
2022-09-21,1325.54
2022-09-22,1250.52
2022-09-23,1330.92
2022-09-24,1330.26
2022-09-25,1317.99
2022-09-26,1294.09
2022-09-27,1333.39
2022-09-28,1331.96
2022-09-29,1342.83
2022-09-30,1333.71
2022-10-01,1330.29
2022-10-02,1311.14
2022-10-03,1277.35
2022-10-04,1322.72
2022-10-05,1362.52
2022-10-06,1352.75
2022-10-07,1351.75
2022-10-09,1315.39
2022-10-10,1322.36
2022-10-11,1289.42
2022-10-12,1280.0
2022-10-13,1294.26
2022-10-14,1287.37
2022-10-15,1297.57
2022-10-16,1276.44
2022-10-17,1306.58
2022-10-18,1332.53
2022-10-19,1311.61
2022-10-20,1284.68
2022-10-21,1283.73
2022-10-22,1299.95
2022-10-23,1314.12
2022-10-24,1365.07
2022-10-25,1341.86
2022-10-26,1462.41
2022-10-27,1567.48
2022-10-28,1514.14
2022-10-29,1552.9
2022-10-30,1619.15
2022-10-31,1590.12
2022-11-01,1573.09
2022-11-02,1578.42
2022-11-03,1518.81
2022-11-04,1530.26
2022-11-05,1642.82
2022-11-06,1625.65
2022-11-07,1569.84
2022-11-08,1570.41
2022-11-09,1328.22
2022-11-10,1101.27
2022-11-11,1302.62
2022-11-12,1291.48
2022-11-13,1256.74
2022-11-14,1226.78
2022-11-15,1242.56
2022-11-16,1253.93
2022-11-17,1218.87
2022-11-18,1202.53
2022-11-19,1212.83
2022-11-20,1219.89
2022-11-21,1143.31
2022-11-22,1106.2
2022-11-23,1138.11
2022-11-24,1184.78
2022-11-25,1203.83
2022-11-26,1199.65
2022-11-27,1206.61
2022-11-28,1196.66
2022-11-29,1168.91
2022-11-30,1218.04
2022-12-01,1300.6
2022-12-02,1276.18
2022-12-03,1299.32
2022-12-04,1243.42
2022-12-05,1280.52
2022-12-06,1260.46
2022-12-07,1270.86
2022-12-08,1232.33
2022-12-09,1281.0
2022-12-10,1264.35
2022-12-11,1266.03
2022-12-12,1260.57
2022-12-13,1276.61
2022-12-14,1322.31
2022-12-15,1308.95
2022-12-16,1267.45
2022-12-17,1167.0
2022-12-18,1187.64
2022-12-19,1183.93
2022-12-20,1167.71
2022-12-21,1218.5
2022-12-22,1214.37
2022-12-23,1217.56
2022-12-24,1220.93
2022-12-25,1221.52
2022-12-26,1218.62
2022-12-27,1228.36
2022-12-28,1211.73
2022-12-29,1189.81
2022-12-30,1200.88
2022-12-31,1199.69
2023-01-01,1196.51
2023-01-02,1200.76
2023-01-03,1214.38
2023-01-04,1214.71
2023-01-05,1256.96
2023-01-06,1251.26
2023-01-07,1269.1
2023-01-08,1264.95
2023-01-09,1290.19
2023-01-10,1321.33
2023-01-11,1336.25
2023-01-12,1389.31
2023-01-13,1416.88
2023-01-14,1450.0
2023-01-15,1553.17
2023-01-16,1552.85
2023-01-17,1572.35
2023-01-18,1569.21
2023-01-19,1517.08
2023-01-20,1550.65
2023-01-21,1660.67
2023-01-22,1625.18
2023-01-23,1626.87
2023-01-24,1627.74
2023-01-25,1559.05
2023-01-26,1615.46
2023-01-27,1603.15
2023-01-28,1599.12
2023-01-29,1572.74
2023-01-30,1646.3
2023-01-31,1567.42
2023-02-01,1587.39
2023-02-02,1646.05
2023-02-03,1650.9
2023-02-04,1663.46
2023-02-05,1667.4
2023-02-06,1629.49
2023-02-07,1619.4
2023-02-08,1672.04
2023-02-09,1651.6
2023-02-10,1548.08
2023-02-11,1514.11
2023-02-12,1540.02
2023-02-13,1517.69
2023-02-14,1508.32
2023-02-15,1555.54
2023-02-16,1672.11
2023-02-17,1634.24
2023-02-18,1698.14
2023-02-19,1691.62
2023-02-20,1682.23
2023-02-21,1700.53
2023-02-22,1658.32
2023-02-23,1641.57
2023-02-24,1649.66
2023-02-25,1608.08
2023-02-26,1593.88
2023-02-27,1640.57
2023-02-28,1635.08
2023-03-01,1608.92
2023-03-02,1664.09
2023-03-03,1648.32
2023-03-04,1570.41
2023-03-05,1569.53
2023-03-06,1566.39
2023-03-07,1566.42
2023-03-08,1565.51
2023-03-09,1534.54
2023-03-10,1437.52
2023-03-11,1432.35
2023-03-12,1473.67
2023-03-13,1589.56
2023-03-14,1679.41
2023-03-15,1706.34
2023-03-16,1661.19
2023-03-17,1678.72
2023-03-18,1795.45
2023-03-20,1794.37
2023-03-21,1749.66
2023-03-22,1809.87
2023-03-23,1746.11
2023-03-24,1824.21
2023-03-25,1761.89
2023-03-26,1757.01
2023-03-27,1776.92
2023-03-28,1716.81
2023-03-29,1776.27
2023-03-30,1793.96
2023-03-31,1796.52
2023-04-01,1823.94
2023-04-02,1823.81
2023-04-03,1795.11
2023-04-04,1812.09
2023-04-05,1870.82
2023-04-06,1908.43
2023-04-07,1873.22
2023-04-08,1865.58
2023-04-09,1850.55
2023-04-10,1861.19
2023-04-11,1911.56
2023-04-12,1895.01
2023-04-13,1920.94
2023-04-14,2013.31
2023-04-15,2099.26
2023-04-16,2092.85
2023-04-17,2118.51
2023-04-18,2075.35
2023-04-19,2101.05
2023-04-20,1936.7
2023-04-22,1850.76
2023-04-23,1875.89
2023-04-24,1862.52
2023-04-25,1842.04
2023-04-26,1864.29
2023-04-27,1867.99
2023-04-28,1909.37
2023-04-29,1893.96
2023-04-30,1907.32
2023-05-01,1881.03
2023-05-02,1828.81
2023-05-03,1871.01
2023-05-04,1903.1
2023-05-05,1877.56
2023-05-06,1996.14
2023-05-07,1900.09
2023-05-08,1874.89
2023-05-09,1848.42
2023-05-10,1847.85
2023-05-11,1841.6
2023-05-12,1795.96
2023-05-13,1806.61
2023-05-14,1795.92
2023-05-15,1799.91
2023-05-16,1815.84
2023-05-17,1823.15
2023-05-18,1821.29
2023-05-19,1800.86
2023-05-20,1812.54
2023-05-21,1817.8
2023-05-22,1806.42
2023-05-23,1818.99
2023-05-24,1853.07
2023-05-25,1802.33
2023-05-26,1805.53
2023-05-27,1828.55
2023-05-28,1829.01
2023-05-29,1911.81
2023-05-30,1893.32
2023-05-31,1901.7
2023-06-01,1876.97
2023-06-02,1862.18
2023-06-03,1907.53
2023-06-04,1892.83
2023-06-05,1888.19
2023-06-06,1811.03
2023-06-07,1883.58
2023-06-08,1832.42
2023-06-09,1846.75
2023-06-10,1839.83
2023-06-11,1753.29
2023-06-12,1751.53
2023-06-13,1742.4
2023-06-14,1739.73
2023-06-15,1649.13
2023-06-16,1664.59
2023-06-17,1716.8
2023-06-18,1726.85
2023-06-19,1722.38
2023-06-20,1734.42
2023-06-21,1793.54
2023-06-22,1888.82
2023-06-23,1876.36
2023-06-24,1892.02
2023-06-25,1876.31
2023-06-26,1897.97
2023-06-27,1858.24
2023-06-28,1887.7
2023-06-29,1829.04
2023-06-30,1853.16
2023-07-01,1934.83
2023-07-02,1923.62
2023-07-03,1937.38
2023-07-04,1954.21
2023-07-05,1937.81
2023-07-06,1909.47
2023-07-07,1843.95
2023-07-08,1869.57
2023-07-09,1864.54
2023-07-10,1863.19
2023-07-11,1879.5
2023-07-12,1878.15
2023-07-13,1873.73
2023-07-14,2004.91
2023-07-15,1936.72
2023-07-16,1932.08
2023-07-17,1920.51
2023-07-18,1912.23
2023-07-19,1897.08
2023-07-20,1889.01
2023-07-21,1891.48
2023-07-22,1891.13
2023-07-23,1866.96
2023-07-24,1888.82
2023-07-25,1850.08
2023-07-26,1857.0
2023-07-27,1871.22
2023-07-28,1860.57
2023-07-29,1873.55
2023-07-30,1880.91
2023-07-31,1861.51
2023-08-01,1855.27
2023-08-02,1875.26
2023-08-03,1838.56
2023-08-04,1835.59
2023-08-05,1828.14
2023-08-06,1834.37
2023-08-07,1827.74
2023-08-08,1828.99
2023-08-09,1857.52
2023-08-10,1854.57
2023-08-11,1850.7
2023-08-12,1847.14
2023-08-13,1848.67
2023-08-14,1839.89
2023-08-15,1843.29
2023-08-16,1827.03
2023-08-17,1804.14
2023-08-18,1680.52
2023-08-19,1661.56
2023-08-20,1669.6
2023-08-21,1684.77
2023-08-22,1668.43
2023-08-23,1634.73
2023-08-24,1679.12
2023-08-25,1658.8
2023-08-26,1653.26
2023-08-27,1645.77
2023-08-28,1657.04
2023-08-29,1652.06
2023-08-30,1729.58
2023-08-31,1704.89
2023-09-01,1646.97
2023-09-02,1628.78
2023-09-03,1636.19
2023-09-04,1635.54
2023-09-05,1629.57
2023-09-06,1633.54
2023-09-07,1631.91
2023-09-08,1645.94
2023-09-09,1636.41
2023-09-10,1635.31
2023-09-11,1616.56
2023-09-12,1551.74
2023-09-13,1592.18
2023-09-14,1607.57
2023-09-15,1625.92
2023-09-16,1642.54
2023-09-17,1634.19
2023-09-18,1623.1
2023-09-19,1637.7
2023-09-20,1643.0
2023-09-21,1620.81
2023-09-22,1585.48
2023-09-23,1593.8
2023-09-24,1593.22
2023-09-25,1579.07
2023-09-26,1587.77
2023-09-27,1593.85
2023-09-28,1597.61
2023-09-29,1652.47
2023-09-30,1666.87
2023-10-01,1670.51
2023-10-02,1732.55
2023-10-03,1662.92
2023-10-04,1657.49
2023-10-05,1646.06
2023-10-06,1613.66
2023-10-07,1646.48
2023-10-08,1634.33
2023-10-09,1633.32
2023-10-10,1580.91
2023-10-11,1569.2
2023-10-12,1564.88
2023-10-13,1538.93
2023-10-14,1552.42
2023-10-15,1555.19
2023-10-16,1559.3
2023-10-17,1599.65
2023-10-18,1565.02
2023-10-19,1561.68
2023-10-20,1569.17
2023-10-21,1604.59
2023-10-22,1628.33
2023-10-23,1662.39
2023-10-24,1769.23
2023-10-25,1785.93
2023-10-26,1787.09
2023-10-27,1803.53
2023-10-28,1780.17
2023-10-29,1774.36
2023-10-30,1797.72
2023-10-31,1809.52
2023-11-01,1813.67
2023-11-02,1849.27
2023-11-03,1799.58
2023-11-04,1830.5
2023-11-05,1857.66
2023-11-06,1889.17
2023-11-07,1898.7
2023-11-08,1884.48
2023-11-09,1889.17
2023-11-10,2119.76
2023-11-11,2079.6
2023-11-12,2054.26
2023-11-13,2042.97
2023-11-14,2054.51
2023-11-15,1980.8
2023-11-16,2055.91
2023-11-17,1960.35
2023-11-18,1959.2
2023-11-19,1961.65
2023-11-20,2005.86
2023-11-21,2021.4
2023-11-22,1940.08
2023-11-23,2063.53
2023-11-24,2063.06
2023-11-25,2079.73
2023-11-26,2083.57
2023-11-27,2061.53
2023-11-28,2027.78
2023-11-29,2046.99
2023-11-30,2027.46
2023-12-01,2050.44
2023-12-02,2089.31
2023-12-03,2163.56
2023-12-04,2195.5
2023-12-05,2238.37
2023-12-06,2293.63
2023-12-07,2234.02
2023-12-08,2359.7
2023-12-09,2362.04
2023-12-10,2344.65
2023-12-11,2353.71
2023-12-12,2224.63
2023-12-13,2200.54
2023-12-14,2258.64
2023-12-15,2314.36
2023-12-16,2226.02
2023-12-17,2229.13
2023-12-18,2198.68
2023-12-19,2215.95
2023-12-20,2180.37
2023-12-21,2199.8
2023-12-22,2238.35
2023-12-23,2325.73
2023-12-24,2307.37
2023-12-25,2265.37
2023-12-26,2271.32
2023-12-27,2230.61
2023-12-28,2381.02
2023-12-29,2349.54
2023-12-30,2296.98
2023-12-31,2293.57
2024-01-01,2284.55
2024-01-02,2351.52
2024-01-03,2362.95
2024-01-04,2211.51
2024-01-05,2270.85
2024-01-06,2268.5
2024-01-07,2241.16
2024-01-08,2221.36
2024-01-09,2335.25
2024-01-10,2344.45
2024-01-11,2581.7
2024-01-12,2618.12
2024-01-13,2526.36
2024-01-14,2572.85
2024-01-15,2475.63
2024-01-16,2511.86
2024-01-17,2586.9
2024-01-18,2528.12
2024-01-19,2465.46
2024-01-20,2486.06
2024-01-21,2469.17
2024-01-22,2457.14
2024-01-23,2311.77
2024-01-24,2241.13
2024-01-25,2232.55
2024-01-26,2216.58
2024-01-27,2265.15
2024-01-28,2267.09
2024-01-29,2251.32
2024-01-30,2312.82
2024-01-31,2349.16
2024-02-01,2285.58
2024-02-02,2303.07
2024-02-03,2306.13
2024-02-04,2295.7
2024-02-05,2287.71
2024-02-06,2297.95
2024-02-07,2373.18
2024-02-08,2425.35
2024-02-09,2421.6
2024-02-10,2491.28
2024-02-11,2499.87
2024-02-12,2506.28
2024-02-13,2662.19
2024-02-14,2638.66
2024-02-15,2779.58
2024-02-16,2826.7
2024-02-17,2804.61
2024-02-18,2785.9
2024-02-19,2878.43
2024-02-20,2945.0
2024-02-21,3011.7
2024-02-22,2968.97
2024-02-23,2972.06
2024-02-24,2924.65
2024-02-25,2992.38
2024-02-26,3111.98
2024-02-27,3180.29
2024-02-28,3245.02
2024-02-29,3376.45
2024-03-01,3342.98
2024-03-02,3432.11
2024-03-03,3418.71
2024-03-04,3490.37
2024-03-05,3625.46
2024-03-06,3560.01
2024-03-07,3821.42
2024-03-08,3871.79
2024-03-09,3888.48
2024-03-10,3913.76
2024-03-11,3881.2
2024-03-12,4073.2
2024-03-13,3975.23
2024-03-14,4004.73
2024-03-15,3884.71
2024-03-16,3743.98
2024-03-17,3538.86
2024-03-18,3633.69
2024-03-19,3520.97
2024-03-20,3173.58
2024-03-21,3507.6
2024-03-22,3493.05
2024-03-23,3328.71
2024-03-24,3339.28
2024-03-25,3448.12
2024-03-26,3583.97
2024-03-27,3586.85
2024-03-28,3499.95
2024-03-29,3562.5
2024-03-30,3509.71
2024-03-31,3507.25
2024-04-01,3644.86
2024-04-02,3502.43
2024-04-03,3279.32
2024-04-04,3305.38
2024-04-05,3326.01
2024-04-06,3319.38
2024-04-07,3359.39
2024-04-08,3448.45
2024-04-09,3698.98
2024-04-10,3498.86
2024-04-11,3534.91
2024-04-12,3507.31
2024-04-13,3231.07
2024-04-14,3021.72
2024-04-15,3145.49
2024-04-16,3099.85
2024-04-17,3085.1
2024-04-18,2993.49
2024-04-19,3061.85
2024-04-20,3055.51
2024-04-21,3144.17
2024-04-22,3149.34
2024-04-23,3198.42
2024-04-24,3222.75
2024-04-25,3141.51
2024-04-26,3156.54
2024-04-27,3132.88
2024-04-28,3253.37
2024-04-29,3267.59
2024-04-30,3210.57
2024-05-01,3011.7
2024-05-02,2975.38
2024-05-03,2987.68
2024-05-04,3100.9
2024-05-05,3118.45
2024-05-06,3140.41
2024-05-07,3068.38
2024-05-08,3014.78
2024-05-09,2974.81
2024-05-10,3029.79
2024-05-11,2911.48
2024-05-12,2911.8
2024-05-13,2933.79
2024-05-14,2947.04
2024-05-15,2884.97
2024-05-16,3034.97
2024-05-17,2943.62
2024-05-18,3092.33
2024-05-19,3124.3
2024-05-20,3068.71
2024-05-21,3666.31
2024-05-22,3790.25
2024-05-23,3744.23
2024-05-24,3771.53
2024-05-25,3721.49
2024-05-26,3746.84
2024-05-27,3823.06
2024-05-28,3889.6
2024-05-29,3840.52
2024-05-30,3769.9
2024-05-31,3745.11
2024-06-01,3762.92
2024-06-02,3813.47
2024-06-03,3777.39
2024-06-04,3766.72
2024-06-05,3811.11
2024-06-06,3865.12
2024-06-07,3809.35
2024-06-08,3676.9
2024-06-09,3679.97
2024-06-10,3702.47
2024-06-11,3668.67
2024-06-12,3501.07
2024-06-13,3554.73
2024-06-14,3475.85
2024-06-15,3480.63
2024-06-16,3563.02
2024-06-17,3618.32
2024-06-18,3513.25
2024-06-19,3480.55
2024-06-20,3553.11
2024-06-21,3515.35
2024-06-22,3518.91
2024-06-23,3494.78
2024-06-24,3416.73
2024-06-25,3351.63
2024-06-26,3389.7
2024-06-27,3369.33
2024-06-28,3444.59
2024-06-29,3374.33
2024-06-30,3373.21
2024-07-01,3431.89
2024-07-02,3437.84
2024-07-03,3417.45
2024-07-04,3296.52
2024-07-05,3039.67
2024-07-06,2977.47
2024-07-07,3060.25
2024-07-08,2928.48
2024-07-09,3016.36
2024-07-10,3061.42
2024-07-11,3095.63
2024-07-12,3099.23
2024-07-13,3132.18
2024-07-14,3182.22
2024-07-15,3248.71
2024-07-16,3496.8
2024-07-17,3449.85
2024-07-18,3393.28
2024-07-19,3418.07
2024-07-20,3503.88
2024-07-21,3515.89
2024-07-22,3534.8
2024-07-23,3446.94
2024-07-24,3483.61
2024-07-25,3337.0
2024-07-26,3174.77
2024-07-27,3269.67
2024-07-28,3232.94
2024-07-29,3267.54
2024-07-30,3315.36
2024-07-31,3273.71
2024-08-01,3237.98
2024-08-02,3206.07
2024-08-03,2988.1
2024-08-04,2904.29
2024-08-05,2695.28
2024-08-06,2426.66
2024-08-07,2462.56
2024-08-08,2348.41
2024-08-09,2679.75
2024-08-10,2593.88
2024-08-11,2608.87
2024-08-12,2560.75
2024-08-13,2719.93
2024-08-14,2699.51
2024-08-15,2662.39
2024-08-16,2570.57
2024-08-17,2593.64
2024-08-18,2615.9
2024-08-19,2612.59
2024-08-20,2636.63
2024-08-21,2578.28
2024-08-22,2633.17
2024-08-23,2623.89
2024-08-24,2768.25
2024-08-25,2771.99
2024-08-26,2752.74
2024-08-27,2682.78
2024-08-28,2451.96
2024-08-29,2530.64
2024-08-30,2526.66
2024-08-31,2524.59
2024-09-01,2512.43
2024-09-02,2430.57
2024-09-03,2538.0
2024-09-04,2432.04
2024-09-05,2450.47
2024-09-06,2369.45
2024-09-07,2228.87
2024-09-08,2271.29
2024-09-09,2296.91
2024-09-10,2356.16
2024-09-11,2387.24
2024-09-12,2342.73
2024-09-13,2362.23
2024-09-14,2441.36
2024-09-15,2418.58
2024-09-16,2316.06
2024-09-17,2295.67
2024-09-18,2340.47
2024-09-19,2383.68
2024-09-20,2464.58
2024-09-21,2560.48
2024-09-22,2616.95
2024-09-23,2578.42
2024-09-24,2649.29
2024-09-25,2651.19
2024-09-26,2580.92
2024-09-27,2628.79
2024-09-28,2697.25
2024-09-29,2677.41
2024-09-30,2655.12
2024-10-01,2601.83
2024-10-02,2448.13
2024-10-03,2365.48
2024-10-04,2350.28
2024-10-05,2417.81
2024-10-06,2412.65
2024-10-07,2437.74
2024-10-08,2428.46
2024-10-09,2436.63
2024-10-10,2368.79
2024-10-11,2382.42
2024-10-12,2439.98
2024-10-13,2479.01
2024-10-14,2467.11
2024-10-15,2628.89
2024-10-16,2603.62
2024-10-17,2614.91
2024-10-18,2605.66
2024-10-19,2643.02
2024-10-20,2649.43
2024-10-21,2743.29
2024-10-22,2666.5
2024-10-23,2622.33
2024-10-24,2519.94
2024-10-25,2537.08
2024-10-26,2429.59
2024-10-27,2478.71
2024-10-28,2505.66
2024-10-29,2564.77
2024-10-30,2636.57
2024-10-31,2657.94
2024-11-01,2516.96
2024-11-02,2515.27
2024-11-03,2492.0
2024-11-04,2452.32
2024-11-05,2399.71
2024-11-06,2424.86
2024-11-07,2721.09
2024-11-08,2901.82
2024-11-09,2960.21
2024-11-10,3121.39
2024-11-11,3190.04
2024-11-12,3358.71
2024-11-13,3255.55
2024-11-14,3185.28
2024-11-15,3069.08
2024-11-16,3090.19
2024-11-17,3138.15
2024-11-18,3074.3
2024-11-19,3209.95
2024-11-20,3110.98
2024-11-21,3070.87
2024-11-22,3360.48
2024-11-23,3327.28
2024-11-24,3400.32
2024-11-25,3357.28
2024-11-26,3407.16
2024-11-27,3319.3
2024-11-28,3653.99
2024-11-29,3579.03
2024-11-30,3591.29
2024-12-01,3709.36
2024-12-02,3711.26
2024-12-03,3637.39
2024-12-04,3621.02
2024-12-05,3833.77
2024-12-06,3781.61
2024-12-07,4005.6
2024-12-08,4002.68
2024-12-09,3997.43
2024-12-10,3705.25
2024-12-11,3628.63
2024-12-12,3826.72
2024-12-13,3885.33
2024-12-14,3909.1
2024-12-15,3869.78
2024-12-16,3947.91
2024-12-17,3983.96
2024-12-18,3885.55
2024-12-19,3635.82
2024-12-20,3418.64
2024-12-21,3471.58
2024-12-22,3326.05
2024-12-23,3278.46
2024-12-24,3414.21
2024-12-25,3487.96
2024-12-26,3502.25
2024-12-27,3332.1
2024-12-28,3329.67
2024-12-29,3395.05
2024-12-30,3344.68
2024-12-31,3354.79
2025-01-01,3334.81
2025-01-02,3351.33
2025-01-03,3450.99
2025-01-04,3606.68
2025-01-05,3655.97
2025-01-06,3640.36
2025-01-07,3683.95
2025-01-08,3379.54
2025-01-09,3323.56
2025-01-10,3224.4
2025-01-11,3267.06
2025-01-12,3284.11
2025-01-13,3272.51
2025-01-14,3135.08
2025-01-15,3222.31
2025-01-16,3455.5
2025-01-17,3308.81
2025-01-18,3475.12
2025-01-19,3301.03
2025-01-20,3196.62
2025-01-21,3263.67
2025-01-22,3327.48
2025-01-23,3238.6
2025-01-24,3337.02
2025-01-25,3310.43
2025-01-26,3318.91
2025-01-27,3226.1
2025-01-28,3191.03
2025-01-29,3078.23
2025-01-30,3110.32
2025-01-31,3250.85
2025-02-01,3291.25
2025-02-02,3118.08
2025-02-03,2857.35
2025-02-04,2879.76
2025-02-05,2732.45
2025-02-06,2789.62
2025-02-07,2694.14
2025-02-08,2619.67
2025-02-09,2634.48
2025-02-10,2636.62
2025-02-11,2663.29
2025-02-12,2605.9
2025-02-13,2733.48
2025-02-14,2675.38
2025-02-15,2724.75
2025-02-16,2693.02
2025-02-17,2664.1
2025-02-18,2744.75
2025-02-19,2669.49
2025-02-20,2715.75
2025-02-21,2744.91
2025-02-22,2654.99
2025-02-23,2762.54
2025-02-24,2823.55
2025-02-25,2526.17
2025-02-26,2490.41
2025-02-27,2338.36
2025-02-28,2306.03
2025-03-01,2232.57
2025-03-02,2214.59
2025-03-03,2510.05
2025-03-04,2142.21
2025-03-05,2167.56
2025-03-06,2244.99
2025-03-07,2206.81
2025-03-08,2136.53
2025-03-09,2199.66
2025-03-10,2029.63
2025-03-11,1876.03
2025-03-12,1919.68
2025-03-13,1909.47
2025-03-14,1861.53
2025-03-15,1912.58
2025-03-16,1938.46
2025-03-17,1887.93
2025-03-18,1924.71
2025-03-19,1929.18
2025-03-20,2064.96
2025-03-21,1981.05
2025-03-22,1965.41
2025-03-23,1979.66
2025-03-24,2003.74
2025-03-25,2077.24
2025-03-26,2064.29
2025-03-27,2009.81
2025-03-28,2001.09
2025-03-29,1896.32
2025-03-30,1827.34
2025-03-31,1807.03
2025-04-01,1823.79
2025-04-02,1904.04
2025-04-03,1789.78
2025-04-04,1817.95
2025-04-05,1814.66
2025-04-06,1805.87
2025-04-07,1571.45
2025-04-08,1553.65
2025-04-09,1470.75
2025-04-10,1666.35
2025-04-11,1520.29
2025-04-12,1566.14
2025-04-13,1643.78
2025-04-14,1597.2
2025-04-15,1624.24
2025-04-16,1588.87
2025-04-17,1578.52
2025-04-18,1583.72
2025-04-19,1589.11
2025-04-20,1612.86
2025-04-21,1586.61
2025-04-22,1579.17
2025-04-23,1759.41
2025-04-24,1796.48
2025-04-25,1769.04
2025-04-26,1789.2
2025-04-27,1821.98
2025-04-28,1792.28
2025-04-29,1799.89
2025-04-30,1798.19
2025-05-01,1793.74
2025-05-02,1839.5
2025-05-03,1842.44
2025-05-04,1834.13
2025-05-05,1808.03
2025-05-06,1819.36
2025-05-07,1817.12
2025-05-08,1811.81
2025-05-09,2201.09
2025-05-10,2346.18
2025-05-11,2583.53
2025-05-12,2514.49
2025-05-13,2492.47
2025-05-14,2679.92
2025-05-15,2608.46
2025-05-16,2546.97
2025-05-17,2540.53
2025-05-18,2475.55
2025-05-19,2478.35
2025-05-20,2528.97
2025-05-21,2523.8
2025-05-22,2556.14
2025-05-23,2658.42
2025-05-24,2520.41
2025-05-25,2530.15
2025-05-26,2549.52
2025-05-27,2562.45
2025-05-28,2662.45
2025-05-29,2680.32
2025-05-30,2632.19
2025-05-31,2529.5
2025-06-01,2530.57
2025-06-02,2538.43
2025-06-03,2609.32
2025-06-04,2595.55
2025-06-05,2610.33
2025-06-06,2417.89
2025-06-07,2478.89
2025-06-08,2525.16
2025-06-09,2508.97
2025-06-10,2681.34
2025-06-11,2815.29
2025-06-12,2775.17
2025-06-13,2636.93
2025-06-14,2576.43
2025-06-15,2532.63
2025-06-16,2546.7
2025-06-17,2542.76
2025-06-18,2513.98
2025-06-19,2523.11
2025-06-20,2521.51
2025-06-21,2405.2
2025-06-22,2298.89
2025-06-23,2225.47
2025-06-24,2417.71
2025-06-25,2447.51
2025-06-26,2419.4
2025-06-27,2416.8
2025-06-28,2422.99
2025-06-29,2436.67
2025-06-30,2502.2
2025-07-01,2487.08
2025-07-02,2405.83
2025-07-03,2575.09
2025-07-04,2591.27
2025-07-05,2508.53
2025-07-06,2516.56
2025-07-07,2571.23
2025-07-08,2542.63
2025-07-09,2614.72
2025-07-10,2769.41
2025-07-11,2949.18
2025-07-12,2960.08
2025-07-13,2942.59
2025-07-14,2972.76
2025-07-15,3011.99
2025-07-16,3134.14
2025-07-17,3373.48
2025-07-18,3478.11
2025-07-19,3548.62
2025-07-20,3593.7
2025-07-21,3759.18
2025-07-22,3762.83
2025-07-23,3744.74
2025-07-24,3627.61
2025-07-25,3707.45
2025-07-26,3721.84
2025-07-27,3740.68
2025-07-28,3869.23
2025-07-29,3792.27
2025-07-30,3789.39
2025-07-31,3806.72
2025-08-01,3696.41
2025-08-02,3489.95
2025-08-03,3399.92
2025-08-04,3497.89
2025-08-05,3717.12
2025-08-06,3611.58
2025-08-07,3682.58
2025-08-08,3905.89
2025-08-09,4010.93
2025-08-10,4264.3
2025-08-11,4251.46
2025-08-12,4229.81
2025-08-13,4592.36
2025-08-14,4745.36
2025-08-15,4558.49
2025-08-16,4443.72
2025-08-17,4424.35
2025-08-18,4482.49
2025-08-19,4315.94
2025-08-20,4090.57
2025-08-21,4331.87
2025-08-22,4231.56
2025-08-23,4819.97
2025-08-24,4783.46
2025-08-25,4786.5
2025-08-26,4376.81
2025-08-27,4588.87
2025-08-28,4509.62
2025-08-29,4507.33
2025-08-30,4351.97
2025-08-31,4377.12
2025-09-01,4386.03
2025-09-02,4313.1
2025-09-03,4322.19
2025-09-04,4453.32
2025-09-05,4302.63
2025-09-06,4307.05
2025-09-07,4274.84
2025-09-08,4301.63
2025-09-09,4309.04
2025-09-10,4312.51
2025-09-11,4347.99
2025-09-12,4455.55
2025-09-13,4706.17
2025-09-14,4670.9
2025-09-15,4606.78
2025-09-16,4522.05
2025-09-17,4502.04
2025-09-18,4594.51
2025-09-19,4594.04
2025-09-20,4470.74
2025-09-21,4481.94
2025-09-22,4451.58
2025-09-23,4208.17
2025-09-24,4167.26
2025-09-25,4156.75
2025-09-26,3887.78
2025-09-27,4027.79
2025-09-28,4021.13
2025-09-29,4139.82
2025-09-30,4212.72
2025-10-01,4148.52
2025-10-02,4359.07
2025-10-03,4477.85
2025-10-04,4511.64
2025-10-05,4489.54
2025-10-06,4511.71
2025-10-07,4689.0
2025-10-08,4458.41
2025-10-09,4522.2
2025-10-10,4372.07
2025-10-11,3859.61
2025-10-12,3742.48
2025-10-13,4144.88
2025-10-14,4246.6
2025-10-15,4128.29
2025-10-16,3992.12
2025-10-17,3891.36
2025-10-18,3832.53
2025-10-19,3889.59
2025-10-20,3973.51
2025-10-21,3974.75
2025-10-22,3876.67
2025-10-23,3801.41
2025-10-24,3854.54
2025-10-25,3934.86
2025-10-26,3951.42
2025-10-27,4163.06
2025-10-28,4114.02
2025-10-29,3977.88
2025-10-30,3905.69
2025-10-31,3798.75
2025-11-01,3843.79
2025-11-02,3871.58
2025-11-03,3902.66
2025-11-04,3597.65
2025-11-05,3287.49
2025-11-06,3410.36
2025-11-07,3321.52
2025-11-08,3429.88
2025-11-09,3399.66
2025-11-10,3564.09
2025-11-11,3567.3
2025-11-12,3428.44
2025-11-13,3419.86
2025-11-14,3226.23
2025-11-15,3127.06
2025-11-16,3169.74
2025-11-17,3091.74
2025-11-18,3026.17
2025-11-19,3108.7
2025-11-20,3013.67
2025-11-21,2842.49
2025-11-22,2768.88
2025-11-23,2771.73
2025-11-24,2789.96
2025-11-25,2944.32
2025-11-26,2956.69
2025-11-27,3022.26
2025-11-28,3012.73
2025-11-29,3034.28
2025-11-30,2989.84
2025-12-01,2990.4
2025-12-02,2796.74
2025-12-03,2998.04
2025-12-04,3191.4
2025-12-05,3139.94
2025-12-06,3020.64
2025-12-07,3037.26
2025-12-08,3058.27
2025-12-09,3125.58
2025-12-10,3321.61
2025-12-11,3324.66
2025-12-12,3237.77
2025-12-13,3087.28
2025-12-14,3109.42
2025-12-15,3071.55
2025-12-16,2965.74
2025-12-17,2956.91
2025-12-18,2829.94
2025-12-19,2834.02
2025-12-20,2974.63
2025-12-21,2976.58
2025-12-22,3004.13
2025-12-23,3005.34
2025-12-24,2964.63
2025-12-25,2941.62
2025-12-26,2903.38
2025-12-27,2927.35
2025-12-28,2946.25
2025-12-29,2945.45
2025-12-30,2935.65
2025-12-31,2966.01
2026-01-01,2969.85
2026-01-02,2997.99
2026-01-03,3127.09
2026-01-04,3131.56
2026-01-05,3156.31
2026-01-06,3228.94
2026-01-07,3292.63
2026-01-08,3166.69
2026-01-09,3103.62
2026-01-10,3084.45
2026-01-11,3081.29
2026-01-12,3117.31
2026-01-13,3094.9
2026-01-14,3327.98
2026-01-15,3348.36
2026-01-16,3321.01
2026-01-17,3292.91
2026-01-18,3305.81
2026-01-19,3246.53
2026-01-20,3190.85
2026-01-21,2943.67
2026-01-22,2983.56
2026-01-23,2947.48
2026-01-24,2953.31
2026-01-25,2949.89
2026-01-26,2817.05
2026-01-27,2924.89
2026-01-28,3017.78
2026-01-29,3004.29
2026-01-30,2822.93
2026-01-31,2699.95
2026-02-01,2452.01
2026-02-02,2248.18
2026-02-03,2337.19
2026-02-04,2223.91
2026-02-05,2139.97
2026-02-06,1814.71
2026-02-07,2056.75
2026-02-08,2088.64
2026-02-09,2089.19
2026-02-10,2106.72
2026-02-11,2020.88
2026-02-12,1944.58
2026-02-13,1948.39
2026-02-14,2047.54
2026-02-15,2083.99
2026-02-16,1966.05
2026-02-17,1996.13
2026-02-18,1992.81
2026-02-19,1953.38
2026-02-20,1949.37
2026-02-21,1966.29
2026-02-22,1973.31
2026-02-23,1954.55
2026-02-24,1856.16
2026-02-25,1850.62
2026-02-26,2053.09
2026-02-27,2025.7
2026-02-28,1929.99
2026-03-01,1967.85
2026-03-02,1940.31
2026-03-03,2030.73
2026-03-04,1981.62
2026-03-05,2128.75
2026-03-06,2072.87
2026-03-07,1978.24
2026-03-08,1972.3
2026-03-09,1938.29
2026-03-10,1994.39
2026-03-11,2033.2
2026-03-12,2050.93
2026-03-13,2073.18
2026-03-14,2090.26
2026-03-15,2094.17
2026-03-16,2181.99
2026-03-17,2344.25
2026-03-18,2318.29
2026-03-19,2203.74
2026-03-20,2136.1
2026-03-21,2147.26
2026-03-22,2061.5
2026-03-23,2053.19
2026-03-24,2150.13
2026-03-25,2154.94
2026-03-26,2168.35
2026-03-27,2059.99
2026-03-28,1991.34
2026-03-29,1995.36
2026-03-30,1981.53
2026-03-31,2022.99
2026-04-01,2103.22
2026-04-02,2138.35
2026-04-03,2057.56
2026-04-04,2052.04
2026-04-05,2064.96
2026-04-06,2119.15
2026-04-07,2109.5
2026-04-08,2241.19
2026-04-09,2189.15
2026-04-10,2188.83
2026-04-11,2243.02
2026-04-12,2284.56
2026-04-13,2189.88
2026-04-14,2372.75
2026-04-15,2330.39
2026-04-16,2356.78
2026-04-17,2349.73
2026-04-18,2421.74
2026-04-19,2352.53
2026-04-20,2267.6
2026-04-21,2316.25
2026-04-22,2328.52
2026-04-23,2378.03
2026-04-24,2330.05
2026-04-25,2315.36
2026-04-26,2319.44
2026-04-27,2374.33
2026-04-28,2302.0
2026-04-29,2289.49
2026-04-30,2253.92
2026-05-01,2261.5
2026-05-02,2295.55
2026-05-03,2316.21
2026-05-04,2318.03
2026-05-05,2348.95
2026-05-06,2361.01
2026-05-07,2351.11
2026-05-08,2291.97
2026-05-09,2305.51
2026-05-10,2325.31
2026-05-11,2371.89
2026-05-12,2338.81
2026-05-13,2273.68
2026-05-14,2260.51
2026-05-15,2285.1
2026-05-16,2223.03
2026-05-17,2182.65
2026-05-18,2123.46
2026-05-19,2128.24
2026-05-20,2111.22
2026-05-21,2127.73
2026-05-22,2130.25
2026-05-23,2063.84
2026-05-24,2115.67
2026-05-25,2100.46
2026-05-26,2110.48
2026-05-27,2074.03
2026-05-28,2022.43
2026-05-29,2008.16
2026-05-30,2010.67
2026-05-31,2018.82
2026-06-01,2008.65
2026-06-02,2003.21
2026-06-03,1858.59
2026-06-04,1814.96
2026-06-05,1765.14
2026-06-06,1593.81
2026-06-07,1569.92
2026-06-08,1685.72
2026-06-09,1689.69
2026-06-10,1640.82
2026-06-11,1622.11
2026-06-12,1669.74
2026-06-13,1665.24
2026-06-14,1678.89
2026-06-15,1724.59
2026-06-16,1794.19
2026-06-17,1792.85
2026-06-18,1750.16
2026-06-19,1708.11
2026-06-20,1709.46
2026-06-21,1736.36
2026-06-22,1707.84
2026-06-23,1725.81
2026-06-24,1666.77
2026-06-25,1620.11
2026-06-26,1567.75
2026-06-27,1576.87
2026-06-28,1571.74
2026-06-29,1565.8
2026-06-30,1610.18
2026-07-01,1571.49
2026-07-02,1603.93
2026-07-03,1698.27
2026-07-04,1756.66
2026-07-05,1776.49
2026-07-06,1783.73
2026-07-07,1797.54
2026-07-08,1771.62
2026-07-09,1740.87
2026-07-10,1742.87
2026-07-11,1794.26
2026-07-12,1788.07
2026-07-13,1809.61
2026-07-14,1773.29
2026-07-15,1890.69
2026-07-16,1919.94
2026-07-17,1862.89
2026-07-18,1839.81
2026-07-19,1861.39
2026-07-20,1867.57
2026-07-21,1901.12
2026-07-22,1929.91
2026-07-23,1933.24
2026-07-24,1875.95
2026-07-25,1861.58
2026-07-26,1873.4
2026-07-27,1950.7
