data,total_eth_staked,apr_rede_ethstore_pct,recompensas_diarias_eth,saldo_elegivel_eth
2022-05-01,11625590,4.713,1498.9695,11607830
2022-05-02,11661590,4.663,1487.4155,11643830
2022-05-03,11697430,4.709,1506.7015,11679670
2022-05-04,11733398,4.697,1507.6757,11715638
2022-05-05,11769398,4.702,1513.7077,11751638
2022-05-06,11805366,4.652,1502.2482,11787574
2022-05-07,11841334,4.675,1514.4481,11823574
2022-05-08,11877334,4.689,1523.4146,11859542
2022-05-09,11913302,4.679,1524.9067,11895542
2022-05-10,11949270,4.66,1523.3419,11931510
2022-05-11,11985270,4.68,1534.516,11967510
2022-05-12,12021270,4.654,1530.4963,12003510
2022-05-13,12057269,4.63,1527.3226,12039509
2022-05-14,12093269,4.655,1540.103,12075509
2022-05-15,12129269,4.629,1536.0975,12111509
2022-05-16,12165269,4.64,1544.1634,12147509
2022-05-17,12201237,4.628,1544.9009,12183477
2022-05-18,12237237,4.61,1543.2568,12219477
2022-05-19,12273237,4.564,1532.3144,12255477
2022-05-20,12309237,4.578,1541.7364,12291477
2022-05-21,12345237,4.601,1554.0176,12327477
2022-05-22,12381237,4.451,1507.7346,12363477
2022-05-23,12417237,4.607,1564.9705,12399477
2022-05-24,12453237,4.584,1561.6974,12435477
2022-05-25,12489237,4.581,1565.209,12471477
2022-05-26,12525237,4.558,1561.7237,12507477
2022-05-27,12561237,4.568,1569.8102,12543477
2022-05-28,12599989,4.556,1570.2764,12579477
2022-05-29,12643189,4.547,1572.5112,12621877
2022-05-30,12686389,4.545,1577.1212,12665077
2022-05-31,12701012,4.546,1581.7318,12698452
2022-06-01,12721748,4.535,1579.0548,12708116
2022-06-02,12747796,4.547,1586.1597,12733268
2022-06-03,12760500,4.546,1588.7996,12757204
2022-06-04,12768755,4.512,1577.6846,12763188
2022-06-05,12771507,4.525,1583.1202,12769683
2022-06-06,12778675,4.535,1587.0058,12771891
2022-06-07,12781875,4.533,1587.1275,12779667
2022-06-08,12786867,4.531,1587.1237,12784723
2022-06-09,12788979,4.528,1586.3858,12787923
2022-06-10,12793491,4.531,1587.8835,12792211
2022-06-11,12802866,4.533,1589.5211,12799667
2022-06-12,12832018,4.51,1583.6568,12815922
2022-06-13,12849810,4.505,1585.4675,12845874
2022-06-14,12857138,4.518,1590.9625,12852658
2022-06-15,12861618,4.492,1582.6924,12860434
2022-06-16,12871442,4.489,1582.0032,12863954
2022-06-17,12883698,4.499,1586.7729,12872946
2022-06-18,12891602,4.458,1574.4041,12890578
2022-06-19,12898674,4.503,1590.8107,12895954
2022-06-20,12899986,4.504,1591.9085,12899346
2022-06-21,12909554,4.505,1592.3543,12901266
2022-06-22,12921970,4.489,1588.203,12914642
2022-06-23,12931634,4.505,1595.9253,12929906
2022-06-24,12934226,4.496,1592.8398,12932402
2022-06-25,12938994,4.5,1595.1445,12937074
2022-06-26,12941234,4.492,1592.4129,12939858
2022-06-27,12946226,4.495,1594.2913,12945042
2022-06-28,12954194,4.498,1596.1021,12950642
2022-06-29,12956434,4.502,1597.8662,12955122
2022-06-30,12966866,4.49,1593.7916,12957266
2022-07-01,12969426,4.481,1591.7828,12967122
2022-07-02,12972946,4.484,1593.4664,12970546
2022-07-03,12975346,4.488,1595.3254,12973074
2022-07-04,12977362,4.494,1597.7906,12975986
2022-07-05,12979058,4.484,1594.3649,12977618
2022-07-06,12983250,4.488,1596.0813,12979506
2022-07-07,12986162,4.501,1601.3576,12984914
2022-07-08,12990226,4.502,1602.071,12987602
2022-07-09,12993650,4.505,1603.3783,12991634
2022-07-10,12999569,4.499,1601.6441,12995025
2022-07-11,13002161,4.47,1592.1895,13001617
2022-07-12,13004977,4.474,1593.9813,13003153
2022-07-13,13007505,4.473,1593.7838,13006321
2022-07-14,13048593,4.458,1591.2671,13027249
2022-07-15,13077041,4.477,1603.0466,13070449
2022-07-16,13084625,4.465,1600.3989,13082801
2022-07-17,13087889,4.487,1608.7588,13086929
2022-07-18,13091505,4.493,1611.1237,13089809
2022-07-19,13102001,4.483,1609.0635,13100625
2022-07-20,13106545,4.469,1604.504,13103409
2022-07-21,13120849,4.476,1607.4232,13109329
2022-07-22,13129457,4.495,1616.6823,13127889
2022-07-23,13130961,4.506,1621.0908,13130737
2022-07-24,13132944,4.496,1617.6453,13132144
2022-07-25,13134224,4.501,1619.7402,13133680
2022-07-26,13135856,4.49,1615.7551,13134992
2022-07-27,13144624,4.515,1624.8311,13136816
2022-07-28,13151056,4.416,1590.3185,13145264
2022-07-29,13158512,4.489,1617.8737,13153840
2022-07-30,13163376,4.491,1618.9868,13159440
2022-07-31,13167632,4.494,1620.868,13165040
2022-08-01,13170672,4.495,1621.6878,13168656
2022-08-02,13174064,4.485,1618.4797,13171120
2022-08-03,13177296,4.487,1619.5554,13175088
2022-08-04,13181265,4.485,1619.1467,13178033
2022-08-05,13184305,4.482,1618.6219,13182289
2022-08-06,13187697,4.463,1612.3774,13185905
2022-08-07,13190769,4.499,1625.573,13188369
2022-08-08,13194801,4.475,1617.3317,13192497
2022-08-09,13200209,4.481,1619.9399,13195537
2022-08-10,13216528,4.485,1621.9399,13200976
2022-08-11,13232784,4.482,1623.1025,13218608
2022-08-12,13256400,4.475,1623.2308,13240464
2022-08-13,13279024,4.474,1626.8657,13273168
2022-08-14,13283664,4.477,1629.1189,13280592
2022-08-15,13289264,4.442,1617.2865,13287952
2022-08-16,13292752,4.459,1623.7357,13289936
2022-08-17,13306832,4.453,1621.9202,13294704
2022-08-18,13311472,4.434,1616.6039,13307280
2022-08-19,13316848,4.474,1632.0786,13314448
2022-08-20,13320080,4.46,1627.2236,13317712
2022-08-21,13323248,4.451,1624.7886,13322768
2022-08-22,13326960,4.445,1622.5066,13324016
2022-08-23,13330704,4.437,1620.5483,13330064
2022-08-24,13343760,4.429,1618.701,13338992
2022-08-25,13355792,4.378,1601.0387,13348048
2022-08-26,13359215,4.457,1631.0421,13356623
2022-08-27,13368943,4.451,1629.8669,13366575
2022-08-28,13371247,4.429,1622.3106,13369039
2022-08-29,13374351,4.429,1622.6098,13372815
2022-08-30,13380975,4.409,1615.8385,13376463
2022-08-31,13392751,4.442,1629.1385,13385711
2022-09-01,13387023,4.416,1618.4877,13376047
2022-09-02,13430223,4.406,1618.486,13408847
2022-09-03,13473327,4.413,1626.3142,13451695
2022-09-04,13484399,4.398,1624.6807,13482799
2022-09-05,13486703,4.376,1616.8377,13484623
2022-09-06,13497710,4.158,1536.581,13488110
2022-09-07,13504974,4.326,1599.9097,13499310
2022-09-08,13535086,4.357,1613.0397,13513774
2022-09-09,13578285,4.369,1622.6557,13556974
2022-09-10,13596909,4.375,1628.9334,13590541
2022-09-11,13601293,4.371,1628.297,13598317
2022-09-12,13621356,4.369,1628.4139,13605613
2022-09-13,13664524,4.382,1637.997,13643212
2022-09-14,13669676,4.834,1809.9098,13666252
2022-09-15,13674316,5.854,2192.654,13671148
2022-09-16,13709804,5.611,2105.1993,13694252
2022-09-17,13726795,5.232,1965.7963,13714988
2022-09-18,13748715,5.802,2183.1156,13734059
2022-09-19,13765674,5.533,2085.8867,13760138
2022-09-20,13790186,5.744,2167.9323,13776490
2022-09-21,13805930,6.249,2362.1241,13796650
2022-09-22,13826730,5.639,2134.1342,13814186
2022-09-23,13854985,5.594,2120.2431,13833674
2022-09-24,13898153,5.306,2017.197,13876841
2022-09-25,13912744,5.663,2157.6884,13906856
2022-09-26,13924744,5.732,2185.4589,13915848
2022-09-27,13956200,5.62,2146.5275,13940680
2022-09-28,13980136,5.812,2224.7727,13972232
2022-09-29,13997960,5.669,2172.2946,13986408
2022-09-30,14018312,5.513,2115.192,14005352
2022-10-01,14046248,5.216,2005.2939,14033768
2022-10-02,14059911,5.335,2053.2707,14047464
2022-10-03,14069479,5.403,2081.6201,14063143
2022-10-04,14080102,5.396,2080.1374,14071271
2022-10-05,14089222,5.828,2248.9832,14084422
2022-10-06,14101510,5.449,2103.8221,14091718
2022-10-07,14115142,5.673,2192.8603,14108102
2022-10-08,14131334,5.187,2006.9081,14122950
2022-10-09,14136102,5.379,2082.9666,14133606
2022-10-10,14147270,5.542,2147.5171,14144070
2022-10-11,14156869,5.309,2058.601,14153189
2022-10-12,14165413,5.449,2113.6403,14158885
2022-10-13,14188772,5.829,2263.9908,14176516
2022-10-14,14198468,5.309,2064.5099,14194564
2022-10-15,14206852,5.337,2077.1515,14204996
2022-10-16,14216164,5.351,2083.1289,14208644
2022-10-17,14226019,6.016,2344.0743,14221315
2022-10-18,14242371,5.698,2221.473,14229283
2022-10-19,14283843,5.978,2336.0769,14262531
2022-10-20,14318083,5.947,2330.0563,14300003
2022-10-21,14336131,5.778,2267.0468,14322083
2022-10-22,14360226,5.368,2108.9377,14340419
2022-10-23,14374178,5.36,2110.012,14369762
2022-10-24,14384226,5.445,2145.0098,14379298
2022-10-25,14400194,5.687,2242.2913,14390658
2022-10-26,14436866,5.624,2221.0701,14415554
2022-10-27,14471042,5.42,2145.9522,14452610
2022-10-28,14514241,5.464,2169.7583,14492930
2022-10-29,14543617,5.354,2130.7581,14526657
2022-10-30,14586401,5.233,2088.4422,14565441
2022-10-31,14620961,5.548,2220.409,14608257
2022-11-01,14647265,5.515,2211.1382,14633473
2022-11-02,14674881,5.636,2263.1135,14655297
2022-11-03,14693761,7.223,2907.2002,14690273
2022-11-04,14722177,5.552,2236.1818,14700033
2022-11-05,14736545,5.035,2031.6599,14727393
2022-11-06,14749312,5.215,2106.713,14743648
2022-11-07,14761120,5.822,2353.48,14754880
2022-11-08,14772896,7.318,2960.1646,14764160
2022-11-09,14800128,8.004,3242.4772,14787200
2022-11-10,14821728,6.707,2721.2132,14808384
2022-11-11,14844735,6.375,2589.9684,14828800
2022-11-12,14884191,5.257,2140.1267,14859327
2022-11-13,14903359,5.855,2389.332,14895327
2022-11-14,14943583,5.572,2278.9981,14928895
2022-11-15,14973983,5.328,2183.2556,14956799
2022-11-16,14993503,5.331,2189.153,14989247
2022-11-17,15011711,5.764,2369.1741,15003359
2022-11-18,15040863,4.97,2044.7313,15017247
2022-11-19,15078495,5.043,2080.1377,15056927
2022-11-20,15095296,5.151,2128.6855,15085151
2022-11-21,15126080,5.299,2193.3263,15106464
2022-11-22,15153952,5.331,2210.7109,15135584
2022-11-23,15193600,5.04,2094.6923,15168736
2022-11-24,15244000,4.965,2070.1286,15219136
2022-11-25,15294400,4.858,2032.1052,15269536
2022-11-26,15335552,4.806,2017.101,15319904
2022-11-27,15344128,4.931,2072.3241,15338816
2022-11-28,15351488,5.038,2118.3659,15348736
2022-11-29,15362624,5.051,2125.4002,15358752
2022-11-30,15394944,5.005,2107.6674,15370080
2022-12-01,15414880,5.011,2115.2616,15406016
2022-12-02,15446783,4.921,2080.0791,15428480
2022-12-03,15475071,4.714,1997.2017,15465503
2022-12-04,15482719,4.829,2047.7303,15478015
2022-12-05,15490399,4.979,2112.3901,15487007
2022-12-06,15503551,4.847,2058.1553,15498495
2022-12-07,15518847,5.402,2295.1024,15508543
2022-12-08,15529727,4.957,2108.2269,15523999
2022-12-09,15546814,4.879,2076.3053,15534207
2022-12-10,15575038,4.812,2051.5886,15562590
2022-12-11,15580830,4.831,2061.5305,15577118
2022-12-12,15593406,4.985,2128.5528,15586110
2022-12-13,15596542,5.069,2165.2873,15590622
2022-12-14,15608669,5.062,2164.0054,15604830
2022-12-15,15617757,5.063,2165.8826,15614717
2022-12-16,15630141,5.245,2245.355,15624317
2022-12-17,15645821,4.845,2075.1469,15634781
2022-12-18,15662492,4.734,2030.1517,15652636
2022-12-19,15668188,5.025,2156.7848,15665884
2022-12-20,15683387,4.896,2103.0918,15677148
2022-12-21,15690363,4.878,2096.2511,15686459
2022-12-22,15703994,4.87,2094.5659,15697723
2022-12-23,15711514,4.77,2052.8608,15708282
2022-12-24,15723865,4.597,1979.6167,15718458
2022-12-25,15726617,4.73,2038.0258,15726009
2022-12-26,15734871,4.783,2061.3014,15729049
2022-12-27,15741398,4.893,2110.0983,15741399
2022-12-28,15771478,4.853,2096.1575,15766262
2022-12-29,15779574,4.808,2078.1734,15776854
2022-12-30,15797046,4.812,2081.3029,15786902
2022-12-31,15804310,4.697,2033.7276,15803094
2023-01-01,15812660,4.811,2083.2313,15806005
2023-01-02,15818578,4.974,2155.438,15816627
2023-01-03,15827408,5.042,2185.8613,15824466
2023-01-04,15843984,6.534,2833.7866,15830608
2023-01-05,15847855,4.924,2137.7429,15845519
2023-01-06,15867662,4.915,2135.0087,15855311
2023-01-07,15886638,4.789,2083.5911,15880878
2023-01-08,15899758,4.953,2156.4794,15891790
2023-01-09,15908270,4.961,2161.5046,15903886
2023-01-10,15920814,4.919,2144.7854,15915854
2023-01-11,15934606,5.106,2227.3294,15922734
2023-01-12,15965230,5.102,2228.9031,15945166
2023-01-13,15971918,5.461,2388.935,15967566
2023-01-14,15987950,4.921,2154.7272,15982350
2023-01-15,16001070,5.04,2208.1369,15990446
2023-01-16,16022446,5.267,2310.2362,16010894
2023-01-17,16034412,5.114,2245.7559,16027725
2023-01-18,16046986,5.319,2337.1403,16037483
2023-01-19,16066090,4.902,2155.6458,16051818
2023-01-20,16093417,5.182,2283.4093,16083818
2023-01-21,16102121,4.861,2143.8882,16097225
2023-01-22,16114153,4.85,2140.7504,16109769
2023-01-23,16122313,5.014,2214.4513,16120297
2023-01-24,16158409,5.727,2531.4349,16133545
2023-01-25,16204681,5.231,2319.2012,16183945
2023-01-26,16234473,5.423,2410.4536,16223337
2023-01-27,16246377,4.987,2219.037,16241321
2023-01-28,16257385,4.795,2134.7124,16251017
2023-01-29,16270633,4.88,2175.1264,16267497
2023-01-30,16287913,5.106,2277.2898,16279913
2023-01-31,16302089,5.066,2261.6456,16295625
2023-02-01,16334729,5.309,2372.6767,16313225
2023-02-02,16358825,5.2,2328.6633,16345161
2023-02-03,16373224,5.06,2268.3348,16363816
2023-02-04,16386312,4.909,2203.1068,16380712
2023-02-05,16408648,4.888,2195.5707,16394888
2023-02-06,16422823,5.3,2384.2878,16418952
2023-02-07,16435015,5.393,2427.3717,16430023
2023-02-08,16445703,5.294,2384.623,16441447
2023-02-09,16467783,5.172,2332.6764,16461959
2023-02-10,16502023,4.887,2206.3211,16477159
2023-02-11,16519239,4.763,2154.8497,16511911
2023-02-12,16541287,4.995,2261.2571,16524487
2023-02-13,16552583,4.949,2243.378,16545831
2023-02-14,16574471,5.628,2553.156,16557223
2023-02-15,16597415,5.388,2448.3147,16586119
2023-02-16,16613127,5.225,2376.5328,16603079
2023-02-17,16647911,5.136,2339.4164,16626887
2023-02-18,16660423,4.9,2235.6262,16653991
2023-02-19,16673831,5.062,2311.2662,16664359
2023-02-20,16693767,5.565,2543.5528,16683239
2023-02-21,16733799,5.171,2367.256,16708935
2023-02-22,16770470,4.965,2279.0522,16755302
2023-02-23,16798598,4.853,2231.0635,16779910
2023-02-24,16821765,4.787,2205.212,16816038
2023-02-25,16836900,4.638,2138.9532,16831684
2023-02-26,16892452,4.688,2166.1853,16864036
2023-02-27,16950052,4.946,2293.1179,16921636
2023-02-28,17007651,4.964,2309.3352,16979204
2023-03-01,17065187,5.18,2417.9342,17036771
2023-03-02,17122787,5.111,2393.6481,17094371
2023-03-03,17180387,4.863,2285.2446,17151939
2023-03-04,17237955,4.699,2215.7754,17209539
2023-03-05,17295523,4.793,2267.303,17267075
2023-03-06,17353092,4.987,2366.919,17324676
2023-03-07,17410660,4.902,2334.6298,17382244
2023-03-08,17468258,4.852,2318.2705,17439811
2023-03-09,17490946,5.019,2404.8563,17488258
2023-03-10,17530690,7.893,3788.5273,17518946
2023-03-11,17542049,5.236,2515.803,17536738
2023-03-12,17560256,6.208,2985.245,17550464
2023-03-13,17573626,5.117,2462.9045,17567680
2023-03-14,17587692,5.171,2490.358,17577231
2023-03-15,17608458,5.285,2548.3771,17598379
2023-03-16,17626986,4.861,2345.3041,17610602
2023-03-17,17648106,4.775,2307.0037,17633162
2023-03-18,17668618,4.553,2202.2691,17654154
2023-03-19,17685098,4.929,2386.6712,17672874
2023-03-20,17695658,4.858,2354.2601,17687498
2023-03-21,17722986,4.715,2288.7974,17717002
2023-03-22,17732874,4.734,2298.9991,17724842
2023-03-23,17758602,4.695,2281.6587,17737610
2023-03-24,17783370,4.543,2212.0117,17771722
2023-03-25,17796042,4.441,2164.2643,17786378
2023-03-26,17806538,4.766,2324.5568,17801834
2023-03-27,17818057,5.225,2549.7116,17811561
2023-03-28,17829033,4.86,2372.723,17821001
2023-03-29,17855272,4.909,2399.9566,17844201
2023-03-30,17875208,4.655,2278.6072,17868168
2023-03-31,17904328,4.708,2306.4741,17881288
2023-04-01,17960392,4.435,2178.8577,17933480
2023-04-02,17968360,4.526,2227.383,17963496
2023-04-03,17977064,4.849,2387.3441,17971848
2023-04-04,17986728,4.654,2292.4949,17979848
2023-04-05,17997032,4.432,2184.8176,17993928
2023-04-06,18024070,4.429,2185.4343,18012135
2023-04-07,18038438,4.382,2164.9392,18033894
2023-04-08,18041510,4.538,2241.8609,18030534
2023-04-09,18030886,4.356,2147.988,17998118
2023-04-10,18005126,4.593,2265.2973,18000166
2023-04-11,18008582,4.916,2424.6884,18002822
2023-04-12,18014182,4.237,2086.3369,17973414
2023-04-13,17972764,4.684,2301.6448,17936422
2023-04-14,17972763,4.611,2263.1456,17915389
2023-04-15,17972763,4.305,2113.2163,17915419
2023-04-16,17972763,4.882,2396.0837,17915419
2023-04-17,17972763,5.437,2668.4801,17915419
2023-04-18,17972763,6.412,3147.2248,17915419
2023-04-19,17972763,6.384,3133.6337,17915419
2023-04-20,17972761,5.827,2859.8848,17915356
2023-04-21,17972761,5.04,2473.7502,17915417
2023-04-22,17972773,5.333,2617.4542,17915429
2023-04-23,17972773,5.258,2580.5941,17915429
2023-04-24,17972773,5.383,2642.1781,17915429
2023-04-25,17972773,5.082,2494.2989,17915429
2023-04-26,17972773,5.274,2588.737,17915429
2023-04-27,17972773,5.314,2608.4888,17915429
2023-04-28,17972773,5.127,2516.4781,17915429
2023-04-29,17972773,5.087,2496.779,17915429
2023-04-30,17972773,6.103,2995.783,17915429
2023-05-01,17972773,6.739,3307.6803,17915429
2023-05-02,17972773,6.627,3252.5692,17915429
2023-05-03,17972776,6.295,3089.5889,17915432
2023-05-04,17972776,6.663,3270.4138,17915432
2023-05-05,17972776,8.618,4229.7802,17915432
2023-05-06,17972776,7.687,3773.1524,17915432
2023-05-07,17972777,8.299,4077.801,17933996
2023-05-08,18003528,6.72,3307.2706,17963531
2023-05-09,18044550,6.835,3373.3016,18013706
2023-05-10,18082981,8.01,3961.5739,18052326
2023-05-11,18129188,7.385,3660.8553,18092452
2023-05-12,18173349,5.626,2796.3869,18143045
2023-05-13,18224389,5.267,2625.3519,18194245
2023-05-14,18274565,5.503,2749.984,18239141
2023-05-15,18319461,6.634,3321.0647,18272805
2023-05-16,18355685,5.488,2752.4553,18306117
2023-05-17,18385957,5.675,2853.3981,18352293
2023-05-18,18420741,6.122,3083.4175,18382181
2023-05-19,18462309,5.074,2562.0035,18428357
2023-05-20,18511076,4.968,2515.1884,18478757
2023-05-21,18561092,5.337,2709.6647,18531236
2023-05-22,18612420,5.834,2969.3509,18577412
2023-05-23,18654660,5.602,2858.2424,18623972
2023-05-24,18705220,5.709,2920.689,18674470
2023-05-25,18759302,5.509,2826.3902,18727750
2023-05-26,18808102,5.47,2813.9663,18778278
2023-05-27,18862342,4.891,2523.0476,18828998
2023-05-28,18919110,5.57,2881.3352,18882726
2023-05-29,18957542,5.267,2730.7249,18922374
2023-05-30,19017222,5.359,2786.2813,18976902
2023-05-31,19058886,5.354,2789.6887,19019558
2023-06-01,19111654,5.063,2645.2446,19068710
2023-06-02,19157286,4.865,2549.0978,19124390
2023-06-03,19220358,4.646,2442.4677,19187174
2023-06-04,19283174,4.665,2460.2679,19250567
2023-06-05,19346533,5.041,2666.001,19303813
2023-06-06,19380965,4.724,2500.2797,19318821
2023-06-07,19398692,4.745,2516.5528,19357573
2023-06-08,19422115,4.791,2542.7497,19373543
2023-06-09,19460131,4.934,2625.3492,19421572
2023-06-10,19509505,4.36,2326.4105,19473825
2023-06-11,19566913,4.409,2358.0161,19521345
2023-06-12,19599617,4.434,2373.0465,19535105
2023-06-13,19599617,4.5,2408.4302,19535105
2023-06-14,19610753,4.597,2465.3549,19574465
2023-06-15,19665889,4.611,2480.1309,19631268
2023-06-16,19725316,4.793,2584.3372,19681156
2023-06-17,19775620,4.639,2509.3019,19741828
2023-06-18,19837668,4.403,2388.4582,19800132
2023-06-19,19893605,4.57,2486.4098,19856997
2023-06-20,19949029,4.641,2532.2606,19913605
2023-06-21,19991845,4.692,2565.029,19953160
2023-06-22,20044585,4.647,2547.9669,20010985
2023-06-23,20103881,4.557,2505.4907,20070313
2023-06-24,20165416,4.29,2366.1489,20132457
2023-06-25,20227560,4.237,2344.2033,20193960
2023-06-26,20287368,4.417,2450.7793,20252296
2023-06-27,20346696,5.073,2823.2955,20312456
2023-06-28,20406953,4.795,2676.1684,20372649
2023-06-29,20467498,5.022,2811.4573,20431722
2023-06-30,20526282,4.844,2719.5211,20492266
2023-07-01,20587434,4.433,2496.4355,20554288
2023-07-02,20648168,4.555,2572.0922,20611368
2023-07-03,20702120,4.533,2566.571,20666024
2023-07-04,20749799,4.475,2539.0393,20711016
2023-07-05,20804807,4.667,2655.3572,20768839
2023-07-06,20863111,4.914,2804.3181,20828327
2023-07-07,20916134,4.815,2751.3899,20856936
2023-07-08,20936673,4.551,2606.4854,20902949
2023-07-09,21002273,4.597,2640.2687,20965505
2023-07-10,21053473,4.752,2736.0649,21015457
2023-07-11,21120545,4.501,2599.4563,21081826
2023-07-12,21186272,4.656,2697.672,21149312
2023-07-13,21253728,4.75,2760.9906,21215808
2023-07-14,21320576,4.416,2575.0064,21282176
2023-07-15,21387392,4.455,2606.0323,21351104
2023-07-16,21456609,4.708,2762.9911,21419681
2023-07-17,21519713,4.54,2671.9446,21480577
2023-07-18,21580320,4.698,2772.8461,21542433
2023-07-19,21646144,4.839,2864.8469,21607424
2023-07-20,21710528,4.785,2840.7704,21670464
2023-07-21,21776224,4.743,2824.9482,21740096
2023-07-22,21845952,4.512,2695.1624,21803040
2023-07-23,21908607,4.694,2812.7957,21871392
2023-07-24,21975935,4.886,2936.6397,21935618
2023-07-25,22041246,4.824,2907.1963,21998558
2023-07-26,22103358,4.777,2888.2538,22066590
2023-07-27,22168958,4.813,2918.2024,22128478
2023-07-28,22230750,4.695,2854.5297,22194046
2023-07-29,22299646,4.265,2601.5826,22263198
2023-07-30,22365054,4.495,2749.9671,22328606
2023-07-31,22425886,4.323,2651.3165,22383966
2023-08-01,22487774,4.395,2703.0873,22448094
2023-08-02,22550718,4.468,2756.0837,22513854
2023-08-03,22602398,4.286,2649.5718,22564638
2023-08-04,22669566,4.232,2624.351,22633342
2023-08-05,22735806,4.239,2636.2768,22699070
2023-08-06,22798270,4.254,2652.47,22760734
2023-08-07,22861662,4.321,2701.8636,22824702
2023-08-08,22922462,4.338,2718.256,22872990
2023-08-09,22978718,4.251,2672.0096,22941566
2023-08-10,23046270,4.24,2672.7403,23007710
2023-08-11,23111486,4.108,2596.7151,23070718
2023-08-12,23185309,4.096,2597.3143,23145726
2023-08-13,23262682,4.096,2605.836,23219325
2023-08-14,23335032,4.209,2684.8939,23284186
2023-08-15,23398104,4.457,2851.9433,23353944
2023-08-16,23469107,4.319,2771.1012,23417043
2023-08-17,23533971,4.485,2886.3736,23492403
2023-08-18,23607859,4.14,2673.4353,23567539
2023-08-19,23684819,3.983,2579.6873,23639412
2023-08-20,23754803,4.09,2654.307,23689715
2023-08-21,23787795,4.2,2732.3337,23746588
2023-08-22,23859760,4.189,2733.2987,23817904
2023-08-23,23932272,4.126,2700.1231,23887568
2023-08-24,24003920,4.259,2795.5752,23958448
2023-08-25,24075024,4.082,2687.4248,24031664
2023-08-26,24137007,3.842,2536.4336,24094128
2023-08-27,24201263,4.038,2673.0541,24160015
2023-08-28,24275887,4.479,2973.8206,24234095
2023-08-29,24346671,4.208,2802.2094,24305808
2023-08-30,24414158,4.018,2682.9328,24369230
2023-08-31,24483245,3.962,2652.7407,24438317
2023-09-01,24545229,3.877,2602.8285,24503821
2023-09-02,24619309,3.75,2525.2894,24578509
2023-09-03,24694701,3.853,2602.5842,24654829
2023-09-04,24769677,3.891,2636.1628,24728045
2023-09-05,24843021,4.117,2796.1194,24790573
2023-09-06,24899565,3.917,2666.9529,24853261
2023-09-07,24966285,4.005,2734.7241,24923277
2023-09-08,25017037,4.18,2859.9154,24974925
2023-09-09,25089901,3.798,2606.4915,25048141
2023-09-10,25164397,3.776,2599.3904,25124237
2023-09-11,25246189,4.047,2792.8513,25190189
2023-09-12,25315597,3.936,2724.1871,25264653
2023-09-13,25391757,3.926,2726.4243,25346573
2023-09-14,25465868,3.91,2723.3151,25422348
2023-09-15,25539978,3.851,2690.3524,25496173
2023-09-16,25623785,3.603,2524.7785,25578506
2023-09-17,25704809,3.689,2592.6557,25654825
2023-09-18,25780553,3.871,2727.3558,25719081
2023-09-19,25840041,3.871,2732.3201,25763945
2023-09-20,25885512,3.839,2717.6063,25836840
2023-09-21,25962407,3.821,2712.9157,25917513
2023-09-22,26041000,3.638,2590.873,25997064
2023-09-23,26124551,3.548,2535.3264,26080776
2023-09-24,26203014,3.63,2601.1598,26157415
2023-09-25,26284424,3.852,2768.7237,26235144
2023-09-26,26350664,3.798,2736.4438,26298056
2023-09-27,26414696,3.724,2689.7774,26364936
2023-09-28,26487208,3.667,2656.0388,26439880
2023-09-29,26564711,3.652,2653.4208,26520647
2023-09-30,26644999,3.572,2603.0664,26598311
2023-10-01,26725190,3.805,2781.7633,26681095
2023-10-02,26806438,3.894,2855.2401,26760774
2023-10-03,26870656,3.712,2727.7011,26820390
2023-10-04,26917248,3.567,2623.364,26844544
2023-10-05,26934624,3.566,2627.2264,26888352
2023-10-06,27010496,3.556,2626.9648,26963040
2023-10-07,27088384,3.441,2549.0484,27039776
2023-10-08,27166847,3.474,2581.1117,27121183
2023-10-09,27241855,3.517,2620.1187,27195615
2023-10-10,27311807,3.52,2626.0025,27230783
2023-10-11,27347294,3.499,2616.4741,27296927
2023-10-12,27432254,3.567,2675.6295,27382014
2023-10-13,27490654,3.571,2685.5227,27448126
2023-10-14,27556414,3.388,2554.6286,27522206
2023-10-15,27581821,3.502,2645.4832,27571329
2023-10-16,27591996,3.66,2764.8162,27574205
2023-10-17,27621500,3.555,2685.2714,27572060
2023-10-18,27629595,3.517,2656.8423,27573947
2023-10-19,27612411,3.738,2825.7952,27590299
2023-10-20,27629274,3.638,2752.0655,27612378
2023-10-21,27647226,3.52,2663.902,27625178
2023-10-22,27663354,3.604,2729.5112,27642266
2023-10-23,27641082,3.945,2983.0015,27598106
2023-10-24,27653434,3.66,2768.6427,27609946
2023-10-25,27671130,3.868,2928.9849,27636218
2023-10-26,27680248,3.79,2869.1624,27629787
2023-10-27,27684728,3.742,2836.9871,27669560
2023-10-28,27707256,3.609,2736.3527,27677784
2023-10-29,27721144,3.638,2761.2295,27703480
2023-10-30,27755352,3.832,2910.1509,27720728
2023-10-31,27845240,3.691,2808.5148,27772376
2023-11-01,27882072,3.81,2905.4043,27830776
2023-11-02,27896088,3.727,2841.9317,27831448
2023-11-03,27884119,3.707,2829.206,27856728
2023-11-04,27941463,3.6,2750.6426,27892183
2023-11-05,28003735,3.738,2864.5543,27971447
2023-11-06,28041815,3.764,2887.3941,27999927
2023-11-07,28099351,3.665,2815.9799,28045111
2023-11-08,28147447,3.779,2909.8848,28105911
2023-11-09,28184023,3.994,3073.655,28090839
2023-11-10,28194135,3.858,2973.8845,28134711
2023-11-11,28211350,3.702,2857.3373,28172790
2023-11-12,28214838,3.926,3029.2152,28166134
2023-11-13,28215382,4.285,3302.8079,28131126
2023-11-14,28186070,3.916,3022.1528,28169878
2023-11-15,28221748,3.854,2976.8649,28195414
2023-11-16,28236308,3.718,2874.9559,28221524
2023-11-17,28283188,3.771,2917.8903,28240916
2023-11-18,28324211,3.604,2795.0059,28310036
2023-11-19,28345971,3.681,2854.755,28304371
2023-11-20,28319763,3.688,2854.7681,28254931
2023-11-21,28307379,3.803,2942.1314,28237107
2023-11-22,28290483,3.967,3068.8821,28233203
2023-11-23,28306739,3.679,2843.8097,28213555
2023-11-24,28306739,3.667,2834.5051,28213555
2023-11-25,28261491,3.56,2748.4519,28179859
2023-11-26,28202770,3.721,2869.5011,28146034
2023-11-27,28144337,3.877,2982.4459,28077202
2023-11-28,28149041,4.051,3122.1576,28129426
2023-11-29,28159921,3.914,3016.5433,28132017
2023-11-30,28174993,3.909,3014.7378,28148593
2023-12-01,28240241,3.902,3011.4915,28168497
2023-12-02,28288784,3.662,2832.8669,28236689
2023-12-03,28357552,3.842,2979.3006,28306544
2023-12-04,28429168,3.877,3009.5587,28335984
2023-12-05,28429168,3.926,3047.7332,28336336
2023-12-06,28456303,3.882,3020.2055,28398352
2023-12-07,28486286,3.862,3009.4866,28440719
2023-12-08,28497709,3.77,2938.6383,28448045
2023-12-09,28473772,3.594,2800.5422,28444717
2023-12-10,28461516,3.677,2864.3888,28436717
2023-12-11,28431211,3.761,2925.9233,28392523
2023-12-12,28455787,3.924,3050.9833,28380747
2023-12-13,28458923,3.774,2937.4887,28411980
2023-12-14,28503020,4.201,3275.4791,28460012
2023-12-15,28526636,3.865,3015.6114,28477132
2023-12-16,28501388,3.649,2847.7172,28482477
2023-12-17,28497260,3.769,2940.2142,28473356
2023-12-18,28499242,3.847,2998.8181,28452778
2023-12-19,28492901,3.65,2845.2898,28450469
2023-12-20,28536572,3.702,2887.7351,28470428
2023-12-21,28553852,3.683,2874.8415,28487804
2023-12-22,28551772,3.667,2862.3087,28489692
2023-12-23,28586043,3.572,2789.4373,28504667
2023-12-24,28594426,3.683,2883.1333,28570458
2023-12-25,28611546,3.512,2750.3996,28586618
2023-12-26,28647546,3.59,2813.4771,28604986
2023-12-27,28638617,3.71,2908.37,28614010
2023-12-28,28695993,3.769,2957.9269,28643609
2023-12-29,28769945,3.481,2737.8718,28704153
2023-12-30,28795385,3.422,2695.7382,28755193
2023-12-31,28867224,3.362,2655.2949,28825689
2024-01-01,28907832,3.468,2743.2462,28868184
2024-01-02,28926391,3.53,2794.7482,28895927
2024-01-03,28959957,3.852,3050.6612,28909462
2024-01-04,29006773,3.498,2772.3371,28925205
2024-01-05,28937169,3.43,2713.0908,28874036
2024-01-06,28907057,3.291,2599.0773,28822577
2024-01-07,28835057,3.398,2678.8074,28774196
2024-01-08,28763152,3.546,2788.3785,28701008
2024-01-09,28723504,3.656,2870.1886,28652208
2024-01-10,28693746,3.953,3098.2926,28611250
2024-01-11,28693746,3.501,2743.0148,28600562
2024-01-12,28664722,3.635,2850.3692,28617586
2024-01-13,28690098,3.604,2831.0,28670578
2024-01-14,28707569,3.543,2781.8243,28659634
2024-01-15,28670066,3.687,2894.5015,28654738
2024-01-16,28704561,3.849,3022.8583,28667537
2024-01-17,28739377,3.684,2897.6702,28709809
2024-01-18,28799153,3.738,2944.7339,28756593
2024-01-19,28876657,3.601,2843.5066,28825073
2024-01-20,28951768,3.473,2748.5797,28890397
2024-01-21,28984056,3.346,2654.6534,28960568
2024-01-22,28980439,3.523,2789.9049,28904824
2024-01-23,28948119,3.432,2716.3034,28892055
2024-01-24,28949493,3.532,2792.2166,28856310
2024-01-25,28940308,3.656,2890.6863,28856246
2024-01-26,28927828,3.394,2681.4376,28834644
2024-01-27,28964468,3.332,2639.2956,28915988
2024-01-28,29053523,3.398,2699.8146,29003123
2024-01-29,29124499,3.583,2852.4997,29057939
2024-01-30,29164212,3.891,3105.3168,29131446
2024-01-31,29215476,3.645,2913.8026,29178548
2024-02-01,29293812,3.675,2944.3531,29241620
2024-02-02,29375862,3.665,2941.6664,29293494
2024-02-03,29420373,3.375,2714.9235,29363638
2024-02-04,29510261,3.297,2660.7946,29454198
2024-02-05,29567027,3.586,2899.923,29515060
2024-02-06,29628467,3.54,2868.8378,29575667
2024-02-07,29721746,3.805,3091.4983,29655699
2024-02-08,29784402,4.101,3339.8461,29722994
2024-02-09,29844402,3.883,3164.1591,29744050
2024-02-10,29883890,3.581,2926.4711,29830738
2024-02-11,29976242,3.538,2900.0446,29921298
2024-02-12,30050418,3.959,3252.0803,29979154
2024-02-13,30119922,3.541,2916.9733,30064148
2024-02-14,30175155,3.487,2877.1399,30119638
2024-02-15,30234354,3.745,3094.4675,30162003
2024-02-16,30286195,3.363,2785.4014,30231827
2024-02-17,30380050,3.425,2845.552,30325394
2024-02-18,30469042,3.456,2879.202,30407282
2024-02-19,30540017,3.51,2931.714,30483857
2024-02-20,30625393,3.549,2970.5063,30552497
2024-02-21,30662764,3.511,2940.0128,30562287
2024-02-22,30662763,3.533,2959.938,30581808
2024-02-23,30724880,3.486,2928.6862,30666032
2024-02-24,30806672,3.333,2808.1448,30753072
2024-02-25,30849421,3.396,2867.6381,30825427
2024-02-26,30873777,3.575,3019.7536,30832209
2024-02-27,30941648,3.574,3024.0117,30883634
2024-02-28,30998319,3.744,3172.0294,30920687
2024-02-29,31046351,3.49,2962.2022,30977199
2024-03-01,31113167,3.595,3058.318,31048111
2024-03-02,31186991,3.464,2954.5522,31129423
2024-03-03,31275983,3.632,3105.069,31202671
2024-03-04,31325552,3.911,3346.8186,31238544
2024-03-05,31320847,3.979,3406.752,31254288
2024-03-06,31291279,3.869,3308.5801,31212367
2024-03-07,31279600,3.684,3151.3545,31221328
2024-03-08,31312336,3.524,3017.9523,31256592
2024-03-09,31357104,3.583,3072.058,31291600
2024-03-10,31371952,3.727,3198.5084,31328209
2024-03-11,31357135,3.716,3185.2676,31289167
2024-03-12,31322831,3.679,3150.5924,31258639
2024-03-13,31293775,3.482,2981.8697,31261840
2024-03-14,31315405,3.617,3096.6753,31251213
2024-03-15,31284109,3.398,2905.1729,31205261
2024-03-16,31240910,3.428,2929.8469,31196110
2024-03-17,31274734,3.343,2858.9758,31212718
2024-03-18,31266190,3.543,3029.4874,31212334
2024-03-19,31273682,3.471,2970.3462,31237171
2024-03-20,31313968,3.468,2970.4372,31264816
2024-03-21,31342480,3.354,2875.737,31296048
2024-03-22,31337744,3.343,2862.545,31258896
2024-03-23,31324560,3.202,2742.2211,31260976
2024-03-24,31344336,3.252,2789.0878,31304657
2024-03-25,31357615,3.419,2931.5191,31293679
2024-03-26,31360911,3.411,2924.854,31294287
2024-03-27,31349339,3.348,2869.9435,31288860
2024-03-28,31324538,3.482,2980.752,31245690
2024-03-29,31288602,3.303,2825.4782,31223578
2024-03-30,31297050,3.317,2840.2,31252698
2024-03-31,31328059,3.33,2853.781,31277499
2024-04-01,31313179,3.557,3043.5239,31234331
2024-04-02,31290011,3.527,3018.104,31234844
2024-04-03,31306076,3.605,3087.4119,31260092
2024-04-04,31333916,3.478,2980.0782,31276284
2024-04-05,31328668,3.398,2912.5076,31288477
2024-04-06,31359707,3.319,2848.0007,31321723
2024-04-07,31393305,3.358,2882.2415,31326745
2024-04-08,31362394,3.422,2936.3021,31321466
2024-04-09,31384634,3.316,2846.5242,31335770
2024-04-10,31389274,3.369,2892.7275,31337722
2024-04-11,31391290,3.334,2863.3937,31344506
2024-04-12,31416058,3.491,3000.5927,31376026
2024-04-13,31452666,3.67,3158.8147,31412506
2024-04-14,31482330,3.245,2794.9736,31433722
2024-04-15,31503322,3.418,2944.859,31447610
2024-04-16,31497050,3.296,2840.1329,31454490
2024-04-17,31522650,3.271,2821.5881,31486010
2024-04-18,31561274,3.332,2877.8603,31524762
2024-04-19,31599642,3.177,2748.0248,31567738
2024-04-20,31647546,3.146,2724.4199,31612186
2024-04-21,31695482,3.287,2851.5,31663898
2024-04-22,31738298,3.337,2898.3127,31702682
2024-04-23,31779706,3.69,3209.7417,31748922
2024-04-24,31831290,3.433,2990.0153,31792797
2024-04-25,31860729,3.299,2876.6318,31826171
2024-04-26,31895162,3.165,2762.3803,31861050
2024-04-27,31939386,3.167,2768.3417,31909114
2024-04-28,31992602,3.195,2796.6181,31951834
2024-04-29,31999581,3.222,2821.509,31962077
2024-04-30,32020957,3.234,2832.7288,31975613
2024-05-01,32054364,3.212,2817.3401,32011036
2024-05-02,32093116,3.19,2801.9275,32060092
2024-05-03,32141212,3.182,2799.6253,32111004
2024-05-04,32193116,3.107,2737.5622,32161756
2024-05-05,32244924,3.135,2764.7123,32193020
2024-05-06,32250076,3.14,2770.4967,32208508
2024-05-07,32286396,3.137,2771.4738,32246172
2024-05-08,32324060,3.112,2752.7462,32282812
2024-05-09,32363644,3.096,2740.8841,32318268
2024-05-10,32398140,3.105,2753.2092,32365948
2024-05-11,32447195,3.031,2692.0637,32415964
2024-05-12,32477371,3.106,2762.8443,32467163
2024-05-13,32477499,3.287,2920.6206,32433243
2024-05-14,32407963,3.21,2844.6949,32346523
2024-05-15,32321883,3.253,2874.2272,32251675
2024-05-16,32254586,3.184,2807.5547,32188410
2024-05-17,32177114,3.099,2726.022,32105914
2024-05-18,32140251,3.108,2735.4909,32123291
2024-05-19,32154651,3.152,2775.8476,32140027
2024-05-20,32166714,3.493,3075.9666,32140218
2024-05-21,32153626,3.357,2952.3966,32099034
2024-05-22,32169786,3.458,3043.4757,32124058
2024-05-23,32196922,3.493,3075.503,32139290
2024-05-24,32180251,3.26,2870.8558,32144636
2024-05-25,32220156,3.208,2829.0502,32187324
2024-05-26,32266331,3.344,2952.3424,32228860
2024-05-27,32257883,3.459,3051.887,32205691
2024-05-28,32188028,3.408,3003.3164,32170492
2024-05-29,32195100,3.446,3036.2543,32159580
2024-05-30,32239516,3.442,3036.9941,32208092
2024-05-31,32287356,3.402,3006.072,32256092
2024-06-01,32339996,3.392,3001.484,32301183
2024-06-02,32383578,3.513,3114.0995,32353404
2024-06-03,32433369,3.378,2998.3272,32402137
2024-06-04,32486297,3.417,3037.734,32451641
2024-06-05,32518105,3.643,3241.4854,32476729
2024-06-06,32535417,3.53,3142.4666,32493049
2024-06-07,32560857,3.429,3053.444,32506361
2024-06-08,32564401,3.312,2951.6659,32529434
2024-06-09,32610801,3.384,3019.6396,32574036
2024-06-10,32629426,3.503,3127.8903,32592114
2024-06-11,32658577,3.404,3041.1751,32612787
2024-06-12,32669010,3.497,3126.668,32636660
2024-06-13,32694068,3.257,2913.9517,32654772
2024-06-14,32709684,3.232,2893.2497,32678196
2024-06-15,32748373,3.204,2869.697,32692213
2024-06-16,32769909,3.179,2850.4986,32725813
2024-06-17,32758069,3.357,3009.3793,32717973
2024-06-18,32786990,3.254,2918.8825,32737173
2024-06-19,32800526,3.33,2988.5732,32757966
2024-06-20,32820557,3.223,2893.6435,32768301
2024-06-21,32809037,3.131,2809.9388,32758765
2024-06-22,32843597,3.108,2793.8072,32808077
2024-06-23,32883373,3.165,2845.7384,32820208
2024-06-24,32876908,3.257,2929.4834,32830253
2024-06-25,32892813,3.228,2905.0929,32853198
2024-06-26,32923501,3.238,2916.7279,32880173
2024-06-27,32949164,3.353,3022.6279,32905582
2024-06-28,32971211,3.097,2792.0361,32910316
2024-06-29,32956171,3.071,2769.2365,32910443
2024-06-30,32985160,3.195,2883.3637,32941996
2024-07-01,33006089,3.186,2877.0875,32961673
2024-07-02,33007562,3.272,2954.1002,32953674
2024-07-03,32998250,3.257,2939.1566,32939434
2024-07-04,32951752,3.331,3000.4238,32875049
2024-07-05,32901352,3.089,2779.4432,32840584
2024-07-06,32922056,3.042,2738.9106,32861768
2024-07-07,32899784,3.127,2817.0791,32877416
2024-07-08,32881896,3.148,2834.1481,32858537
2024-07-09,32900615,3.27,2944.2564,32867945
2024-07-10,32932390,3.214,2895.8882,32891750
2024-07-11,32939686,3.188,2873.2839,32894502
2024-07-12,32968101,3.13,2824.4651,32935975
2024-07-13,33016933,3.205,2896.4051,32984197
2024-07-14,33068069,3.183,2880.8484,33035429
2024-07-15,33091493,3.331,3017.0882,33063237
2024-07-16,33103557,3.42,3098.0009,33067493
2024-07-17,33123045,3.391,3073.3246,33081829
2024-07-18,33158725,3.454,3135.0495,33128869
2024-07-19,33208262,3.16,2872.0636,33178022
2024-07-20,33262309,3.075,2799.926,33230822
2024-07-21,33312102,3.328,3034.3499,33278088
2024-07-22,33355911,3.261,2977.4861,33322824
2024-07-23,33406279,3.175,2902.8039,33372039
2024-07-24,33413031,3.199,2925.4049,33374951
2024-07-25,33427848,3.184,2912.6002,33391944
2024-07-26,33460456,3.082,2822.811,33429864
2024-07-27,33488744,3.3,3025.1741,33458216
2024-07-28,33538856,3.092,2838.5596,33507784
2024-07-29,33588807,3.171,2915.1074,33553223
2024-07-30,33629321,3.274,3011.9437,33578761
2024-07-31,33652744,3.327,3061.9214,33590121
2024-08-01,33668680,3.268,3011.7006,33635848
2024-08-02,33699911,3.155,2910.1074,33668904
2024-08-03,33750310,3.058,2824.6563,33711722
2024-08-04,33790406,4.184,3864.9308,33716902
2024-08-05,33755845,3.324,3065.9572,33669541
2024-08-06,33723940,3.177,2928.8614,33648420
2024-08-07,33703972,3.308,3050.0411,33650436
2024-08-08,33731876,3.275,3024.1123,33699589
2024-08-09,33768292,3.177,2937.8632,33751557
2024-08-10,33802627,3.024,2798.0428,33770597
2024-08-11,33798179,3.285,3040.5519,33783651
2024-08-12,33801221,3.25,3008.7769,33789253
2024-08-13,33839588,3.193,2957.4266,33807269
2024-08-14,33885061,3.232,2996.6313,33846117
2024-08-15,33902853,3.169,2940.6014,33869190
2024-08-16,33944325,2.99,2775.7507,33881994
2024-08-17,33958404,3.045,2830.4091,33923652
2024-08-18,34008802,3.005,2797.2557,33976194
2024-08-19,33984703,3.199,2976.2069,33956225
2024-08-20,33986779,2.994,2784.5999,33951072
2024-08-21,34013425,3.16,2940.6284,33965617
2024-08-22,34024926,3.008,2798.7935,33959474
2024-08-23,33945818,3.039,2825.7158,33939167
2024-08-24,33960251,3.008,2797.3798,33939452
2024-08-25,33943998,2.97,2760.732,33923870
2024-08-26,33922910,3.03,2813.8502,33897150
2024-08-27,33949086,3.078,2859.9334,33911966
2024-08-28,33971006,3.04,2826.9506,33940734
2024-08-29,34000958,3.027,2816.5706,33960574
2024-08-30,34041534,2.956,2753.8205,34005374
2024-08-31,34089470,2.92,2724.0532,34047198
2024-09-01,34130558,2.98,2783.5939,34099486
2024-09-02,34176798,3.123,2921.1852,34146335
2024-09-03,34202175,3.153,2950.5624,34152607
2024-09-04,34226463,3.401,3184.4453,34174751
2024-09-05,34248831,3.189,2989.0576,34206527
2024-09-06,34252127,3.273,3067.9662,34213791
2024-09-07,34255400,3.034,2844.9264,34227720
2024-09-08,34240553,3.078,2884.6481,34208617
2024-09-09,34205194,3.292,3083.8084,34187626
2024-09-10,34198602,3.22,3015.4597,34183210
2024-09-11,34197003,3.19,2986.9666,34180939
2024-09-12,34217832,3.165,2964.3463,34185513
2024-09-13,34251367,3.117,2921.9346,34214184
2024-09-14,34290406,3.051,2863.8625,34260775
2024-09-15,34340650,3.357,3155.3094,34307118
2024-09-16,34383701,3.242,3050.7081,34351256
2024-09-17,34388536,3.408,3208.9059,34365048
2024-09-18,34383352,3.542,3334.7299,34366490
2024-09-19,34378394,3.393,3193.7902,34352986
2024-09-20,34373786,3.548,3339.7798,34354682
2024-09-21,34389754,3.396,3197.8722,34366618
2024-09-22,34395002,3.504,3300.0784,34380347
2024-09-23,34366170,3.535,3327.5842,34353818
2024-09-24,34394266,3.533,3326.2807,34362810
2024-09-25,34429594,3.516,3313.3755,34393179
2024-09-26,34454777,3.535,3333.3821,34417081
2024-09-27,34437401,3.246,3060.6483,34415385
2024-09-28,34451097,3.162,2981.8326,34419481
2024-09-29,34465177,3.195,3015.0078,34448985
2024-09-30,34461145,3.331,3142.4253,34437146
2024-10-01,34469881,3.268,3084.4694,34452667
2024-10-02,34497464,3.309,3124.1059,34456696
2024-10-03,34487608,3.235,3050.5247,34418328
2024-10-04,34485111,3.207,3024.4795,34424120
2024-10-05,34458168,3.315,3125.1893,34413464
2024-10-06,34481592,3.349,3157.41,34411675
2024-10-07,34439867,3.882,3656.6403,34382014
2024-10-08,34436615,3.55,3344.7951,34389518
2024-10-09,34432242,3.516,3310.9756,34375606
2024-10-10,34361172,3.481,3271.0383,34299831
2024-10-11,34298612,3.34,3137.6398,34287701
2024-10-12,34321524,3.372,3167.4082,34286484
2024-10-13,34347732,3.407,3201.8764,34304724
2024-10-14,34344692,3.374,3171.3502,34311860
2024-10-15,34355764,3.295,3100.2123,34337236
2024-10-16,34371987,3.306,3109.2385,34323891
2024-10-17,34360531,3.282,3085.1743,34309235
2024-10-18,34326162,3.189,2995.8865,34286228
2024-10-19,34351412,3.107,2921.862,34320244
2024-10-20,34342164,3.136,2949.2952,34328372
2024-10-21,34349108,3.182,2989.7665,34298068
2024-10-22,34347187,3.2,3008.9316,34316725
2024-10-23,34379060,3.203,3013.3396,34343796
2024-10-24,34409012,3.196,3010.2142,34374388
2024-10-25,34454388,3.164,2982.0173,34405780
2024-10-26,34488372,3.078,2905.529,34456596
2024-10-27,34521173,3.085,2912.0068,34455126
2024-10-28,34489718,3.199,3017.9936,34438038
2024-10-29,34484181,3.32,3131.9652,34430101
2024-10-30,34457429,3.194,3010.8373,34403350
2024-10-31,34482873,3.258,3073.6599,34437409
2024-11-01,34478529,3.099,2922.9429,34423809
2024-11-02,34507585,3.17,2993.6922,34474401
2024-11-03,34549601,3.128,2957.6622,34512865
2024-11-04,34593440,3.17,3001.2049,34558945
2024-11-05,34634528,3.358,3181.3233,34575649
2024-11-06,34639614,3.307,3130.786,34555294
2024-11-07,34585437,3.33,3148.4071,34511648
2024-11-08,34577406,3.246,3071.9576,34542270
2024-11-09,34621661,3.224,3054.0002,34574589
2024-11-10,34641181,3.331,3156.1023,34579037
2024-11-11,34608923,3.566,3374.616,34541404
2024-11-12,34566715,3.46,3273.7048,34531419
2024-11-13,34534392,3.722,3516.8686,34490424
2024-11-14,34518776,3.343,3158.0821,34479832
2024-11-15,34488536,3.326,3138.5778,34443385
2024-11-16,34489145,3.223,3041.6842,34446425
2024-11-17,34453175,3.213,3029.1253,34413656
2024-11-18,34383063,3.332,3136.3637,34358007
2024-11-19,34364214,3.29,3093.7704,34322615
2024-11-20,34315990,3.222,3024.4209,34257334
2024-11-21,34283094,3.258,3056.4105,34242079
2024-11-22,34224285,3.182,2976.9193,34147581
2024-11-23,34200926,3.193,2988.4688,34164478
2024-11-24,34242909,3.134,2936.8275,34205182
2024-11-25,34275639,3.228,3024.8789,34208439
2024-11-26,34262423,3.218,3016.1079,34210391
2024-11-27,34264439,3.18,2980.4978,34208567
2024-11-28,34258583,3.07,2877.8873,34221047
2024-11-29,34298967,3.089,2898.7864,34254903
2024-11-30,34326134,3.063,2877.8985,34290711
2024-12-01,34371062,3.163,2973.8943,34317206
2024-12-02,34386134,3.335,3135.3558,34313720
2024-12-03,34343893,3.388,3182.9299,34292118
2024-12-04,34350485,3.275,3078.0511,34301110
2024-12-05,34361589,3.264,3067.527,34299637
2024-12-06,34338260,3.154,2959.304,34251925
2024-12-07,34292564,3.054,2865.5095,34244789
2024-12-08,34317460,3.135,2943.8749,34274773
2024-12-09,34271124,3.464,3246.8136,34215444
2024-12-10,34184436,3.218,3008.2633,34118324
2024-12-11,34094963,3.186,2972.7134,34054519
2024-12-12,34078388,3.243,3024.2806,34042100
2024-12-13,34063412,3.107,2896.6965,34034548
2024-12-14,34079574,3.051,2845.9918,34048918
2024-12-15,34075285,3.121,2910.4356,34035606
2024-12-16,34005077,3.168,2946.7015,33952629
2024-12-17,33951861,3.153,2925.9691,33876533
2024-12-18,33893653,3.203,2971.2259,33856213
2024-12-19,33896565,3.323,3078.5445,33810293
2024-12-20,33838965,3.118,2883.6307,33752661
2024-12-21,33782356,3.068,2836.7962,33751988
2024-12-22,33824692,3.061,2832.5782,33777716
2024-12-23,33851412,3.087,2858.5448,33798260
2024-12-24,33875604,3.001,2782.3467,33838804
2024-12-25,33890452,3.004,2784.2714,33829812
2024-12-26,33908564,3.061,2840.4103,33874484
2024-12-27,33950036,3.03,2815.4409,33917333
2024-12-28,33992149,3.004,2795.2179,33966133
2024-12-29,33996085,3.027,2818.2722,33985653
2024-12-30,33980629,3.206,2981.2946,33944503
2024-12-31,33946004,3.123,2902.5594,33918228
2025-01-01,33994356,3.328,3096.3921,33962292
2025-01-02,34024020,3.103,2889.4198,33988596
2025-01-03,34027924,3.118,2904.7221,34004404
2025-01-04,34041747,3.122,2909.3436,34016532
2025-01-05,34051827,3.148,2935.5046,34031635
2025-01-06,34015123,3.186,2963.958,33956979
2025-01-07,33956435,3.148,2922.4575,33882356
2025-01-08,33881520,3.159,2925.1939,33800340
2025-01-09,33855758,3.13,2900.6589,33822639
2025-01-10,33890950,3.05,2825.9005,33814120
2025-01-11,33887846,2.973,2757.4251,33854247
2025-01-12,33936390,3.048,2830.0169,33886407
2025-01-13,33905317,3.141,2916.3521,33884838
2025-01-14,33901253,3.113,2885.6264,33833829
2025-01-15,33898981,3.14,2912.8929,33864101
2025-01-16,33921157,3.107,2884.3377,33879301
2025-01-17,33876997,3.228,2992.0324,33833797
2025-01-18,33871684,3.275,3036.0268,33839972
2025-01-19,33835236,3.58,3312.4136,33774085
2025-01-20,33808004,3.399,3143.5316,33752868
2025-01-21,33765795,3.158,2914.4969,33682021
2025-01-22,33708193,3.133,2886.9973,33629985
2025-01-23,33683489,3.29,3030.4229,33624993
2025-01-24,33654561,3.065,2820.4745,33590242
2025-01-25,33648802,3.002,2764.0747,33606819
2025-01-26,33687203,3.173,2925.9532,33654211
2025-01-27,33705219,3.082,2843.9045,33677635
2025-01-28,33744483,3.055,2821.5778,33710051
2025-01-29,33777315,3.065,2829.9213,33697155
2025-01-30,33763202,3.052,2816.6702,33685058
2025-01-31,33731745,3.052,2818.0006,33700774
2025-02-01,33771457,3.006,2777.5587,33729409
2025-02-02,33775936,3.831,3540.534,33735777
2025-02-03,33719936,3.248,2994.4471,33646112
2025-02-04,33650654,3.128,2878.5098,33592772
2025-02-05,33639741,3.043,2799.3377,33580445
2025-02-06,33639549,3.078,2832.8427,33587966
2025-02-07,33598526,3.044,2799.1609,33564542
2025-02-08,33582558,2.965,2725.3741,33549310
2025-02-09,33581498,3.053,2805.7278,33544989
2025-02-10,33534297,3.105,2849.1624,33489722
2025-02-11,33494073,3.017,2766.7557,33472698
2025-02-12,33515897,3.109,2851.5924,33482654
2025-02-13,33559191,3.011,2766.2517,33529527
2025-02-14,33580216,2.963,2719.1363,33495256
2025-02-15,33573784,2.91,2673.213,33534009
2025-02-16,33613722,2.992,2752.406,33582522
2025-02-17,33641434,3.211,2954.6811,33583098
2025-02-18,33593018,3.016,2773.499,33559770
2025-02-19,33616442,2.994,2754.4075,33579930
2025-02-20,33608634,2.984,2746.0324,33594010
2025-02-21,33646778,3.123,2873.155,33579067
2025-02-22,33609752,2.979,2741.715,33588794
2025-02-23,33642808,2.993,2756.0058,33610296
2025-02-24,33641784,3.247,2989.7455,33604856
2025-02-25,33625111,3.059,2815.7218,33597143
2025-02-26,33649239,3.081,2837.6697,33620215
2025-02-27,33647510,3.205,2949.9928,33595799
2025-02-28,33597526,3.035,2791.2319,33570038
2025-03-01,33606486,2.945,2710.0122,33585750
2025-03-02,33603574,3.278,3015.7657,33584438
2025-03-03,33599126,3.272,3009.2514,33570902
2025-03-04,33590710,3.142,2887.5827,33548150
2025-03-05,33604630,3.022,2778.615,33559254
2025-03-06,33593686,3.091,2840.7171,33540310
2025-03-07,33593298,3.06,2812.9099,33552883
2025-03-08,33636082,2.979,2741.9499,33598066
2025-03-09,33664658,3.073,2831.2583,33627538
2025-03-10,33687634,3.288,3030.4212,33640084
2025-03-11,33705553,3.334,3071.5728,33629748
2025-03-12,33658449,3.033,2791.5201,33589522
2025-03-13,33655026,3.01,2772.5846,33620854
2025-03-14,33686230,2.963,2731.502,33647190
2025-03-15,33719958,2.954,2725.6015,33683030
2025-03-16,33739637,2.96,2733.3894,33704598
2025-03-17,33723733,2.975,2746.8891,33699413
2025-03-18,33758933,2.997,2768.3721,33711802
2025-03-19,33748532,3.088,2849.6228,33685945
2025-03-20,33762612,2.983,2755.9703,33726324
2025-03-21,33782708,2.962,2738.8028,33748564
2025-03-22,33829428,2.931,2714.5436,33799157
2025-03-23,33882675,2.952,2737.0446,33844019
2025-03-24,33923187,2.976,2762.8072,33889299
2025-03-25,33941619,2.972,2760.3761,33905043
2025-03-26,33976531,3.003,2792.8956,33943123
2025-03-27,34026067,3.009,2802.1833,33991667
2025-03-28,34061651,2.975,2773.362,34031187
2025-03-29,34112083,2.94,2745.2445,34077204
2025-03-30,34160623,3.01,2813.9399,34118965
2025-03-31,34147855,3.104,2896.3501,34061583
2025-04-01,34098799,3.046,2842.0485,34061135
2025-04-02,34136335,3.092,2888.494,34102607
2025-04-03,34173647,3.015,2819.7211,34138191
2025-04-04,34211567,2.993,2802.4923,34180495
2025-04-05,34263279,2.923,2741.6718,34233199
2025-04-06,34281710,3.542,3321.0191,34219662
2025-04-07,34192174,3.2,2991.0609,34121198
2025-04-08,34108910,3.172,2957.5044,34031118
2025-04-09,34037198,3.294,3069.1291,34009422
2025-04-10,34037198,3.221,2999.7841,33998094
2025-04-11,34057934,3.074,2865.0521,34020494
2025-04-12,34096334,3.048,2844.7679,34065231
2025-04-13,34109806,3.171,2955.4404,34023534
2025-04-14,34052206,3.028,2817.8297,33965934
2025-04-15,33994158,3.02,2809.1789,33952014
2025-04-16,34010157,2.996,2787.9764,33968559
2025-04-17,34031888,3.0,2794.2306,33996048
2025-04-18,34076176,2.915,2715.0578,33991888
2025-04-19,34071694,2.946,2746.9758,34038704
2025-04-20,34118094,2.974,2776.9426,34084238
2025-04-21,34115183,2.983,2783.759,34062863
2025-04-22,34062958,3.132,2920.6464,34036174
2025-04-23,34074734,3.101,2890.8562,34024942
2025-04-24,34093038,3.114,2905.0264,34047534
2025-04-25,34119758,2.991,2792.6432,34082478
2025-04-26,34149806,2.959,2766.8319,34125742
2025-04-27,34147278,2.97,2777.651,34137202
2025-04-28,34149197,3.013,2817.47,34135502
2025-04-29,34164394,2.954,2764.0955,34148107
2025-04-30,34166123,2.975,2783.6343,34151083
2025-05-01,34141995,2.959,2766.3044,34120715
2025-05-02,34169705,2.951,2758.7692,34119338
2025-05-03,34173674,2.906,2719.0788,34155498
2025-05-04,34162603,2.951,2761.5511,34155211
2025-05-05,34174187,2.944,2753.7553,34145260
2025-05-06,34185868,2.957,2767.4896,34155472
2025-05-07,34203280,2.956,2766.0708,34151120
2025-05-08,34232655,3.245,3035.3361,34140399
2025-05-09,34208477,3.107,2906.0124,34135771
2025-05-10,34198644,3.215,3005.8912,34125067
2025-05-11,34183444,3.184,2974.5026,34097842
2025-05-12,34191944,3.135,2926.9756,34078988
2025-05-13,34168987,3.085,2880.3064,34077989
2025-05-14,34157678,3.021,2817.8554,34048172
2025-05-15,34149523,3.076,2868.4724,34034616
2025-05-16,34161862,3.015,2812.711,34054710
2025-05-17,34139817,2.908,2712.9376,34050760
2025-05-18,34133402,3.035,2831.7153,34060550
2025-05-19,34148412,3.023,2821.8241,34075532
2025-05-20,34142842,3.015,2812.9853,34058689
2025-05-21,34133795,3.14,2930.1588,34057775
2025-05-22,34135250,3.134,2922.192,34029709
2025-05-23,34105654,3.05,2841.1845,34002725
2025-05-24,34096621,2.953,2750.5702,33992319
2025-05-25,34122243,2.978,2773.5583,33998592
2025-05-26,34154942,3.031,2828.3787,34055330
2025-05-27,34202271,3.146,2941.9722,34128146
2025-05-28,34233753,3.043,2846.607,34144546
2025-05-29,34267287,3.14,2935.0742,34116320
2025-05-30,34277571,3.056,2866.0633,34225854
2025-05-31,34323826,2.959,2777.2478,34253763
2025-06-01,34357867,2.997,2810.7349,34235305
2025-06-02,34402127,3.055,2874.0707,34332782
2025-06-03,34446831,3.053,2872.2948,34338741
2025-06-04,34473559,3.06,2883.2658,34390151
2025-06-05,34506181,3.134,2956.3733,34430725
2025-06-06,34555802,3.067,2898.2853,34489680
2025-06-07,34607875,2.955,2795.1232,34524629
2025-06-08,34653193,2.941,2783.01,34542072
2025-06-09,34695425,3.148,2983.3269,34586018
2025-06-10,34694938,3.139,2974.6757,34589426
2025-06-11,34670396,3.122,2957.1984,34575578
2025-06-12,34694490,3.11,2949.3464,34609553
2025-06-13,34730353,2.962,2811.8839,34645822
2025-06-14,34781188,2.884,2740.2713,34675583
2025-06-15,34822212,2.908,2765.9981,34722418
2025-06-16,34844473,3.025,2880.7621,34757586
2025-06-17,34888268,2.987,2848.3108,34807257
2025-06-18,34933295,3.049,2912.132,34855832
2025-06-19,34982422,2.97,2838.4576,34887039
2025-06-20,35016726,2.998,2869.6639,34937481
2025-06-21,35071580,3.047,2916.9111,34937944
2025-06-22,35076000,3.139,3006.2403,34958826
2025-06-23,35105469,3.149,3021.5256,35026396
2025-06-24,35149296,3.058,2937.0636,35061766
2025-06-25,35191413,3.021,2904.4637,35096891
2025-06-26,35211437,3.033,2916.2878,35098332
2025-06-27,35235892,2.918,2811.1558,35159920
2025-06-28,35279306,2.891,2786.4693,35181016
2025-06-29,35334195,2.933,2829.2808,35211978
2025-06-30,35374266,3.003,2902.7044,35282949
2025-07-01,35413751,2.99,2891.237,35297648
2025-07-02,35457662,2.985,2890.7104,35341710
2025-07-03,35477369,2.938,2848.3087,35387414
2025-07-04,35490695,2.903,2814.4148,35380584
2025-07-05,35491539,2.906,2819.0896,35405471
2025-07-06,35546044,2.955,2867.1147,35418134
2025-07-07,35582398,2.986,2901.4674,35469701
2025-07-08,35616132,2.962,2881.866,35517443
2025-07-09,35648822,3.017,2938.0306,35549441
2025-07-10,35672799,3.134,3053.8228,35562730
2025-07-11,35677420,2.977,2902.294,35583118
2025-07-12,35714276,2.886,2815.7136,35611573
2025-07-13,35732659,3.02,2947.2348,35622309
2025-07-14,35750873,3.029,2957.9889,35642092
2025-07-15,35755858,3.058,2984.9549,35629952
2025-07-16,35777593,3.075,3003.0109,35647716
2025-07-17,35777393,3.137,3065.1472,35658768
2025-07-18,35769713,2.947,2879.4873,35661498
2025-07-19,35766836,2.931,2862.4872,35644784
2025-07-20,35766805,3.006,2935.3542,35640918
2025-07-21,35759662,3.003,2933.6949,35651698
2025-07-22,35761640,2.952,2883.8291,35653431
2025-07-23,35756475,2.963,2892.0065,35621089
2025-07-24,35750059,2.964,2895.506,35650643
2025-07-25,35747733,2.869,2799.4569,35620311
2025-07-26,35750674,2.863,2793.6252,35614893
2025-07-27,35747818,2.885,2815.1744,35613191
2025-07-28,35746947,2.915,2843.5475,35608340
2025-07-29,35750201,2.95,2877.6994,35609170
2025-07-30,35748995,2.958,2886.4587,35616908
2025-07-31,35746779,2.911,2842.0126,35634874
2025-08-01,35742029,2.916,2844.787,35605206
2025-08-02,35750040,2.87,2800.8703,35625596
2025-08-03,35745988,2.839,2769.6804,35607713
2025-08-04,35747874,2.889,2818.804,35613173
2025-08-05,35747171,2.919,2843.5448,35561152
2025-08-06,35746441,2.893,2823.4762,35624695
2025-08-07,35746836,2.919,2848.2325,35612164
2025-08-08,35745884,2.933,2860.579,35599426
2025-08-09,35747651,2.912,2840.0749,35604328
2025-08-10,35720394,2.909,2836.3143,35588993
2025-08-11,35718477,2.941,2865.1591,35559655
2025-08-12,35719566,3.053,2974.5305,35562057
2025-08-13,35718368,3.004,2929.9365,35603358
2025-08-14,35715599,2.98,2904.5493,35580216
2025-08-15,35718389,2.935,2859.0949,35551876
2025-08-16,35717835,2.84,2766.8008,35563124
2025-08-17,35716697,2.901,2826.3352,35558156
2025-08-18,35711717,2.937,2861.3056,35553651
2025-08-19,35705000,2.92,2844.9885,35557611
2025-08-20,35712195,2.945,2869.0774,35561598
2025-08-21,35713342,2.924,2850.0531,35572416
2025-08-22,35712462,3.032,2953.8767,35564364
2025-08-23,35713795,2.84,2766.2356,35549472
2025-08-24,35712268,2.941,2864.5059,35547846
2025-08-25,35712925,2.926,2848.7088,35534422
2025-08-26,35713485,2.889,2811.7615,35526138
2025-08-27,35712892,2.934,2858.848,35564592
2025-08-28,35711821,2.847,2773.9202,35567183
2025-08-29,35712131,2.823,2749.5857,35546061
2025-08-30,35677166,2.831,2755.1484,35523635
2025-08-31,35710771,2.875,2795.4648,35494577
2025-09-01,35709125,3.07,2988.9414,35532059
2025-09-02,35712622,2.881,2805.4946,35545782
2025-09-03,35711419,2.866,2792.2518,35557071
2025-09-04,35713001,2.877,2803.8003,35565967
2025-09-05,35714037,2.871,2794.59,35527782
2025-09-06,35713278,2.811,2737.7481,35543103
2025-09-07,35712933,2.829,2751.9468,35510368
2025-09-08,35714758,2.862,2781.2272,35465530
2025-09-09,35711948,2.819,2740.4883,35484894
2025-09-10,35706859,2.832,2753.6408,35493846
2025-09-11,35712041,2.871,2790.9007,35485477
2025-09-12,35713166,2.844,2765.0597,35486903
2025-09-13,35713270,2.829,2752.7567,35513196
2025-09-14,35713370,2.844,2758.7632,35412078
2025-09-15,35712604,2.863,2779.3219,35431812
2025-09-16,35715644,2.853,2768.6923,35424189
2025-09-17,35715709,2.952,2868.1463,35461419
2025-09-18,35714373,2.869,2785.5205,35440163
2025-09-19,35714710,2.83,2749.2852,35462672
2025-09-20,35714460,2.793,2716.0057,35489824
2025-09-21,35714472,2.895,2812.8838,35464176
2025-09-22,35711682,2.849,2763.364,35407856
2025-09-23,35712542,2.903,2816.9488,35411972
2025-09-24,35714436,2.878,2787.8243,35359853
2025-09-25,35711638,2.909,2821.8154,35409501
2025-09-26,35710733,2.863,2778.2606,35417255
2025-09-27,35712470,2.811,2727.4778,35411043
2025-09-28,35709440,2.859,2773.0577,35402957
2025-09-29,35712118,2.933,2846.3937,35427241
2025-09-30,35708915,2.868,2784.4126,35436775
2025-10-01,35711368,2.882,2797.1582,35426489
2025-10-02,35707208,2.857,2770.1515,35389096
2025-10-03,35697517,2.848,2758.9519,35363933
2025-10-04,35703155,2.823,2730.9672,35312364
2025-10-05,35711952,2.817,2730.5388,35384143
2025-10-06,35710659,2.874,2787.818,35402873
2025-10-07,35711994,2.886,2801.9229,35439986
2025-10-08,35701484,2.86,2778.5166,35454532
2025-10-09,35701947,2.859,2772.5922,35398063
2025-10-10,35701894,3.884,3761.9673,35351914
2025-10-11,35702934,2.901,2806.4852,35311367
2025-10-12,35712959,2.928,2833.3274,35320619
2025-10-13,35713073,2.906,2815.2378,35364054
2025-10-14,35712645,2.9,2811.2121,35382902
2025-10-15,35687813,2.85,2766.6938,35431712
2025-10-16,35713688,2.944,2855.7353,35402593
2025-10-17,35713940,2.863,2774.9738,35373678
2025-10-18,35713514,2.816,2724.7319,35319285
2025-10-19,35713947,2.807,2717.637,35336563
2025-10-20,35708048,2.828,2739.9607,35369103
2025-10-21,35710451,2.872,2783.1349,35364747
2025-10-22,35704084,2.85,2759.84,35339796
2025-10-23,35706376,2.849,2760.3237,35367082
2025-10-24,35709273,2.846,2756.931,35355963
2025-10-25,35706266,2.817,2727.9942,35351745
2025-10-26,35707516,2.873,2782.8577,35359005
2025-10-27,35705706,2.874,2780.7837,35321003
2025-10-28,35707551,2.85,2763.3168,35392045
2025-10-29,35707049,2.914,2821.0481,35331221
2025-10-30,35704001,2.867,2770.6458,35270427
2025-10-31,35708442,2.84,2743.5301,35260664
2025-11-01,35709062,2.811,2716.0542,35271150
2025-11-02,35710726,2.862,2768.8058,35314704
2025-11-03,35710529,3.012,2915.9538,35337754
2025-11-04,35708627,3.114,3012.734,35317218
2025-11-05,35708343,2.886,2795.9102,35356769
2025-11-06,35708481,2.976,2873.451,35237960
2025-11-07,35710355,2.902,2803.7127,35267010
2025-11-08,35708668,2.82,2730.3169,35339234
2025-11-09,35708359,2.856,2760.6901,35277384
2025-11-10,35706380,2.924,2827.1882,35291032
2025-11-11,35707403,2.863,2770.4576,35318701
2025-11-12,35710202,2.87,2775.3999,35297524
2025-11-13,35683193,2.95,2850.7447,35273841
2025-11-14,35678446,2.899,2798.5869,35231650
2025-11-15,35674381,2.807,2711.7318,35259649
2025-11-16,35678185,2.89,2792.8551,35271377
2025-11-17,35676589,2.961,2864.1969,35308414
2025-11-18,35675347,2.856,2763.9794,35317834
2025-11-19,35675990,2.894,2797.9147,35285616
2025-11-20,35678643,3.06,2956.9349,35274342
2025-11-21,35680851,2.905,2805.7364,35254106
2025-11-22,35680891,2.82,2723.3917,35245395
2025-11-23,35681209,2.822,2728.4601,35285913
2025-11-24,35676835,2.839,2746.3581,35302917
2025-11-25,35634280,2.853,2757.7834,35279389
2025-11-26,35661766,2.848,2752.0292,35271378
2025-11-27,35662203,2.831,2733.9445,35245103
2025-11-28,35657332,2.822,2721.1642,35201796
2025-11-29,35640781,2.8,2699.7819,35189859
2025-11-30,35641968,2.846,2745.8861,35218537
2025-12-01,35641879,2.853,2752.8102,35212939
2025-12-02,35632746,2.854,2752.8257,35200440
2025-12-03,35631832,2.536,2450.4996,35271600
2025-12-04,35629846,2.722,2628.6968,35253289
2025-12-05,35631938,2.758,2662.3746,35232715
2025-12-06,35633349,2.768,2670.1209,35203064
2025-12-07,35630971,2.79,2692.799,35224470
2025-12-08,35633895,2.819,2719.0554,35206362
2025-12-09,35628804,2.812,2715.1168,35236915
2025-12-10,35632049,2.834,2734.0851,35217672
2025-12-11,35632645,2.794,2698.4157,35255145
2025-12-12,35632392,2.821,2723.2384,35236439
2025-12-13,35632583,2.806,2705.8055,35193572
2025-12-14,35633964,2.816,2719.5779,35249826
2025-12-15,35632369,2.859,2757.0948,35204316
2025-12-16,35634491,2.85,2749.2575,35209441
2025-12-17,35633645,2.849,2748.8578,35213455
2025-12-18,35630449,2.891,2790.0947,35220223
2025-12-19,35629179,2.849,2749.4633,35223177
2025-12-20,35630705,2.803,2700.5956,35166752
2025-12-21,35631735,2.831,2731.4589,35222343
2025-12-22,35632336,2.834,2730.8669,35176073
2025-12-23,35628668,2.821,2717.079,35156905
2025-12-24,35631749,2.824,2722.6078,35186005
2025-12-25,35632244,2.818,2721.8813,35249963
2025-12-26,35633427,2.821,2718.0961,35165213
2025-12-27,35632248,2.804,2704.9937,35207451
2025-12-28,35631446,2.83,2729.4785,35201958
2025-12-29,35632457,2.84,2738.5162,35192280
2025-12-30,35632014,2.837,2735.1274,35184064
2025-12-31,35634047,2.83,2723.9136,35135251
2026-01-01,35633361,2.833,2729.2005,35168670
2026-01-02,35623779,2.845,2743.4605,35202457
2026-01-03,35631620,2.823,2714.2482,35092858
2026-01-04,35627448,2.839,2733.5685,35143789
2026-01-05,35660354,2.866,2760.4268,35150414
2026-01-06,35680700,2.88,2779.934,35233727
2026-01-07,35720798,2.841,2740.1212,35210040
2026-01-08,35767222,2.842,2750.974,35325636
2026-01-09,35821507,2.815,2729.6105,35391896
2026-01-10,35868115,2.775,2689.8012,35380292
2026-01-11,35926577,2.793,2706.424,35363121
2026-01-12,35929380,2.806,2719.7091,35381682
2026-01-13,35964354,2.837,2756.3978,35463174
2026-01-14,36007309,2.838,2757.3752,35464001
2026-01-15,36047535,2.821,2746.9319,35538254
2026-01-16,36064822,2.801,2731.7791,35593336
2026-01-17,36112920,2.807,2736.4597,35578419
2026-01-18,36166531,2.838,2770.2787,35627588
2026-01-19,36220792,2.844,2780.0563,35681956
2026-01-20,36233820,2.839,2774.7854,35669273
2026-01-21,36236079,2.847,2783.5606,35681302
2026-01-22,36286865,2.818,2759.9728,35745570
2026-01-23,36334495,2.805,2751.7449,35812598
2026-01-24,36381385,2.8,2748.3164,35824776
2026-01-25,36440533,2.838,2791.5854,35897089
2026-01-26,36480786,2.817,2772.5493,35920355
2026-01-27,36525768,2.806,2765.435,35971503
2026-01-28,36564035,2.8,2753.5964,35890224
2026-01-29,36558270,2.923,2879.3963,35960042
2026-01-30,36605056,2.885,2846.9007,36021174
2026-01-31,36666044,3.048,3015.536,36116970
2026-02-01,36705876,3.059,3024.1124,36084833
2026-02-02,36709599,2.841,2809.3212,36089586
2026-02-03,36712449,2.983,2949.4867,36084351
2026-02-04,36734312,3.147,3110.3664,36071054
2026-02-05,36741799,3.789,3747.3406,36096114
2026-02-06,36743631,2.93,2895.1537,36066666
2026-02-07,36742596,2.881,2846.8449,36072893
2026-02-08,36778594,2.811,2788.5308,36204128
2026-02-09,36815911,2.83,2807.2025,36207603
2026-02-10,36852305,2.813,2790.6296,36204552
2026-02-11,36860519,2.997,2968.3911,36147116
2026-02-12,36860852,2.836,2809.212,36148998
2026-02-13,36887505,2.82,2794.3605,36170071
2026-02-14,36888402,2.783,2763.1077,36233249
2026-02-15,36923697,2.823,2804.3547,36258074
2026-02-16,36967315,2.797,2785.1609,36340932
2026-02-17,37005448,2.837,2826.954,36373331
2026-02-18,37010788,2.823,2804.2775,36260040
2026-02-19,37039144,2.823,2810.3438,36341037
2026-02-20,37097410,2.804,2793.2605,36354822
2026-02-21,37144798,2.771,2765.3095,36430792
2026-02-22,37191433,2.794,2794.9825,36506598
2026-02-23,37226991,2.813,2818.2782,36565374
2026-02-24,37231130,2.835,2833.3609,36483448
2026-02-25,37230889,2.89,2880.6547,36380817
2026-02-26,37170188,2.838,2828.2834,36371594
2026-02-27,37133560,2.841,2828.5603,36338424
2026-02-28,37139040,2.837,2825.1107,36342109
2026-03-01,37224989,2.851,2847.9716,36456641
2026-03-02,37265849,2.847,2852.7956,36572649
2026-03-03,37238090,2.914,2911.7042,36471308
2026-03-04,37303447,2.871,2868.1896,36466620
2026-03-05,37349483,2.795,2794.1934,36484559
2026-03-06,37345747,2.781,2778.7083,36471937
2026-03-07,37385890,2.739,2741.9683,36544314
2026-03-08,37441219,2.79,2797.0311,36590575
2026-03-09,37482459,2.78,2793.3156,36675927
2026-03-10,37562250,2.775,2795.2354,36766349
2026-03-11,37661950,2.789,2810.2259,36783079
2026-03-12,37695717,2.895,2925.7151,36891172
2026-03-13,37707848,2.787,2812.5696,36840087
2026-03-14,37776757,2.739,2775.3163,36985171
2026-03-15,37832493,2.788,2826.5738,37008572
2026-03-16,37853819,2.768,2802.1529,36953789
2026-03-17,37842281,2.729,2759.9595,36908807
2026-03-18,37858752,2.759,2789.4149,36896788
2026-03-19,37895664,2.769,2804.5111,36969251
2026-03-20,37982436,2.715,2757.8813,37072239
2026-03-21,37993545,2.827,2876.2071,37141340
2026-03-22,38089206,2.81,2860.6386,37158211
2026-03-23,38133661,2.758,2807.8278,37165017
2026-03-24,38134484,2.74,2788.2005,37147922
2026-03-25,38186638,2.762,2812.2587,37160497
2026-03-26,38234838,2.826,2883.4027,37240895
2026-03-27,38282645,2.745,2805.514,37307032
2026-03-28,38405857,2.731,2800.5839,37436236
2026-03-29,38475575,2.751,2826.6969,37502969
2026-03-30,38495134,2.739,2814.9323,37509485
2026-03-31,38444759,2.767,2833.5322,37383993
2026-04-01,38487492,2.774,2835.8734,37317743
2026-04-02,38533030,2.736,2803.2213,37399831
2026-04-03,38605256,2.702,2782.1166,37581447
2026-04-04,38664852,2.692,2775.755,37632993
2026-04-05,38706886,2.725,2808.7111,37619987
2026-04-06,38768058,2.732,2824.2279,37737749
2026-04-07,38814780,2.799,2889.2145,37676517
2026-04-08,38847025,2.712,2806.8309,37772577
2026-04-09,38895024,2.72,2817.5449,37802143
2026-04-10,38901954,2.706,2803.5971,37820298
2026-04-11,38903164,2.696,2790.1409,37772038
2026-04-12,38884936,2.718,2809.1034,37721918
2026-04-13,38884171,2.757,2848.5338,37714879
2026-04-14,38883714,2.734,2826.074,37726598
2026-04-15,38920719,2.738,2827.3959,37692901
2026-04-16,38925277,2.846,2949.7585,37829079
2026-04-17,38949908,2.825,2926.0685,37804755
2026-04-18,38997125,3.033,3144.0,37830349
2026-04-19,39011406,3.01,3122.361,37863583
2026-04-20,39015082,2.974,3081.0697,37817811
2026-04-21,38947004,3.04,3147.8305,37792937
2026-04-22,38975395,3.071,3176.4347,37755902
2026-04-23,38977825,3.094,3208.5414,37852421
2026-04-24,38984671,2.914,3017.2532,37798422
2026-04-25,38980550,2.981,3092.654,37862927
2026-04-26,38968137,3.012,3117.7152,37785624
2026-04-27,38966561,2.954,3063.0466,37847905
2026-04-28,38888691,2.953,3043.462,37620670
2026-04-29,38818265,2.852,2934.988,37564759
2026-04-30,38757003,2.862,2934.1628,37425445
2026-05-01,38708106,2.801,2872.6536,37427510
2026-05-02,38640022,2.789,2866.2713,37505149
2026-05-03,38662514,2.812,2891.4786,37531949
2026-05-04,38663368,2.832,2911.9292,37536724
2026-05-05,38667632,2.788,2866.64,37532394
2026-05-06,38660102,2.847,2922.7337,37473565
2026-05-07,38661338,2.928,3002.7908,37430479
2026-05-08,38661599,2.814,2884.7527,37422754
2026-05-09,38644372,2.792,2868.6286,37499465
2026-05-10,38627752,2.845,2919.9502,37462218
2026-05-11,38626608,2.903,2974.2648,37394190
2026-05-12,38650061,2.795,2870.7315,37491897
2026-05-13,38689911,2.811,2881.2322,37408596
2026-05-14,38668930,2.786,2858.6399,37451857
2026-05-15,38746605,2.797,2880.0984,37578014
2026-05-16,38854423,2.746,2833.1842,37662487
2026-05-17,38906183,2.746,2848.1447,37852745
2026-05-18,38912885,2.763,2855.1282,37719363
2026-05-19,38942240,2.822,2920.8295,37772006
2026-05-20,39023064,2.716,2814.4256,37827968
2026-05-21,39049256,2.722,2818.0841,37790142
2026-05-22,39071876,2.734,2836.7595,37867465
2026-05-23,39124712,2.704,2809.8531,37934359
2026-05-24,39143749,2.701,2810.9547,37980589
2026-05-25,39230694,2.712,2822.7235,37994049
2026-05-26,39258413,2.746,2865.1375,38078765
2026-05-27,39256349,2.817,2931.7509,37988590
2026-05-28,39247205,2.748,2861.2361,38006681
2026-05-29,39251847,2.713,2816.8086,37892506
2026-05-30,39250402,2.67,2776.2169,37958067
2026-05-31,39255940,2.72,2833.2181,38013561
